plant_id,name,type,latitude,longitude,nearest_river_node_id,snap_distance_m
WTW_node_253787391,Unnamed Facility (253787391),wastewater_plant,51.9549901,-1.2357858,NODE_452399.170000_228326.050000,497.13
WTW_node_262717923,Unnamed Facility (262717923),wastewater_plant,52.2548455,0.2905023,NODE_556238.630000_264409.050000,218.47
WTW_node_322837137,Unnamed Facility (322837137),wastewater_plant,52.0801783,1.2953309,NODE_625913.860000_247364.630000,183.29
WTW_node_342954170,Ferry Lane (Thelwall) Wastewater Pumping Station,wastewater_plant,53.3840298,-2.5255668,NODE_365072.610000_387895.430000,310.79
WTW_node_410656709,Slittercombe,wastewater_plant,50.6416993,-3.4704691,NODE_296272.540000_83604.100000,196.1
WTW_node_413719655,Unnamed Facility (413719655),wastewater_plant,51.8096913,1.0174852,NODE_607968.690000_216816.830000,221.4
WTW_node_426957005,Aldershot STW,wastewater_plant,51.2445559,-0.7375016,NODE_488483.320000_150593.560000,438.47
WTW_node_448707564,Pudsey Smalewell Water Treatment Works,wastewater_plant,53.7913106,-1.6859729,NODE_420896.280000_432665.090000,191.47
WTW_node_471970581,Ravensmoor Wastewater Pumping Station,wastewater_plant,53.0498265,-2.5710047,NODE_361737.190000_350501.390000,105.73
WTW_node_567999554,Unnamed Facility (567999554),wastewater_plant,50.841019,0.0191758,NODE_542343.950000_106899.770000,356.41
WTW_node_725598133,Unnamed Facility (725598133),water_works,51.8317325,-0.0613733,NODE_533788.030000_216339.440000,252.16
WTW_node_771800239,Scottish Water,wastewater_plant,56.1915385,-4.0745372,NODE_271410.550000_701822.210000,49.55
WTW_node_793804116,Lyme Grove wastewater pumping station,wastewater_plant,53.4120291,-2.0818597,NODE_394526.430000_390434.930000,195.39
WTW_node_929533723,Unnamed Facility (929533723),wastewater_plant,50.99463,-4.4902765,NODE_225293.600000_124175.390000,472.73
WTW_node_946304053,Partington Wastewater Trearment Works,wastewater_plant,53.4148021,-2.4446182,NODE_370252.360000_391123.150000,326.18
WTW_node_1026381275,DLC Site,wastewater_plant,54.4334963,-3.0369864,NODE_332926.190000_504613.330000,146.68
WTW_node_1125484586,Kirkhill Wastewater Treatment Plant,wastewater_plant,57.4749082,-4.3956487,NODE_256284.950000_845094.250000,237.96
WTW_node_1125484712,Unnamed Facility (1125484712),wastewater_plant,57.4720211,-4.3915081,NODE_256284.950000_845094.250000,420.37
WTW_node_1380919388,Elton River Lane terminal Pumping Station,water_works,52.5329624,-0.4025985,NODE_508385.770000_293968.170000,67.38
WTW_node_1417026076,Melbury,water_works,50.9583638,-4.2973936,NODE_238721.580000_120117.250000,63.68
WTW_node_1428838813,Brighouse Waste Water Treatment Works,wastewater_plant,53.6826173,-1.7330867,NODE_417609.790000_420616.360000,153.58
WTW_node_1519760998,Unnamed Facility (1519760998),water_works,55.6903766,-3.4448428,NODE_309120.550000_645183.210000,200.8
WTW_node_1673244436,Luckett sewage works,wastewater_plant,50.5409345,-4.2724846,NODE_239245.010000_73600.360000,202.08
WTW_node_1691210576,Baggs Mill River Flow Rate Station,water_works,50.6880965,-2.1243285,NODE_391199.690000_87771.390000,194.46
WTW_node_1701534438,Lake Lane Waste Water treatment,wastewater_plant,50.4539687,-4.4500369,NODE_226400.290000_64244.530000,298.01
WTW_node_1759004797,Avon Chapel Pill,water_works,51.4810201,-2.6542778,NODE_354851.690000_175842.560000,239.4
WTW_node_2011658437,Fleets Lane Distribution Site,water_works,50.7358016,-1.9867747,NODE_400812.370000_93075.950000,272.41
WTW_node_2321087337,"Pill Head, Pilning Pumping Station",water_works,51.5711574,-2.6515718,NODE_354614.150000_186310.000000,441.46
WTW_node_2321087368,Chestle Pill Outfall,water_works,51.5738358,-2.6562826,NODE_354614.150000_186310.000000,2.17
WTW_node_2392913443,Park North SPS,wastewater_plant,51.5627767,-1.7456759,NODE_418147.070000_184676.330000,481.21
WTW_node_2696832872,Unnamed Facility (2696832872),wastewater_plant,50.4960471,-4.1953046,NODE_244494.720000_68443.600000,148.25
WTW_node_2807541653,New Pill Outfall,water_works,51.544666,-2.6708806,NODE_353569.130000_183078.390000,4.8
WTW_node_2917842399,Water Treatment Works,water_works,56.223138,-5.0927402,NODE_208385.970000_707701.650000,33.42
WTW_node_2937263337,Unnamed Facility (2937263337),water_works,52.8267919,-4.1066547,NODE_258161.620000_327615.230000,63.15
WTW_node_3580662094,Ram Pump,water_works,53.1981308,-0.0203704,NODE_532279.180000_368637.410000,65.42
WTW_node_3770321340,Unnamed Facility (3770321340),wastewater_plant,50.2355486,-3.8074291,NODE_271315.360000_38708.100000,182.59
WTW_node_3772549500,Unnamed Facility (3772549500),water_works,50.2409687,-3.7688267,NODE_274125.070000_39521.670000,209.64
WTW_node_3813701988,Unnamed Facility (3813701988),water_works,55.9834031,-4.3190334,NODE_255710.400000_678802.450000,451.82
WTW_node_3935766528,Billy Kirkham Sluice,water_works,52.7830987,0.3714116,NODE_560122.220000_323400.920000,179.01
WTW_node_4005674656,Unnamed Facility (4005674656),water_works,57.398101,-5.8037308,NODE_171350.270000_840683.810000,237.46
WTW_node_4352533331,Pumping Station,water_works,52.0155707,-0.9631566,NODE_471315.350000_235734.150000,64.22
WTW_node_4693319021,Unnamed Facility (4693319021),water_works,51.7068489,-4.6961455,NODE_213663.440000_204659.610000,350.2
WTW_node_4773265430,Unnamed Facility (4773265430),water_works,50.6914072,-1.3098183,NODE_448785.560000_88168.340000,69.89
WTW_node_4774581421,Unnamed Facility (4774581421),water_works,50.69124,-1.3107324,NODE_448785.560000_88168.340000,14.09
WTW_node_5018005639,Keldhead Water Treatment Plant,wastewater_plant,54.2495035,-0.7932396,NODE_478408.600000_484049.240000,495.26
WTW_node_5111221085,Unnamed Facility (5111221085),water_works,50.7608645,-1.289417,NODE_450009.510000_96090.820000,254.96
WTW_node_5213164221,Unnamed Facility (5213164221),water_works,56.676214,-5.189305,NODE_204644.500000_757912.000000,469.09
WTW_node_5264212501,Unnamed Facility (5264212501),water_works,50.664584,-1.1767508,NODE_458300.060000_85278.380000,41.81
WTW_node_5264390167,Unnamed Facility (5264390167),water_works,50.6671503,-1.1845386,NODE_457922.260000_85527.520000,207.31
WTW_node_5264438865,Unnamed Facility (5264438865),water_works,50.6701389,-1.2085095,NODE_455972.290000_85847.520000,82.45
WTW_node_5437990693,Unnamed Facility (5437990693),water_works,50.6755435,-1.2857444,NODE_450605.000000_86396.640000,69.72
WTW_node_5468673920,Essex & Suffolk Waterworks,water_works,52.6940512,1.4899338,NODE_635931.470000_316028.440000,391.31
WTW_node_6018247899,Unnamed Facility (6018247899),wastewater_plant,51.7348568,-4.7069264,NODE_213344.280000_207687.400000,260.69
WTW_node_6071177182,Timbersbrook Wastewater Treatment Works,wastewater_plant,53.1622422,-2.1587892,NODE_389577.410000_362712.490000,131.1
WTW_node_6099201237,Filter Beds,wastewater_plant,50.641009,-1.2585354,NODE_452919.690000_82813.360000,433.76
WTW_node_6099201259,Unnamed Facility (6099201259),wastewater_plant,50.6159032,-1.2738521,NODE_451446.310000_79979.210000,151.33
WTW_node_6099201260,Unnamed Facility (6099201260),wastewater_plant,50.6160249,-1.2742209,NODE_451446.310000_79979.210000,136.23
WTW_node_6099201261,Filter Beds,wastewater_plant,50.6160709,-1.2739366,NODE_451446.310000_79979.210000,132.05
WTW_node_6130648523,Unnamed Facility (6130648523),water_works,50.6781296,-1.099754,NODE_463494.270000_87178.770000,360.85
WTW_node_6254279979,Mina Road CSO,water_works,51.4734127,-2.577513,NODE_359992.740000_175215.540000,118.49
WTW_node_6325527445,Monkton Mead Pumping Station,water_works,50.7310854,-1.1516577,NODE_459974.390000_92863.380000,133.98
WTW_node_7015781601,Unnamed Facility (7015781601),water_works,51.6147194,-2.9527785,NODE_334174.200000_191276.720000,197.84
WTW_node_7370076367,Unnamed Facility (7370076367),wastewater_plant,56.1413167,-3.3193034,NODE_318195.920000_695089.920000,80.14
WTW_node_8007463652,Fender Mine Water Treatment Scheme,wastewater_plant,53.2699587,-1.4498463,NODE_437273.790000_374970.470000,488.6
WTW_node_8199753983,Unnamed Facility (8199753983),wastewater_plant,58.8276943,-2.952871,NODE_344609.140000_993605.910000,493.87
WTW_node_8541035105,WW2 RAF Davidstow Water Pumping Station,water_works,50.6536445,-4.6134877,NODE_215199.810000_86999.500000,160.66
WTW_node_8541162436,WW2 RAF Davidstow Sewage Disposal,wastewater_plant,50.649177,-4.6212741,NODE_214836.340000_86473.060000,96.9
WTW_node_8664658608,Unnamed Facility (8664658608),water_works,50.7028454,-1.413787,NODE_441545.300000_89487.000000,93.02
WTW_node_8665209823,Sutton Courtenay Pumping Station,water_works,51.647677,-1.2536596,NODE_451373.490000_194771.410000,407.12
WTW_node_8749757716,Unnamed Facility (8749757716),wastewater_plant,53.4666939,-1.2782983,NODE_448003.810000_396984.160000,82.65
WTW_node_8806118829,Unnamed Facility (8806118829),water_works,53.7496584,-2.7184677,NODE_352832.970000_428361.010000,115.78
WTW_node_8989559733,Worthington Water Treatment Works,water_works,53.5874262,-2.6349002,NODE_358159.300000_410350.010000,114.93
WTW_node_9151162374,Unnamed Facility (9151162374),water_works,51.8189877,-0.1902738,NODE_524597.690000_214839.220000,249.18
WTW_node_9532470843,Cotton of Balgownie Wastewater Pumping Station,wastewater_plant,57.1774016,-2.0982222,NODE_394132.880000_809659.500000,44.33
WTW_node_9591588469,Unnamed Facility (9591588469),water_works,50.6257537,-1.2263972,NODE_454700.180000_80941.410000,116.95
WTW_node_9871856107,Unnamed Facility (9871856107),wastewater_plant,57.8864134,-4.0618317,NODE_277768.120000_890552.710000,157.15
WTW_node_9922290518,Colony Marsh pumping station,water_works,52.0551228,1.4727581,NODE_638189.090000_245316.240000,14.64
WTW_node_10203456712,Unnamed Facility (10203456712),wastewater_plant,58.5005047,-6.2719444,NODE_151304.040000_964735.810000,138.31
WTW_node_10601660437,Unnamed Facility (10601660437),water_works,51.6862985,-1.3611232,NODE_444342.440000_199005.410000,213.03
WTW_node_11172010626,Cappagh Browne,wastewater_plant,50.8515989,0.5217074,NODE_577579.330000_108848.560000,37.37
WTW_node_11913744000,Green Water Box,water_works,52.3398583,-3.8580561,NODE_273508.440000_272924.660000,8.55
WTW_node_11942785496,Water Treatment Plant,water_works,50.8519917,-2.949559,NODE_333335.660000_106106.160000,175.6
WTW_node_12102607579,Unnamed Facility (12102607579),water_works,51.2815264,-2.7703477,NODE_346282.060000_153838.030000,96.43
WTW_node_12138528443,Unnamed Facility (12138528443),water_works,51.6267932,-2.9698068,NODE_332548.440000_192476.400000,418.79
WTW_node_12239943422,Unnamed Facility (12239943422),water_works,51.5430252,0.0754894,NODE_543617.970000_184814.330000,414.1
WTW_node_12239943423,Unnamed Facility (12239943423),water_works,51.5428878,0.0747406,NODE_543617.970000_184814.330000,368.7
WTW_node_13571311056,Unnamed Facility (13571311056),water_works,53.1178265,-2.6707419,NODE_355353.420000_357783.700000,312.17
WTW_node_13588423288,Unnamed Facility (13588423288),wastewater_plant,51.2034599,-2.667194,NODE_353298.210000_144848.510000,336.19
WTW_node_13652794946,Atherfield drive waste water pumping station,wastewater_plant,51.1474195,0.8669884,NODE_600412.530000_142348.660000,319.52
WTW_node_13685514912,Unnamed Facility (13685514912),water_works,52.0570372,-0.710503,NODE_488168.730000_240939.210000,456.88
WTW_way_4707314,Yardley Hastings STW,wastewater_plant,52.2081918,-0.7323681,NODE_486521.060000_257346.860000,207.71
WTW_way_4732687,Ashford Wastewater Treatment Works,wastewater_plant,51.1534736,0.8890503,NODE_602174.750000_143674.920000,351.76
WTW_way_5110847,Long Reach Sewage Treatment Works,wastewater_plant,51.4678385,0.2353543,NODE_555546.320000_176673.170000,185.23
WTW_way_7917122,Newbridge Waste Water Treatment Works,wastewater_plant,55.9434272,-3.3992071,NODE_313133.280000_673359.100000,475.91
WTW_way_19802292,Pixham Sewage Treatment Works,wastewater_plant,51.2413378,-0.3155349,NODE_517433.780000_150807.020000,411.23
WTW_way_20198136,Godstone WTW,wastewater_plant,51.236415,-0.0452199,NODE_536334.580000_150648.410000,338.54
WTW_way_20203304,Shamley Green STW,wastewater_plant,51.1843102,-0.5407992,NODE_502199.750000_144002.440000,235.75
WTW_way_21150924,Warrington North Wastewater Treatment Works,wastewater_plant,53.3785108,-2.6276674,NODE_358217.420000_387404.070000,391.78
WTW_way_21384249,Woking Sewage Treatment Works,wastewater_plant,51.3070314,-0.5247609,NODE_503417.560000_157469.860000,489.68
WTW_way_21384960,Ripley STW,wastewater_plant,51.3035447,-0.5039347,NODE_504503.540000_157326.900000,246.27
WTW_way_22589785,Hornsey Water Treatment Works,water_works,51.5935172,-0.1180256,NODE_530613.250000_189739.920000,280.16
WTW_way_22780228,Unnamed Facility (22780228),wastewater_plant,55.7799731,-4.1341987,NODE_266138.140000_656519.380000,398.76
WTW_way_22916881,Edenbridge WTW,wastewater_plant,51.2043477,0.0785342,NODE_545269.000000_146825.940000,244.13
WTW_way_22973957,Salisbury Wastewater Plant,wastewater_plant,51.0577142,-1.773318,NODE_415861.920000_128637.230000,154.24
WTW_way_23002484,Horley (Surrey) WWTW,wastewater_plant,51.1782288,-0.1858335,NODE_526801.550000_143514.410000,190.68
WTW_way_23070525,Riverside Sewage Treatment Works,wastewater_plant,51.5183964,0.1811081,NODE_551875.560000_182219.310000,449.55
WTW_way_23071896,Calder Vale/STW,wastewater_plant,53.6777904,-1.480793,NODE_434360.180000_419845.100000,426.77
WTW_way_23322748,Blackburn Meadows Wastewater Treatment Works,wastewater_plant,53.421486,-1.4018815,NODE_440036.210000_391441.380000,402.6
WTW_way_23338349,Chickenhall Eastleigh WTW,wastewater_plant,50.9614871,-1.3377561,NODE_446808.840000_118346.140000,241.88
WTW_way_23432588,Middleton Stoney Wastewater Treatment Works,wastewater_plant,51.9086901,-1.2196176,NODE_453822.010000_223658.140000,47.56
WTW_way_23451418,Kempton Park Water Treatment Works,water_works,51.4269252,-0.4027671,NODE_510840.330000_170756.750000,373.35
WTW_way_23646219,Bedford Sewage Treatment Works,wastewater_plant,52.1337815,-0.4185853,NODE_508002.820000_249760.100000,386.72
WTW_way_23715347,Mill Green Sewage Treatment Works,wastewater_plant,51.7747326,-0.1977368,NODE_524022.760000_209823.800000,448.25
WTW_way_23762039,Lancaster (Stodday) STW,wastewater_plant,54.0235402,-2.8246826,NODE_345670.470000_459117.750000,441.06
WTW_way_25476377,Unnamed Facility (25476377),wastewater_plant,52.0294724,1.1330167,NODE_615228.130000_241562.060000,256.28
WTW_way_25919094,Pirbright (Hockford) STW,wastewater_plant,51.2788444,-0.6256128,NODE_496132.570000_154408.270000,274.57
WTW_way_26183247,Shalford Water Treatment Works,water_works,51.2211319,-0.5719737,NODE_499705.410000_148019.010000,205.14
WTW_way_26322965,Lingfield WTW,wastewater_plant,51.1875801,-0.0165355,NODE_538386.910000_145184.200000,362.16
WTW_way_26696774,Teversham STW,wastewater_plant,52.2022465,0.2076757,NODE_551087.560000_258019.780000,303.44
WTW_way_27231710,Kilbury Water Treatment Works,wastewater_plant,50.4792789,-3.7630754,NODE_274789.170000_66151.190000,352.74
WTW_way_27997362,Unnamed Facility (27997362),wastewater_plant,52.5791529,-1.1831859,NODE_455174.050000_298532.680000,401.12
WTW_way_28155359,Fringford STW,wastewater_plant,51.9566648,-1.1150804,NODE_461212.610000_228818.500000,387.63
WTW_way_28164376,Hurdcott STW,wastewater_plant,51.1026532,-1.7637894,NODE_416834.120000_133756.550000,201.12
WTW_way_28221565,Esholt Waste Water Treatment Works,wastewater_plant,53.857418,-1.7181742,NODE_418164.550000_440062.120000,482.13
WTW_way_28232921,Wishford,wastewater_plant,51.1024739,-1.878867,NODE_408699.380000_133983.270000,314.5
WTW_way_28249540,Croston Wastewater Treatment Works,wastewater_plant,53.6624496,-2.7884123,NODE_347637.180000_418764.950000,363.82
WTW_way_29183008,Burton-in-Lonsdale STW,wastewater_plant,54.1423357,-2.5369229,NODE_365461.530000_472029.660000,444.1
WTW_way_29874260,Toton STW,wastewater_plant,52.9003015,-1.2435655,NODE_450800.510000_333610.570000,354.65
WTW_way_30066167,Unnamed Facility (30066167),wastewater_plant,53.265844,-2.6483047,NODE_356962.180000_374463.610000,116.36
WTW_way_30075269,Unnamed Facility (30075269),wastewater_plant,54.0549335,-2.2949645,NODE_380948.740000_462186.190000,165.33
WTW_way_30140222,Southport (Bank End) STW,wastewater_plant,53.678887,-2.9558549,NODE_337052.260000_420930.140000,255.54
WTW_way_30340370,Wootton Wawen STW,wastewater_plant,52.2595233,-1.7824252,NODE_415031.570000_262444.990000,99.09
WTW_way_30768377,Unnamed Facility (30768377),wastewater_plant,53.4581191,-2.6992104,NODE_354104.790000_395873.800000,438.64
WTW_way_30801923,Unnamed Facility (30801923),wastewater_plant,53.3411048,-2.7772032,NODE_348497.320000_382625.150000,374.48
WTW_way_30831187,Mythe Treatment Works,water_works,52.0003017,-2.1615403,NODE_389306.790000_233328.610000,374.05
WTW_way_30931081,Unnamed Facility (30931081),wastewater_plant,53.4858111,-2.7211079,NODE_352408.260000_398576.580000,479.95
WTW_way_31258350,Unnamed Facility (31258350),wastewater_plant,54.0175077,-1.5376049,NODE_430473.810000_458295.410000,265.47
WTW_way_31317691,Coniston Waste Water Treatment Works,wastewater_plant,54.3647437,-3.0688597,NODE_330779.680000_496916.920000,230.86
WTW_way_31780027,Hillhouse Wastewater Treatment Works,wastewater_plant,53.5451879,-2.9831486,NODE_335017.640000_405957.550000,133.1
WTW_way_31799859,East Calder Waste Water Treatment Works,wastewater_plant,55.8981104,-3.4706509,NODE_307818.000000_668174.810000,319.66
WTW_way_32211627,Unnamed Facility (32211627),wastewater_plant,57.3648442,-2.0576478,NODE_396926.460000_830341.790000,329.59
WTW_way_32725402,Little Marlow WWTW,wastewater_plant,51.5782285,-0.7384522,NODE_487374.880000_187769.770000,442.64
WTW_way_32948390,Horwich Wastewater Treatment Works,wastewater_plant,53.5936034,-2.5709573,NODE_362133.410000_411015.870000,193.24
WTW_way_32949254,Rivington Water Treatment Works,water_works,53.605569,-2.5595681,NODE_363092.390000_412433.300000,178.54
WTW_way_33178002,Dereham-Rushmeadow Rd STW,wastewater_plant,52.6855487,0.9222379,NODE_597528.110000_313679.440000,121.29
WTW_way_33178014,Branscombe STW Branscombe,wastewater_plant,50.689202,-3.1258269,NODE_320494.130000_88379.950000,88.89
WTW_way_33286068,Sleet Beck WwTW,wastewater_plant,53.9583007,-2.4441829,NODE_371021.470000_451494.300000,84.23
WTW_way_33831292,Wilmslow WwTW,wastewater_plant,53.3380198,-2.2401756,NODE_383855.180000_382273.660000,268.0
WTW_way_34282459,Westfield Wastewater Treatment Works,wastewater_plant,50.9093685,0.5875267,NODE_581645.780000_115317.450000,369.76
WTW_way_34291554,Roud WTW,wastewater_plant,50.6158035,-1.2742265,NODE_451446.310000_79979.210000,160.85
WTW_way_34336489,Sunderland Bridge STW,wastewater_plant,54.7328754,-1.5916866,NODE_426120.860000_537320.320000,403.47
WTW_way_36186580,Manningtree Sewage Works,wastewater_plant,51.9494836,1.0518422,NODE_609571.030000_232169.050000,278.25
WTW_way_36363314,Eign Wastewater Treatment Works,wastewater_plant,52.0450589,-2.7006503,NODE_352021.440000_238403.100000,346.69
WTW_way_36933049,Mitchell Laithes Waste Water Treatment Works,wastewater_plant,53.6745903,-1.6060348,NODE_425670.200000_419709.460000,478.28
WTW_way_37631751,Merlins Bridge Wastewater Treatment Works,wastewater_plant,51.7932357,-4.9647732,NODE_195740.650000_214793.330000,158.87
WTW_way_37747360,Newthorpe (STW),wastewater_plant,52.9984572,-1.2919658,NODE_447671.140000_345004.770000,209.42
WTW_way_38146447,Northumbrian Water Treatment Compound,wastewater_plant,54.5692782,-1.2718228,NODE_447518.060000_519538.910000,342.89
WTW_way_38444533,Hailsham South Wastewater Treatment Works,wastewater_plant,50.8535929,0.2708782,NODE_560176.200000_108450.160000,238.52
WTW_way_38912680,Abingdon Sewage Treatment Works,wastewater_plant,51.653788,-1.2877966,NODE_449183.080000_194972.960000,323.25
WTW_way_40147435,Marsh Mills Sewage Treatment Works,wastewater_plant,50.3888046,-4.0796467,NODE_252012.260000_56273.190000,278.3
WTW_way_40514296,Earlswood Sewage Treatment Works,wastewater_plant,51.2192762,-0.1766724,NODE_527339.000000_148533.450000,293.74
WTW_way_40945532,Nash Sewerage Treatment Works,wastewater_plant,51.5502619,-2.958533,NODE_333480.500000_184077.230000,219.29
WTW_way_41178618,Radford Waste Water Treatment Plant,wastewater_plant,50.3557869,-4.1056522,NODE_250625.230000_52659.850000,334.76
WTW_way_41201966,Torpoint STW,wastewater_plant,50.3666205,-4.2297305,NODE_241129.220000_54010.250000,452.72
WTW_way_43012024,Burstow Wastewater Treatment Works,wastewater_plant,51.1785122,-0.1346443,NODE_530362.650000_143738.460000,132.25
WTW_way_43081973,Esher Sewage Treatment Works,wastewater_plant,51.3840039,-0.3721171,NODE_513340.400000_166565.130000,314.85
WTW_way_43635773,Chichester Wastewater Treatment Plant,wastewater_plant,50.8281458,-0.8059076,NODE_483930.560000_103747.050000,286.59
WTW_way_44152201,Sewage Works,wastewater_plant,50.9516276,-0.4887466,NODE_506467.900000_118026.210000,220.12
WTW_way_45235187,Cotton Valley Sewage Works,wastewater_plant,52.0580668,-0.7091771,NODE_488168.730000_240939.210000,468.52
WTW_way_46626976,Stapleford Sewage Treatment Works,wastewater_plant,52.918328,-1.2763648,NODE_448274.940000_335934.540000,479.36
WTW_way_46785196,Beverley Waste Water Treatment Works,wastewater_plant,53.8378439,-0.4035713,NODE_505201.310000_439075.370000,78.72
WTW_way_47074033,Llangoed (Anglesey) WwTW,wastewater_plant,53.2930044,-4.0814218,NODE_261274.120000_379343.040000,91.75
WTW_way_47130030,Maidenhead Sewage Treatment Works,wastewater_plant,51.5152515,-0.7137746,NODE_489446.750000_180683.130000,323.29
WTW_way_47130119,Bron Ogwen SPS CSO,wastewater_plant,53.1849141,-4.0787084,NODE_261204.220000_367400.160000,71.24
WTW_way_48363516,Madeley Sewage Treatment Works,wastewater_plant,53.0031733,-2.3447449,NODE_377235.480000_344912.270000,361.38
WTW_way_48834466,Unnamed Facility (48834466),wastewater_plant,50.766684,-1.8799652,NODE_408726.510000_96168.060000,247.46
WTW_way_49202156,East Ogwell Waste Water Treatment Works,wastewater_plant,50.5243315,-3.6383376,NODE_284109.300000_70885.270000,253.12
WTW_way_49217376,North Bovey Waste Water Treatment Works,wastewater_plant,50.6399184,-3.7799287,NODE_274460.650000_83704.450000,230.89
WTW_way_49499350,Coleshill (STW),wastewater_plant,52.5201246,-1.7128269,NODE_419408.870000_291401.900000,173.56
WTW_way_49777899,Unnamed Facility (49777899),water_works,51.353055,-2.340778,NODE_376399.580000_161612.560000,34.32
WTW_way_49777900,Unnamed Facility (49777900),water_works,51.3536363,-2.3412586,NODE_376399.580000_161612.560000,90.89
WTW_way_50245282,Sewage Works,wastewater_plant,51.2665194,-0.737452,NODE_488154.940000_152869.320000,184.73
WTW_way_50825342,Bran Sands Sewage Treatment Works,wastewater_plant,54.6092642,-1.125102,NODE_456512.840000_523805.560000,346.99
WTW_way_51038631,Winsley WwTW,wastewater_plant,51.338375,-2.2916345,NODE_379414.840000_160021.460000,371.21
WTW_way_51179702,Box Wastewater Treament Works,wastewater_plant,51.4184067,-2.255933,NODE_382340.680000_168773.720000,89.24
WTW_way_51352860,Bovey Cross Water Treatment Works,water_works,50.6489809,-3.7789852,NODE_274428.440000_84361.420000,417.68
WTW_way_51818199,Whalley STW,wastewater_plant,53.8225372,-2.4245094,NODE_372083.470000_436214.440000,137.65
WTW_way_52047494,Arborfield Wastewater Treatment Works,wastewater_plant,51.4007223,-0.8965897,NODE_477084.520000_167281.510000,275.69
WTW_way_53353795,Billington STW,wastewater_plant,53.8211854,-2.435472,NODE_371478.840000_435948.170000,244.52
WTW_way_53747822,Unnamed Facility (53747822),wastewater_plant,53.8579844,-2.4110585,NODE_372569.090000_440274.810000,491.47
WTW_way_56117482,Maple Cross Sewage Treatment Works,wastewater_plant,51.6189189,-0.4993418,NODE_504238.280000_192216.110000,250.84
WTW_way_56464114,Selby Water Treatment Works,wastewater_plant,53.7741336,-1.0387937,NODE_463254.580000_430858.320000,474.55
WTW_way_57045780,Goole-Rawcliffe Water Treatment Works,wastewater_plant,53.6937034,-0.9511062,NODE_469774.560000_422291.140000,438.88
WTW_way_58476180,East Ham Water Treatment Works,water_works,51.5386465,0.0711562,NODE_543743.990000_184055.170000,171.59
WTW_way_59512076,Hambleton Sewage Treatment Works,wastewater_plant,53.776077,-1.1487532,NODE_456346.920000_431536.350000,192.18
WTW_way_59688794,Unnamed Facility (59688794),wastewater_plant,56.4337812,-4.7092324,NODE_233004.430000_730133.740000,41.21
WTW_way_59688864,Unnamed Facility (59688864),wastewater_plant,56.4336962,-4.7094087,NODE_233004.430000_730133.740000,30.45
WTW_way_60625656,Guildford Sewage Treatment Works,wastewater_plant,51.2552892,-0.5667105,NODE_500455.470000_151879.640000,406.19
WTW_way_60677402,Avon Dassett Sewage Treatment Works,wastewater_plant,52.1413105,-1.4082841,NODE_440341.990000_249481.620000,265.86
WTW_way_62004228,Godalming Sewage Treatment Works,wastewater_plant,51.1991933,-0.5757782,NODE_499286.300000_145542.730000,346.2
WTW_way_63455501,Ashlett Creek Fawley WTW,wastewater_plant,50.8253281,-1.3400316,NODE_446628.800000_103280.140000,211.88
WTW_way_67803300,Unnamed Facility (67803300),water_works,53.7116982,-2.2015575,NODE_386652.280000_423905.000000,145.27
WTW_way_67803301,Unnamed Facility (67803301),water_works,53.7120697,-2.200742,NODE_386652.280000_423905.000000,208.89
WTW_way_67803302,Unnamed Facility (67803302),water_works,53.7122538,-2.2013964,NODE_386652.280000_423905.000000,179.04
WTW_way_68579476,Ascot Sewage Treatment Works,wastewater_plant,51.4056437,-0.7180779,NODE_488955.500000_168229.040000,309.93
WTW_way_69079349,Wrestlingworth STW,wastewater_plant,52.1042552,-0.1687175,NODE_525838.040000_247030.800000,471.57
WTW_way_70461894,Fobney Water Treatment Works,water_works,51.4350448,-0.9856378,NODE_470605.690000_171072.920000,86.45
WTW_way_75766009,Unnamed Facility (75766009),wastewater_plant,51.9273596,-0.6706107,NODE_491289.010000_226372.130000,244.75
WTW_way_78283578,Unnamed Facility (78283578),water_works,51.3921632,-2.4104767,NODE_371706.900000_165719.500000,314.01
WTW_way_83804414,Unnamed Facility (83804414),wastewater_plant,50.9817326,-0.6929939,NODE_491988.400000_121043.900000,146.92
WTW_way_83822593,Countess Wear Sewage Treatment Works,wastewater_plant,50.6911009,-3.4904671,NODE_294790.670000_89267.230000,268.35
WTW_way_87512763,Stanley Sewage Treatment Works,wastewater_plant,53.7091791,-1.4675376,NODE_435090.880000_424044.470000,315.08
WTW_way_87599598,Barkershaugh sewage treatment works,wastewater_plant,54.7835417,-1.5682095,NODE_428120.130000_543408.420000,288.61
WTW_way_87786305,Haslemere STW,wastewater_plant,51.0851776,-0.7459128,NODE_488111.400000_132540.660000,180.17
WTW_way_88946357,Unnamed Facility (88946357),wastewater_plant,57.331932,-4.4658459,NODE_251725.540000_829801.230000,295.79
WTW_way_89403729,Cog Moors Wastewater Treatment Works,wastewater_plant,51.4190453,-3.2086165,NODE_316098.150000_169397.010000,193.66
WTW_way_89632774,Alnmouth WwTW,wastewater_plant,55.3963189,-1.6210194,NODE_423834.880000_611589.870000,307.65
WTW_way_90200650,Chapmore End Wastewater Treatment Works,wastewater_plant,51.8336934,-0.067809,NODE_533204.200000_216705.920000,71.85
WTW_way_90264046,Unnamed Facility (90264046),wastewater_plant,57.099332,-2.615392,NODE_362707.760000_801029.050000,126.95
WTW_way_90547675,Unnamed Facility (90547675),wastewater_plant,53.736585,-1.2961984,NODE_446768.360000_427185.280000,363.7
WTW_way_90610806,Unnamed Facility (90610806),wastewater_plant,54.5371217,-1.073986,NODE_460003.650000_516384.840000,231.03
WTW_way_91004051,Unnamed Facility (91004051),wastewater_plant,51.1051826,0.9791886,NODE_608608.620000_138113.110000,105.95
WTW_way_91007217,Canterbury WTW,wastewater_plant,51.2959034,1.1085291,NODE_616623.480000_159888.160000,214.27
WTW_way_91082445,Unnamed Facility (91082445),wastewater_plant,50.9781119,0.0234575,NODE_542465.830000_122118.010000,448.67
WTW_way_91087977,Unnamed Facility (91087977),wastewater_plant,50.8942072,0.4392428,NODE_571658.710000_113546.420000,188.33
WTW_way_91220190,Unnamed Facility (91220190),wastewater_plant,52.3140526,-2.0605478,NODE_395865.190000_268185.770000,273.18
WTW_way_91293458,Unnamed Facility (91293458),wastewater_plant,51.308751,0.4661276,NODE_571783.120000_159817.880000,364.7
WTW_way_91874701,Leeds WTW,wastewater_plant,51.2522438,0.6111943,NODE_582354.310000_154062.630000,483.52
WTW_way_91888161,Ben Rhydding Wastewater Treatment Plant,wastewater_plant,53.9236191,-1.7812615,NODE_414653.230000_447548.630000,192.86
WTW_way_92024699,Whitewall Creek WTW,wastewater_plant,51.4029758,0.5164107,NODE_575206.000000_169894.900000,227.98
WTW_way_92140318,Peel Green,wastewater_plant,53.4722497,-2.3665513,NODE_375342.400000_397533.030000,465.81
WTW_way_92438306,Alloa Wastewater Treatment Works,wastewater_plant,56.1060263,-3.7919517,NODE_288650.920000_691711.210000,98.73
WTW_way_92655471,Saxilby STW,wastewater_plant,53.2638237,-0.6723764,NODE_488522.550000_375224.360000,338.31
WTW_way_92749474,Budds Farm Havant WTW,wastewater_plant,50.8438594,-0.9959439,NODE_470420.740000_105472.440000,372.01
WTW_way_92877464,Sewage Treatment Works,wastewater_plant,52.0162255,-0.4886048,NODE_503661.210000_236523.170000,205.49
WTW_way_92877866,Driffield Waste Water Treatment Works,wastewater_plant,53.9982194,-0.4306368,NODE_502897.080000_456635.590000,309.56
WTW_way_92890766,Eastry STW,wastewater_plant,51.250687,1.3220944,NODE_632064.390000_155371.800000,144.88
WTW_way_93461863,Sudbury STW,wastewater_plant,52.0378558,0.7124678,NODE_586294.410000_241075.660000,192.04
WTW_way_93474682,Sutton Valence WTW,wastewater_plant,51.2039258,0.5886213,NODE_581236.830000_147965.410000,357.92
WTW_way_93641250,Rye Wastewater Treatment Works,wastewater_plant,50.9451739,0.7444921,NODE_593172.030000_119801.730000,281.45
WTW_way_93646482,Malvern (STW),wastewater_plant,52.1012936,-2.2945915,NODE_379789.900000_244615.580000,235.14
WTW_way_93871983,Somersham STW (Cambs),wastewater_plant,52.3769468,0.0032503,NODE_536181.540000_277391.930000,286.06
WTW_way_93916811,Unnamed Facility (93916811),wastewater_plant,54.6378609,-1.2371125,NODE_449418.570000_526769.670000,474.03
WTW_way_94357807,Unnamed Facility (94357807),wastewater_plant,56.0417817,-3.5097011,NODE_305917.340000_684072.220000,210.61
WTW_way_94411272,Unnamed Facility (94411272),wastewater_plant,51.2252806,0.7256657,NODE_590467.630000_151331.050000,461.07
WTW_way_94427665,East Peckham WTW,wastewater_plant,51.216261,0.4032942,NODE_568199.020000_149011.380000,267.24
WTW_way_94555157,Llanerchymedd Sewage Works,wastewater_plant,53.3328126,-4.3783819,NODE_241419.820000_384641.510000,385.14
WTW_way_94725859,Kincardine Wastewater Treatment Works,wastewater_plant,56.0645011,-3.7191563,NODE_292669.290000_687359.400000,483.75
WTW_way_94746282,Penshurst Sewage Works,wastewater_plant,51.1735815,0.1897848,NODE_552979.190000_143905.960000,197.1
WTW_way_94747658,Bidborough WTW,wastewater_plant,51.160558,0.2312708,NODE_555851.360000_142519.620000,265.97
WTW_way_94748368,Speldhurst WTW,wastewater_plant,51.1562177,0.2233128,NODE_555361.900000_142169.220000,264.95
WTW_way_94783343,Tunbridge Wells North Wastewater Treatment Works,wastewater_plant,51.1581737,0.2902234,NODE_560214.710000_142710.750000,338.93
WTW_way_94810627,Pembury WTW,wastewater_plant,51.1593966,0.3482848,NODE_564472.610000_142661.740000,171.8
WTW_way_95098791,Unnamed Facility (95098791),wastewater_plant,51.1387232,0.4588715,NODE_572415.140000_140674.980000,315.11
WTW_way_95132225,Great Glen STW,wastewater_plant,52.5446352,-1.031976,NODE_465855.130000_295010.850000,498.56
WTW_way_95140154,Unnamed Facility (95140154),wastewater_plant,51.0445814,0.4283387,NODE_570349.500000_129935.470000,121.13
WTW_way_95392407,Unnamed Facility (95392407),wastewater_plant,51.0364964,0.5220426,NODE_576705.020000_129469.030000,234.19
WTW_way_95550607,Tenterden Wastewater Treatment Plant,wastewater_plant,51.0614534,0.6635701,NODE_586589.260000_132617.880000,192.15
WTW_way_95563672,Daventry STW,wastewater_plant,52.2803634,-1.0930671,NODE_462319.230000_265309.340000,420.82
WTW_way_95566730,Benenden WTW,wastewater_plant,51.0716781,0.5939671,NODE_581979.010000_133362.510000,184.33
WTW_way_95736945,Bishops Waltham Water Treatment Works,wastewater_plant,50.9421998,-1.2298353,NODE_454139.540000_115978.410000,179.53
WTW_way_95810340,Unnamed Facility (95810340),wastewater_plant,51.1183522,0.6387008,NODE_584729.140000_138347.120000,417.49
WTW_way_95811504,Skegby (STW),wastewater_plant,53.1488155,-1.2595324,NODE_449334.820000_361941.800000,483.85
WTW_way_95817330,Sutton in Ashfield Water Treatment Works,wastewater_plant,53.1291231,-1.2371994,NODE_451296.820000_359294.440000,179.28
WTW_way_95921913,Kingston Water Treatment Plant,wastewater_plant,53.4520452,-2.0945835,NODE_393769.420000_395181.160000,154.24
WTW_way_95927394,Eden Vale East Grinstead WTW,wastewater_plant,51.1412348,-0.0107744,NODE_539521.690000_139864.050000,270.34
WTW_way_96578062,Unnamed Facility (96578062),wastewater_plant,55.983725,-3.6257075,NODE_298618.990000_678092.160000,155.95
WTW_way_96580724,Unnamed Facility (96580724),water_works,52.3099167,-0.622002,NODE_494404.400000_269130.350000,445.99
WTW_way_96580725,Unnamed Facility (96580725),water_works,52.3110365,-0.6230144,NODE_494404.400000_269130.350000,454.8
WTW_way_96580726,Unnamed Facility (96580726),water_works,52.3104977,-0.6209275,NODE_494404.400000_269130.350000,349.18
WTW_way_96580727,Unnamed Facility (96580727),water_works,52.3098656,-0.6227018,NODE_494404.400000_269130.350000,489.02
WTW_way_96580730,Unnamed Facility (96580730),water_works,52.3104519,-0.6214241,NODE_494404.400000_269130.350000,380.7
WTW_way_96580740,Unnamed Facility (96580740),water_works,52.3107957,-0.6210081,NODE_494404.400000_269130.350000,337.34
WTW_way_96580747,Unnamed Facility (96580747),water_works,52.31075,-0.6215047,NODE_494404.400000_269130.350000,369.9
WTW_way_96581037,Unnamed Facility (96581037),water_works,52.3112258,-0.6204293,NODE_494404.400000_269130.350000,281.33
WTW_way_96581040,Unnamed Facility (96581040),water_works,52.3112817,-0.6215583,NODE_494404.400000_269130.350000,351.86
WTW_way_96581043,Unnamed Facility (96581043),water_works,52.3113202,-0.6211525,NODE_494404.400000_269130.350000,324.16
WTW_way_96581045,Unnamed Facility (96581045),water_works,52.3112643,-0.6200235,NODE_494404.400000_269130.350000,254.21
WTW_way_96581049,Unnamed Facility (96581049),water_works,52.3115368,-0.6216226,NODE_494404.400000_269130.350000,349.06
WTW_way_96581050,Unnamed Facility (96581050),water_works,52.3114809,-0.6204936,NODE_494404.400000_269130.350000,275.97
WTW_way_96581052,Unnamed Facility (96581052),water_works,52.3115195,-0.6200878,NODE_494404.400000_269130.350000,248.26
WTW_way_96581054,Unnamed Facility (96581054),water_works,52.3092864,-0.6206852,NODE_494404.400000_269130.350000,425.94
WTW_way_96581056,Unnamed Facility (96581056),water_works,52.3115753,-0.6212168,NODE_494404.400000_269130.350000,321.11
WTW_way_96581058,Unnamed Facility (96581058),water_works,52.3095336,-0.6207464,NODE_494404.400000_269130.350000,408.34
WTW_way_96581060,Unnamed Facility (96581060),water_works,52.3092484,-0.6210776,NODE_494404.400000_269130.350000,446.92
WTW_way_96581596,Unnamed Facility (96581596),water_works,52.3110636,-0.6211781,NODE_494404.400000_269130.350000,335.42
WTW_way_96581598,Unnamed Facility (96581598),water_works,52.3112706,-0.6222723,NODE_494404.400000_269130.350000,399.05
WTW_way_96581606,Unnamed Facility (96581606),water_works,52.310076,-0.6208936,NODE_494404.400000_269130.350000,374.77
WTW_way_96581608,Unnamed Facility (96581608),water_works,52.3119852,-0.6215592,NODE_494404.400000_269130.350000,337.84
WTW_way_96581610,Unnamed Facility (96581610),water_works,52.3100462,-0.6213955,NODE_494404.400000_269130.350000,403.93
WTW_way_96581611,Unnamed Facility (96581611),water_works,52.3098645,-0.6210575,NODE_494404.400000_269130.350000,398.4
WTW_way_96644386,Stoke Water Treatment Works,wastewater_plant,51.4472321,0.6443922,NODE_583881.580000_175174.190000,171.81
WTW_way_96704458,Effluent Plant,wastewater_plant,51.2559419,1.0232142,NODE_611397.520000_155167.480000,357.09
WTW_way_96704459,Unnamed Facility (96704459),wastewater_plant,51.2587596,1.0334972,NODE_611404.340000_155249.920000,395.27
WTW_way_97017597,Kiltarlity Wastewater Treatment Plant,wastewater_plant,57.4433703,-4.4907405,NODE_250482.610000_841746.530000,257.47
WTW_way_97411437,Aboyne Wastewater Treatment Plant,wastewater_plant,57.0723536,-2.7564959,NODE_353879.840000_798021.230000,386.67
WTW_way_97425024,Harrietsham WTW,wastewater_plant,51.2369917,0.6750531,NODE_586496.560000_152115.490000,345.52
WTW_way_97442580,Stoney Stanton (STW),wastewater_plant,52.5523238,-1.2621607,NODE_450455.350000_294832.400000,491.19
WTW_way_97557539,Blackminster (STW),wastewater_plant,52.1011137,-1.9033263,NODE_406684.820000_244329.620000,427.82
WTW_way_97559175,Abergarwed WwTW,wastewater_plant,51.705759,-3.7144176,NODE_281728.400000_202118.410000,109.34
WTW_way_97724943,Cynon Waste Water Treatment Works,wastewater_plant,51.6287485,-3.329572,NODE_308079.650000_192872.440000,180.03
WTW_way_98171656,Unnamed Facility (98171656),wastewater_plant,51.0485164,-0.2856931,NODE_520285.370000_129427.900000,345.3
WTW_way_98188669,Unnamed Facility (98188669),wastewater_plant,51.040695,-0.1273475,NODE_531487.860000_128379.330000,148.98
WTW_way_98351296,Unnamed Facility (98351296),wastewater_plant,57.5322412,-3.1952944,NODE_328603.210000_850046.180000,302.43
WTW_way_98352312,Waste Water Works,wastewater_plant,52.323284,-0.1490245,NODE_526394.740000_271494.470000,443.87
WTW_way_98802575,Meres Farm Mayfield WTW,wastewater_plant,51.0054177,0.250262,NODE_558091.140000_125151.760000,191.79
WTW_way_98941452,Frant WTW,wastewater_plant,51.0796945,0.2848942,NODE_560127.270000_133594.930000,44.67
WTW_way_99018836,Redgate Mill Crowborough Wastewater Treatment Works,wastewater_plant,51.0672038,0.2150592,NODE_555314.510000_132283.280000,186.82
WTW_way_99239092,Unnamed Facility (99239092),wastewater_plant,50.9926645,0.1293646,NODE_549350.910000_123605.300000,183.08
WTW_way_99313893,Uckfield Waste Water Treatment Plant,wastewater_plant,50.9652101,0.0849144,NODE_546097.430000_120470.570000,402.24
WTW_way_99314938,Hartfield WTW,wastewater_plant,51.1051878,0.1167175,NODE_548393.830000_136195.790000,133.62
WTW_way_99592731,Killearn Waste Water Treatment Works,wastewater_plant,56.0298425,-4.3819893,NODE_251729.860000_684364.290000,102.65
WTW_way_99614189,Holly Green Sewage Treatment Works,wastewater_plant,52.0708803,-2.2096827,NODE_385506.100000_241255.870000,266.79
WTW_way_100100135,Unnamed Facility (100100135),wastewater_plant,54.5210984,-1.4259941,NODE_437452.090000_514471.670000,396.27
WTW_way_100261372,Ilkley Waste Water Treatment Plant,wastewater_plant,53.9309226,-1.8112448,NODE_412732.780000_448403.130000,253.44
WTW_way_100477237,Charlbury Wastewater Treatment Works,wastewater_plant,51.869711,-1.4872045,NODE_435355.030000_219277.300000,146.8
WTW_way_100506696,Unnamed Facility (100506696),water_works,53.3779993,-1.573507,NODE_428545.900000_386757.550000,141.44
WTW_way_100506698,Unnamed Facility (100506698),water_works,53.3776014,-1.573558,NODE_428545.900000_386757.550000,109.1
WTW_way_100506710,Unnamed Facility (100506710),water_works,53.3777111,-1.5725727,NODE_428545.900000_386757.550000,88.53
WTW_way_100506717,Yorkshire Water Rivelin WTW,water_works,53.3782697,-1.5719802,NODE_428545.900000_386757.550000,151.91
WTW_way_100528743,Saltford Water Recycling Centre,wastewater_plant,51.4133887,-2.4448473,NODE_369454.450000_168062.980000,417.1
WTW_way_100543599,Weir Wood Treatment Works,water_works,51.1014432,0.0089105,NODE_540680.130000_135165.350000,332.37
WTW_way_101415986,Chatton STW,wastewater_plant,55.5516957,-1.9098013,NODE_405958.630000_628990.990000,362.73
WTW_way_101713468,Lletty Brongu (nr Maesteg) Waste Water Treatment Works,wastewater_plant,51.5811454,-3.6203349,NODE_287898.390000_188255.680000,116.55
WTW_way_101714249,Bridgend Paper Mill Wastewater Treatment Works,wastewater_plant,51.5720821,-3.614738,NODE_288064.450000_187112.060000,131.85
WTW_way_102191612,Morpeth STW,wastewater_plant,55.1690786,-1.6757383,NODE_420593.630000_586383.800000,298.36
WTW_way_102274659,Kendal Waste Water Treatment Works,wastewater_plant,54.3108668,-2.7457388,NODE_351761.990000_490904.450000,193.65
WTW_way_102953542,Daldowie Sewage Works,wastewater_plant,55.8335718,-4.1239342,NODE_267158.730000_662236.880000,180.41
WTW_way_103026578,West Stow Sewage Treatment Works,wastewater_plant,52.3059055,0.6546829,NODE_581203.960000_270626.570000,251.66
WTW_way_103056283,Nutley WTW,wastewater_plant,51.0392513,0.0531067,NODE_543735.830000_128867.330000,364.96
WTW_way_103078488,Milborne Port Sewage Works,wastewater_plant,50.9546338,-2.4523706,NODE_367852.380000_117235.470000,481.68
WTW_way_103126532,Danehill WTW,wastewater_plant,51.0285466,0.0063576,NODE_540852.680000_127445.010000,89.28
WTW_way_103574523,Tilbury Sewage Treatment Works,wastewater_plant,51.4557258,0.3811931,NODE_565311.840000_175634.230000,223.73
WTW_way_103960214,Blashford Lakes Water Treatment Works,water_works,50.8724904,-1.7837385,NODE_415454.020000_108379.310000,283.66
WTW_way_104028804,Foxton STW (Cambs),wastewater_plant,52.1226498,0.045653,NODE_539979.110000_249474.280000,389.95
WTW_way_104062292,Scaynes Hill WTW,wastewater_plant,51.0027864,-0.0365969,NODE_537759.030000_124679.870000,263.93
WTW_way_104211430,Burton Coggles STW,wastewater_plant,52.821364,-0.5446665,NODE_498178.010000_325869.100000,14.18
WTW_way_104570348,Parc Y Splott WwTW,wastewater_plant,51.8358154,-4.3270741,NODE_240158.570000_217799.770000,393.26
WTW_way_104742563,Unnamed Facility (104742563),wastewater_plant,53.8015476,-1.8863596,NODE_407766.540000_434027.560000,212.89
WTW_way_104799107,Colchester Sewage Treatment Works,wastewater_plant,51.8731607,0.9340713,NODE_602164.750000_223834.950000,379.41
WTW_way_104859153,Unnamed Facility (104859153),wastewater_plant,50.8954685,-0.3151879,NODE_518292.900000_111857.720000,330.88
WTW_way_104969463,Unnamed Facility (104969463),wastewater_plant,50.9282769,0.7048758,NODE_590380.200000_117891.250000,222.77
WTW_way_105020186,Unnamed Facility (105020186),wastewater_plant,51.0657992,0.8515073,NODE_599670.830000_133646.990000,277.37
WTW_way_105466335,Peebles Waste Water Treatment Works,wastewater_plant,55.6464074,-3.1603563,NODE_327064.660000_639784.330000,34.04
WTW_way_105613231,Newhaven Wastewater Treatment Works,wastewater_plant,50.7877004,0.0603342,NODE_545298.210000_100634.810000,74.48
WTW_way_105969465,Unnamed Facility (105969465),wastewater_plant,54.3071474,-2.1943858,NODE_387335.580000_490278.020000,145.4
WTW_way_106318215,Therfield Wastewater Treatment Works,wastewater_plant,51.9951784,-0.0462761,NODE_534337.030000_235049.910000,298.37
WTW_way_106824783,Haltwhistle STW,wastewater_plant,54.967885,-2.4450459,NODE_371315.090000_563500.020000,407.88
WTW_way_107127471,Derby Sewage Works,wastewater_plant,52.9096284,-1.4196832,NODE_438673.840000_334900.600000,454.15
WTW_way_107201807,Unnamed Facility (107201807),wastewater_plant,52.3371614,1.5091599,NODE_639316.760000_276854.070000,168.48
WTW_way_107531571,Unnamed Facility (107531571),wastewater_plant,51.0394673,-0.0949124,NODE_533590.770000_128510.810000,125.34
WTW_way_107606254,Findern STW,wastewater_plant,52.8684187,-1.5314081,NODE_431702.920000_329836.190000,374.23
WTW_way_108375330,Unnamed Facility (108375330),wastewater_plant,52.2191724,1.190485,NODE_617643.860000_262773.430000,398.0
WTW_way_108937772,Unnamed Facility (108937772),wastewater_plant,53.470337,-1.1351482,NODE_457374.780000_397868.250000,474.33
WTW_way_109294914,Stonham Aspal STW,wastewater_plant,52.1930628,1.1120881,NODE_612957.890000_259748.390000,257.53
WTW_way_109696447,Unnamed Facility (109696447),wastewater_plant,52.0583525,1.1056902,NODE_612746.930000_244939.940000,470.53
WTW_way_109697952,Unnamed Facility (109697952),wastewater_plant,52.0900665,-2.5199502,NODE_364473.990000_243672.770000,22.01
WTW_way_110130893,Unnamed Facility (110130893),water_works,56.2528115,-4.5778899,NODE_240619.410000_709972.690000,366.03
WTW_way_110304473,Milnhay - Heanor (STW),wastewater_plant,53.0130251,-1.321099,NODE_445773.360000_346451.310000,136.02
WTW_way_110603543,Unnamed Facility (110603543),wastewater_plant,52.205252,-1.972939,NODE_402069.680000_255944.580000,409.79
WTW_way_110890305,Stratford - Milcote Sewage Treatment Works,wastewater_plant,52.1739981,-1.7353665,NODE_418264.150000_253354.380000,468.4
WTW_way_111507136,Little Wratting Processing Plant,wastewater_plant,52.0999271,0.480556,NODE_569951.620000_247682.760000,167.66
WTW_way_111507766,Wargrave Sewage Treatment Works,wastewater_plant,51.4886374,-0.8795799,NODE_477620.040000_177328.030000,285.75
WTW_way_111682627,Llangennech Waste Water Treatment Works,wastewater_plant,51.689522,-4.0734952,NODE_256644.030000_201144.510000,186.09
WTW_way_112052094,Gt Whelnetham STW,wastewater_plant,52.208386,0.7454819,NODE_587763.690000_260480.420000,257.47
WTW_way_112509484,Unnamed Facility (112509484),wastewater_plant,52.3468527,1.0155093,NODE_605101.720000_276662.480000,489.02
WTW_way_112664286,Kinmel Bay Wastewater Treatment Works,wastewater_plant,53.2939572,-3.5211694,NODE_298892.610000_378672.330000,239.49
WTW_way_113465848,Oxenhope Wastewater Treatment Plant,wastewater_plant,53.8172771,-1.9481474,NODE_403679.700000_435789.330000,208.44
WTW_way_113588649,Unnamed Facility (113588649),wastewater_plant,52.202999,-0.0455055,NODE_534084.590000_257726.900000,450.88
WTW_way_113743952,Unnamed Facility (113743952),wastewater_plant,52.1533008,1.0606177,NODE_609320.710000_255073.550000,180.95
WTW_way_113752519,Unnamed Facility (113752519),wastewater_plant,52.249379,-0.8023349,NODE_482062.380000_261864.550000,209.91
WTW_way_113839648,Pen-Y-Bont (Merthyr Mawr) WwTW,wastewater_plant,51.4783434,-3.6207444,NODE_287617.540000_176539.400000,207.16
WTW_way_113874074,St Neots STW,wastewater_plant,52.2429232,-0.2539621,NODE_519427.510000_262164.330000,234.5
WTW_way_114272494,Levenmouth Wastewater Treatment Works,wastewater_plant,56.1925737,-3.0108117,NODE_337118.700000_700491.320000,253.68
WTW_way_114430133,Unnamed Facility (114430133),wastewater_plant,53.4224511,-1.3983497,NODE_440036.210000_391441.380000,466.45
WTW_way_114600327,Unnamed Facility (114600327),wastewater_plant,52.365681,-0.4226108,NODE_507590.870000_275341.200000,91.65
WTW_way_114946662,Chilbolton Wastewater Plant,wastewater_plant,51.1510677,-1.446659,NODE_438661.760000_139604.020000,392.6
WTW_way_114947383,Fullerton Wastewater Treatment Plant,wastewater_plant,51.1714686,-1.4746535,NODE_436513.440000_141470.190000,311.16
WTW_way_115305276,Unnamed Facility (115305276),water_works,53.3619316,-0.0226051,NODE_531745.140000_387049.600000,231.95
WTW_way_116328377,Heacham STW,wastewater_plant,52.898032,0.4777202,NODE_566307.180000_336138.430000,471.16
WTW_way_116508908,Unnamed Facility (116508908),wastewater_plant,55.8624486,-4.4198048,NODE_248504.290000_666097.250000,248.6
WTW_way_116661067,Unnamed Facility (116661067),wastewater_plant,57.5932086,-3.8472238,NODE_289727.270000_857243.300000,177.05
WTW_way_116701583,Unnamed Facility (116701583),water_works,51.3014028,-2.408275,NODE_371580.820000_155851.600000,64.16
WTW_way_116949304,Unnamed Facility (116949304),wastewater_plant,55.3046129,-1.8901598,NODE_407004.710000_601423.640000,258.99
WTW_way_117253962,Unnamed Facility (117253962),water_works,52.7285515,-1.1760149,NODE_455609.550000_315089.340000,263.47
WTW_way_117402455,Gosforth WwTW,wastewater_plant,54.4153843,-3.428209,NODE_307188.660000_502811.970000,409.94
WTW_way_117527200,Chorley Sewage Treatment Works,wastewater_plant,53.6531104,-2.6578963,NODE_356291.370000_417285.070000,451.26
WTW_way_117768895,Unnamed Facility (117768895),wastewater_plant,54.5057061,-3.5256945,NODE_301704.240000_513400.230000,403.13
WTW_way_117892622,Unnamed Facility (117892622),water_works,57.4936345,-3.881028,NODE_287639.730000_846193.650000,345.58
WTW_way_117965780,Unnamed Facility (117965780),wastewater_plant,52.0464644,1.0396272,NODE_608576.600000_242951.710000,92.64
WTW_way_117971034,Roberton Water Treatment Works,water_works,55.4259622,-2.9055324,NODE_343093.020000_614917.250000,331.86
WTW_way_117971086,Daer Water Treatment Works,water_works,55.3661851,-3.6164591,NODE_297825.580000_609133.694300,199.85
WTW_way_118011039,Marston Moretaine Sewage Treatment Works,wastewater_plant,52.067036,-0.5378779,NODE_500471.770000_241948.950000,152.03
WTW_way_118072380,Camphill Water Treatment Works,water_works,55.7506621,-4.7461193,NODE_227651.620000_654084.300000,170.49
WTW_way_118191862,Invercannie Water Treatment Works,water_works,57.0578592,-2.555471,NODE_366475.350000_796180.340000,278.35
WTW_way_118219457,North Walsham Sewage Treatment Works,wastewater_plant,52.8254168,1.406738,NODE_629797.970000_330736.040000,184.24
WTW_way_118343762,Unnamed Facility (118343762),wastewater_plant,53.9057971,-1.6404215,NODE_423820.500000_445593.400000,100.53
WTW_way_118375057,Ponthir Wastewater Treatment Works,wastewater_plant,51.6285842,-2.9638637,NODE_333523.120000_192634.590000,143.25
WTW_way_118516924,WWTS,wastewater_plant,55.8239349,-3.6923117,NODE_293779.500000_660150.430000,316.03
WTW_way_119665641,Unnamed Facility (119665641),wastewater_plant,52.0966837,0.8789845,NODE_597685.330000_247957.400000,441.13
WTW_way_119883443,Reepham STW (Norfolk),wastewater_plant,52.7608315,1.1175816,NODE_610405.490000_322590.150000,110.18
WTW_way_119909110,Whitlingham Trowse Sewage Treatment Works,wastewater_plant,52.6181749,1.3644904,NODE_628299.480000_307580.460000,452.42
WTW_way_120116589,Rothley STW,wastewater_plant,52.7169332,-1.1230637,NODE_459508.280000_313566.900000,180.34
WTW_way_120269310,Uttons Drove Sewage Treatment Works,wastewater_plant,52.2692389,0.0002931,NODE_536683.060000_265153.560000,205.78
WTW_way_120285830,Unnamed Facility (120285830),wastewater_plant,51.0236791,-3.087529,NODE_323565.080000_125333.290000,300.23
WTW_way_120288257,Unnamed Facility (120288257),wastewater_plant,51.365368,1.0639156,NODE_613616.640000_167490.930000,262.95
WTW_way_120676363,"Dolfor, Newtown Waste Water Treatment Plant",wastewater_plant,52.5236528,-3.2754869,NODE_313588.440000_292348.720000,169.93
WTW_way_120807069,Chilton Cantelo WwTW,wastewater_plant,51.0049927,-2.6157831,NODE_357100.870000_122916.030000,237.14
WTW_way_121011702,Abergorlech WwTW,wastewater_plant,51.9847264,-4.0599532,NODE_258650.980000_234064.480000,254.0
WTW_way_121066264,Weston Under Wetherley Sewage Treatment Works,wastewater_plant,52.3150986,-1.4577459,NODE_437125.800000_269042.940000,357.66
WTW_way_121079193,Kenton and Starcross STW,wastewater_plant,50.6361464,-3.4532688,NODE_297481.900000_83181.700000,378.04
WTW_way_121559799,Windermere STW,wastewater_plant,54.313513,-2.9464714,NODE_338435.220000_491166.280000,153.84
WTW_way_121853161,Fornham All Saints Water Recycling Centre,wastewater_plant,52.2795874,0.7007056,NODE_584170.550000_267774.670000,308.18
WTW_way_122160083,Glemsford STW,wastewater_plant,52.1101309,0.6770299,NODE_583403.520000_249195.760000,61.86
WTW_way_123131484,Parley Wastewater Treatment Plant,wastewater_plant,50.8050205,-1.8582249,NODE_410200.920000_100894.750000,299.86
WTW_way_123467081,Billingham STW,wastewater_plant,54.6243824,-1.2580762,NODE_448273.340000_526066.370000,437.9
WTW_way_123906850,Unnamed Facility (123906850),wastewater_plant,52.0639094,0.7896969,NODE_591533.800000_244595.250000,374.42
WTW_way_124489715,Holdenhurst Water Recycling Centre,wastewater_plant,50.7563222,-1.8141947,NODE_412999.970000_95592.200000,433.07
WTW_way_124523884,Unnamed Facility (124523884),water_works,55.8847841,-3.5599053,NODE_302483.000000_666654.900000,187.51
WTW_way_125001313,Redacre Wastewaster Treatment Works,wastewater_plant,53.7337733,-1.9868388,NODE_401123.590000_426094.210000,321.34
WTW_way_125581552,Camberley Sewage Treatment Works,wastewater_plant,51.3287961,-0.7642909,NODE_486001.120000_159570.120000,190.51
WTW_way_125814352,Chippenham STW,wastewater_plant,51.4401866,-2.1191197,NODE_391752.260000_171382.440000,146.87
WTW_way_125925577,Unnamed Facility (125925577),wastewater_plant,50.7422146,-1.7661651,NODE_416799.810000_93651.940000,204.64
WTW_way_125934194,Llanswel WwTW,wastewater_plant,52.006916,-4.0071017,NODE_262201.510000_236098.300000,153.58
WTW_way_126027708,West Wellow Wastewater Treatment Works,wastewater_plant,50.9707145,-1.5503789,NODE_431631.430000_119296.550000,170.07
WTW_way_126262516,Brockenhurst WTW,wastewater_plant,50.8236349,-1.5599557,NODE_431249.460000_102551.050000,270.39
WTW_way_126485266,Wastewater Treatment Plant,wastewater_plant,55.4642822,-4.3615864,NODE_250679.900000_621564.320000,142.69
WTW_way_127168292,Two Mile Bottom Water Treatment Works,water_works,52.444252,0.7276049,NODE_585388.660000_286237.030000,199.91
WTW_way_128384367,Unnamed Facility (128384367),wastewater_plant,52.7597296,-0.9093473,NODE_473477.510000_318291.350000,354.17
WTW_way_128619649,Cilfynydd Waste Water Treatment Works,wastewater_plant,51.6294185,-3.3247948,NODE_308194.140000_192820.310000,363.91
WTW_way_128885906,Dorchester WwTW,wastewater_plant,51.6393092,-1.1615351,NODE_457974.770000_193923.390000,247.95
WTW_way_129276613,Acomb Landing,water_works,53.9678559,-1.1164064,NODE_458452.950000_452550.500000,452.1
WTW_way_130061778,Coulter Water Treatment Works,water_works,55.5324162,-3.5298836,NODE_303636.450000_627580.350000,101.52
WTW_way_130154254,Potterne WwTW,wastewater_plant,51.3286758,-2.0177332,NODE_399027.730000_159176.090000,373.08
WTW_way_130184604,Staverton Sewerage Works,wastewater_plant,50.4616312,-3.697676,NODE_279574.720000_63761.570000,46.34
WTW_way_130791282,Loch Ashie Treatment Works,water_works,57.3958523,-4.2700617,NODE_263789.610000_835871.050000,364.38
WTW_way_131336257,Unnamed Facility (131336257),wastewater_plant,52.9398595,1.0443774,NODE_604371.870000_342088.060000,421.41
WTW_way_131345433,Unnamed Facility (131345433),wastewater_plant,54.8289087,-1.8084117,NODE_411989.010000_548214.760000,418.92
WTW_way_131487443,Unnamed Facility (131487443),wastewater_plant,51.2034165,-2.6672366,NODE_353298.210000_144848.510000,330.52
WTW_way_131964942,Froghall Sewage Treatment Works,wastewater_plant,53.0199835,-1.963754,NODE_402596.110000_346949.380000,69.11
WTW_way_132616442,Unnamed Facility (132616442),water_works,56.4451058,-4.7100159,NODE_233141.380000_731715.520000,330.62
WTW_way_132742383,Finham Sewage Works,wastewater_plant,52.3646081,-1.5084929,NODE_433652.230000_273807.120000,376.62
WTW_way_133499575,Wootton Bassett STW,wastewater_plant,51.5308934,-1.8951862,NODE_407456.650000_181450.250000,144.75
WTW_way_133533456,Unnamed Facility (133533456),wastewater_plant,51.0048507,0.690634,NODE_588517.010000_126256.660000,349.89
WTW_way_134217497,Unnamed Facility (134217497),wastewater_plant,51.0401378,-2.8373395,NODE_341586.360000_127284.860000,277.68
WTW_way_134430689,Long Marston STW,wastewater_plant,52.1362187,-1.7650255,NODE_416082.970000_248655.490000,99.48
WTW_way_134922205,Benfleet STW,wastewater_plant,51.5479483,0.5504072,NODE_576567.800000_186218.120000,375.44
WTW_way_135374070,Pangbourne Sewage Treatment Works,wastewater_plant,51.485209,-1.0745969,NODE_464316.760000_176293.830000,364.29
WTW_way_135694619,Royton Wastewater Treatment Works,wastewater_plant,53.5608337,-2.1410799,NODE_390465.150000_406956.150000,342.29
WTW_way_135789619,Fort William WWTW,wastewater_plant,56.8287857,-5.1009126,NODE_210995.210000_774925.080000,204.76
WTW_way_136037967,Penicuik Wastewater Treatment Plant,wastewater_plant,55.8357849,-3.2042247,NODE_324724.130000_661301.970000,364.62
WTW_way_136095199,Felsted STW,wastewater_plant,51.85918,0.421477,NODE_566617.850000_220391.530000,318.06
WTW_way_136165571,Yeovil (Pen Mill) WwTW,wastewater_plant,50.9446197,-2.6095979,NODE_357248.530000_115957.340000,352.36
WTW_way_136739360,Over STW,wastewater_plant,52.3180438,0.032273,NODE_538585.660000_270970.730000,149.66
WTW_way_136840648,Water Treatment,wastewater_plant,56.3711353,-3.3107541,NODE_319107.010000_720697.280000,61.78
WTW_way_136927900,Dane End Wastewater Treatment Works,wastewater_plant,51.8707845,-0.0652284,NODE_533234.630000_220898.720000,63.52
WTW_way_137161064,Hele Sewage Works,wastewater_plant,50.8134158,-4.5341077,NODE_221195.300000_104751.470000,408.33
WTW_way_137200099,Unnamed Facility (137200099),wastewater_plant,52.4122775,0.1199939,NODE_544507.350000_281735.200000,338.74
WTW_way_137308116,Unnamed Facility (137308116),wastewater_plant,52.3438113,-0.127187,NODE_527406.490000_273006.620000,474.48
WTW_way_137426794,Llanberis Waste Water Treatment Works,wastewater_plant,53.1180395,-4.1178723,NODE_258589.490000_360079.320000,255.81
WTW_way_137449453,Unnamed Facility (137449453),wastewater_plant,51.1417111,-2.7368438,NODE_348757.430000_138437.500000,245.02
WTW_way_137839929,Unnamed Facility (137839929),water_works,52.5552736,-1.7313249,NODE_418168.210000_295630.570000,358.58
WTW_way_137841398,Church Hanborough Wastewater Treatment Works,wastewater_plant,51.8135846,-1.3883409,NODE_442148.750000_213031.080000,139.74
WTW_way_137878019,Kelso WWTW,wastewater_plant,55.6047848,-2.4206377,NODE_373743.430000_634430.540000,268.43
WTW_way_138507920,Rodley Water Treatment Works,wastewater_plant,53.8232069,-1.645204,NODE_423610.630000_436040.620000,376.35
WTW_way_138707687,Unnamed Facility (138707687),wastewater_plant,52.8044704,-2.161734,NODE_389237.020000_323265.550000,267.76
WTW_way_139107258,Unnamed Facility (139107258),wastewater_plant,52.2572834,-0.126278,NODE_528083.180000_263945.240000,195.1
WTW_way_139595146,Armitage Wastewater Treatment Works,wastewater_plant,52.7447184,-1.8697889,NODE_408835.500000_316613.710000,268.79
WTW_way_140822896,Liss Sewage Treatment Plant,wastewater_plant,51.0386213,-0.9008597,NODE_477282.890000_127162.660000,124.24
WTW_way_140889898,Menston and Burley Wastewater Treatment Plant,wastewater_plant,53.909467,-1.7210643,NODE_418347.640000_446223.280000,275.71
WTW_way_140992292,Dowley Gap Sewage Treatment Works,wastewater_plant,53.8392209,-1.8178046,NODE_412482.820000_438020.130000,408.72
WTW_way_141149171,Wickford STW,wastewater_plant,51.6163561,0.5515613,NODE_576722.410000_194078.610000,160.72
WTW_way_141542308,Unnamed Facility (141542308),wastewater_plant,50.6187178,-4.6791354,NODE_210599.870000_83306.900000,25.81
WTW_way_141848885,Unnamed Facility (141848885),wastewater_plant,50.6172226,-4.7266179,NODE_207657.710000_83349.010000,452.13
WTW_way_142049894,Benhall STW,wastewater_plant,52.1921341,1.4833144,NODE_638207.480000_260522.670000,80.51
WTW_way_142303829,Betley Sewage Treatment Works,wastewater_plant,53.0283341,-2.3723091,NODE_374906.990000_348094.880000,259.67
WTW_way_142522291,Unnamed Facility (142522291),wastewater_plant,50.5886285,-4.8298507,NODE_199843.890000_80321.210000,72.86
WTW_way_142603691,Unnamed Facility (142603691),wastewater_plant,52.56737,-1.7737416,NODE_415386.190000_296823.360000,190.96
WTW_way_142741596,Seedy Mill Water Treatment Works,water_works,52.7201347,-1.8481108,NODE_410472.600000_313759.760000,183.39
WTW_way_142903568,Unnamed Facility (142903568),wastewater_plant,52.4950037,-0.4704318,NODE_504426.070000_289549.540000,499.76
WTW_way_143320443,Water Treatment Works,wastewater_plant,54.3947888,-1.7200799,NODE_418288.110000_499636.250000,322.61
WTW_way_143539391,Buxton Sewage treatment works,wastewater_plant,53.2530421,-1.9007997,NODE_407182.120000_372768.300000,483.23
WTW_way_143545621,Unnamed Facility (143545621),wastewater_plant,53.099661,-1.5316934,NODE_431497.020000_356019.580000,100.13
WTW_way_143741554,Earls Colne STW,wastewater_plant,51.9313468,0.711889,NODE_586521.920000_229136.680000,207.59
WTW_way_143750411,Unnamed Facility (143750411),wastewater_plant,54.0322515,-1.6793421,NODE_421204.640000_459705.070000,127.25
WTW_way_144390997,Holme STW,wastewater_plant,52.4693672,-0.2383586,NODE_519967.370000_287068.050000,228.72
WTW_way_144392716,Sawtry STW,wastewater_plant,52.4294202,-0.2651444,NODE_517845.090000_283121.740000,483.35
WTW_way_144459917,Unnamed Facility (144459917),wastewater_plant,52.9824445,-0.9819797,NODE_468291.000000_343368.190000,182.27
WTW_way_144721921,Lemonroyd Waste Water Treatment Works,wastewater_plant,53.7466615,-1.4274337,NODE_438282.510000_427813.520000,449.31
WTW_way_145426001,Stokesley STW,wastewater_plant,54.4626991,-1.1942009,NODE_452068.030000_507783.810000,264.03
WTW_way_145594376,Allendale STW,wastewater_plant,54.9083722,-2.2695996,NODE_382697.460000_557096.810000,115.74
WTW_way_146062341,Rossendale Wastewater Treatment Works,wastewater_plant,53.6807943,-2.3141611,NODE_379224.330000_420236.900000,313.49
WTW_way_146095240,Shalford STW,wastewater_plant,51.9358277,0.5064936,NODE_572364.340000_229643.270000,310.56
WTW_way_146350531,Unnamed Facility (146350531),wastewater_plant,50.4374124,-3.6813609,NODE_280681.640000_61001.120000,82.16
WTW_way_146469235,Buxton (Duke's Drive) Sewage treatment works,wastewater_plant,53.2522636,-1.900287,NODE_407182.120000_372768.300000,433.84
WTW_way_146947127,Unnamed Facility (146947127),wastewater_plant,51.271464,1.2283727,NODE_625377.720000_157536.910000,142.29
WTW_way_147096719,Waste Water Treatment Works,wastewater_plant,53.130703,-2.3857422,NODE_374206.430000_359282.260000,105.69
WTW_way_147148438,Unnamed Facility (147148438),wastewater_plant,52.5579545,1.3670031,NODE_628520.150000_300820.660000,203.25
WTW_way_147520380,Netheridge Sewage Treatment Works,wastewater_plant,51.8405223,-2.2776197,NODE_381140.920000_216011.730000,268.93
WTW_way_148069929,Unnamed Facility (148069929),wastewater_plant,51.894345,0.7454587,NODE_589210.400000_224900.000000,464.03
WTW_way_148177048,Old Buckenham STW,wastewater_plant,52.4735471,1.0338312,NODE_606287.010000_290381.640000,186.86
WTW_way_148202214,Ardleigh Reservoir Treatment Plant,water_works,51.9161524,0.961443,NODE_603378.560000_228176.830000,411.66
WTW_way_148465953,Unnamed Facility (148465953),wastewater_plant,53.8510411,-2.1972844,NODE_386856.900000_439521.150000,274.84
WTW_way_148671013,Thame WwTW,wastewater_plant,51.7540945,-0.9719996,NODE_471241.710000_206968.420000,364.66
WTW_way_148691949,Lightwater WWTW,wastewater_plant,51.3502359,-0.6540748,NODE_493730.150000_162174.830000,122.36
WTW_way_148986946,Shenfield and Hutton STW,wastewater_plant,51.6374434,0.3841575,NODE_565392.050000_195999.250000,335.23
WTW_way_149167582,Unnamed Facility (149167582),wastewater_plant,52.7066748,0.1595869,NODE_545777.670000_314420.270000,256.21
WTW_way_149818682,Amesbury Wastewater Treatment Works,wastewater_plant,51.1673746,-1.7827746,NODE_414909.720000_141044.010000,392.22
WTW_way_149862174,Whalton STW,wastewater_plant,55.1217517,-1.8068768,NODE_412379.800000_580814.800000,41.13
WTW_way_149871286,Rivelin Water Treatment Works,water_works,53.3776811,-1.5740966,NODE_428545.900000_386757.550000,142.33
WTW_way_150004203,Normanton Water Treatment Plant,wastewater_plant,53.7113126,-1.403965,NODE_439395.220000_424302.820000,266.68
WTW_way_150090121,Elstead WWTW,wastewater_plant,51.1898873,-0.6979849,NODE_491487.240000_144339.250000,422.01
WTW_way_150219264,Embleton WwTW,wastewater_plant,55.4898561,-1.6332927,NODE_423442.820000_621900.610000,180.49
WTW_way_150513532,Dunwich-Bridge Fm STW,wastewater_plant,52.2821334,1.6264136,NODE_647652.500000_271002.640000,218.61
WTW_way_150541827,WWTW,wastewater_plant,55.1693296,-1.9354042,NODE_404281.810000_585817.260000,305.09
WTW_way_150601304,Unnamed Facility (150601304),wastewater_plant,50.9166632,-3.2309368,NODE_313426.410000_113904.890000,212.95
WTW_way_150836271,Unnamed Facility (150836271),wastewater_plant,54.9250567,-1.7327508,NODE_416945.410000_558722.030000,369.43
WTW_way_151515086,Water Treatment Works,wastewater_plant,54.6220775,-2.4847036,NODE_368588.490000_525372.740000,218.4
WTW_way_151894778,Great Sampford STW,wastewater_plant,52.0019432,0.3758928,NODE_562982.220000_236202.100000,275.89
WTW_way_152239751,Cranleigh WWTW,wastewater_plant,51.1446105,-0.513072,NODE_504084.580000_138935.800000,487.72
WTW_way_152380203,Weybridge Sewage Treatment Works,wastewater_plant,51.3580877,-0.4676968,NODE_506354.570000_163260.200000,433.6
WTW_way_152440059,Barford-Chapel Street STW,wastewater_plant,52.6268636,1.1315085,NODE_612151.190000_307657.270000,210.65
WTW_way_152440159,Atherstone Sewage Treatment Works,wastewater_plant,52.5796445,-1.5310544,NODE_432260.130000_298080.480000,386.89
WTW_way_152539421,Chesham Wastewater Treatment Works,wastewater_plant,51.6883532,-0.5864731,NODE_497966.190000_199685.770000,189.31
WTW_way_152973840,Unnamed Facility (152973840),wastewater_plant,51.3233906,0.90953,NODE_602812.160000_162415.800000,143.04
WTW_way_153859381,Unnamed Facility (153859381),wastewater_plant,53.9791135,-2.0863964,NODE_394329.600000_453962.430000,305.5
WTW_way_153977618,Whittlesey STW,wastewater_plant,52.5482505,-0.1223355,NODE_527414.100000_296277.580000,134.59
WTW_way_154400307,Sewerage Plant,wastewater_plant,50.922742,-0.0472706,NODE_537466.940000_115914.440000,419.03
WTW_way_154476450,Stamfordham STW,wastewater_plant,55.0416559,-1.8697334,NODE_408500.650000_571781.410000,151.93
WTW_way_154863537,Cefni Water Treatment Works,wastewater_plant,53.2674443,-4.333538,NODE_244604.860000_377077.740000,141.73
WTW_way_154941659,Unnamed Facility (154941659),water_works,55.6465202,-3.8826921,NODE_281483.990000_640377.940000,467.79
WTW_way_155286289,Unnamed Facility (155286289),wastewater_plant,53.1687179,-0.4071665,NODE_506546.810000_365023.660000,331.61
WTW_way_155738020,Unnamed Facility (155738020),wastewater_plant,50.6983023,-2.0927554,NODE_393146.750000_88466.250000,486.19
WTW_way_157030413,Torrington Sewage Treatment Works,wastewater_plant,50.9521246,-4.1618319,NODE_248110.590000_119496.780000,335.06
WTW_way_157319466,Windsor WWTW,wastewater_plant,51.4678218,-0.5692693,NODE_499927.470000_175406.210000,466.02
WTW_way_157438267,Lewknor Wastewater Treatment Works,wastewater_plant,51.6767256,-0.9749131,NODE_471125.060000_198163.800000,189.73
WTW_way_157438761,Unnamed Facility (157438761),wastewater_plant,52.0983481,1.3286483,NODE_628117.430000_249384.740000,288.38
WTW_way_157944341,Northbrook Pumping Station,water_works,50.9606617,-1.2121694,NODE_455666.420000_118103.590000,264.16
WTW_way_158290039,Theydon Bois WwTW,wastewater_plant,51.6610774,0.1335132,NODE_547832.620000_197817.010000,226.04
WTW_way_158375293,Unnamed Facility (158375293),wastewater_plant,51.8506158,0.9602793,NODE_604120.360000_221246.720000,255.86
WTW_way_158549764,Husbands Bosworth STW,wastewater_plant,52.4571844,-1.0527392,NODE_464687.220000_285073.530000,370.21
WTW_way_159043054,Unnamed Facility (159043054),wastewater_plant,50.7389129,-1.5631647,NODE_430757.280000_93497.870000,222.03
WTW_way_159639211,Narberth West Wastewater Treatment Works,wastewater_plant,51.7945785,-4.7523906,NODE_210136.790000_214240.740000,156.72
WTW_way_159821783,Princes Risborough WwTW,wastewater_plant,51.7266804,-0.8442375,NODE_479497.930000_203769.000000,425.47
WTW_way_159853875,Chinnor Wastewater Treatment Works,wastewater_plant,51.7232755,-0.9016387,NODE_475882.660000_203549.320000,263.68
WTW_way_160093752,Northumbria Sewage Works,water_works,51.6688474,-4.1586802,NODE_250942.110000_198691.090000,227.71
WTW_way_160127493,Unnamed Facility (160127493),wastewater_plant,53.1744688,-3.1469208,NODE_323900.080000_364602.190000,490.71
WTW_way_160209634,Holbrook STW,wastewater_plant,51.9803479,1.1562386,NODE_616447.310000_235795.600000,460.32
WTW_way_160334447,Gaerwen Waste Water Treatment Works,wastewater_plant,53.2284658,-4.2981224,NODE_246754.660000_372522.670000,117.13
WTW_way_160640242,Welford WWTW,wastewater_plant,52.4214937,-1.0542982,NODE_464472.800000_280854.510000,79.25
WTW_way_161450879,Polesworth Sewage Treatment Works,wastewater_plant,52.6163687,-1.6011525,NODE_426683.210000_302167.610000,418.51
WTW_way_161757079,Doddinghurst STW,wastewater_plant,51.6667011,0.3201842,NODE_560490.360000_198567.740000,420.74
WTW_way_161796723,Honiton Sewage Treatment Works,wastewater_plant,50.8013159,-3.2029188,NODE_315247.300000_101143.420000,269.51
WTW_way_162961451,Unnamed Facility (162961451),wastewater_plant,54.4278438,-3.0398658,NODE_332952.010000_504212.130000,336.22
WTW_way_163360940,"Summer Lane, Pagham Wastewater Treatment Works",wastewater_plant,50.7829462,-0.7471683,NODE_488549.470000_99041.780000,193.4
WTW_way_163366190,Unnamed Facility (163366190),wastewater_plant,50.3803452,-4.6180897,NODE_213804.650000_56921.820000,301.91
WTW_way_163383423,Unnamed Facility (163383423),wastewater_plant,50.3968049,-4.6649708,NODE_210642.480000_58889.750000,283.4
WTW_way_163514542,West Street Pumping Station,water_works,50.9435057,-1.136082,NODE_460713.440000_116243.030000,143.02
WTW_way_163952025,Upwood STW,wastewater_plant,52.4244384,-0.1602351,NODE_524975.810000_281900.300000,462.37
WTW_way_164044559,Leyland WastewaterTreatment Works,wastewater_plant,53.6818145,-2.7261947,NODE_352217.010000_420620.350000,233.78
WTW_way_164462096,Dullingham STW,wastewater_plant,52.2031727,0.3717743,NODE_562208.690000_258292.610000,462.84
WTW_way_164827299,Unnamed Facility (164827299),wastewater_plant,50.8127991,-3.4777107,NODE_295937.070000_102558.170000,68.5
WTW_way_164860189,Sandy Loch Water Treatment Works,water_works,60.1433843,-1.1850735,NODE_445403.230000_1140037.820000,123.19
WTW_way_164941985,Feniton STW Feniton,wastewater_plant,50.7839899,-3.2582055,NODE_311270.050000_99098.910000,148.91
WTW_way_165068182,Unnamed Facility (165068182),wastewater_plant,54.7715585,-2.0908424,NODE_394044.400000_542094.340000,320.94
WTW_way_165275767,Great Barford STW,wastewater_plant,52.1555059,-0.3405246,NODE_513996.680000_252183.130000,382.3
WTW_way_166285432,Sible Hedingham STW,wastewater_plant,51.9651193,0.6075606,NODE_579338.840000_232983.700000,180.16
WTW_way_166895758,Woolhampton Sewage Treatment Works,wastewater_plant,51.3925682,-1.1754893,NODE_457559.190000_166613.190000,356.51
WTW_way_166959838,Unnamed Facility (166959838),wastewater_plant,57.475514,-3.2163119,NODE_327383.600000_843751.970000,369.48
WTW_way_166970855,Unnamed Facility (166970855),wastewater_plant,50.7934212,-1.9656415,NODE_402399.590000_99096.020000,252.11
WTW_way_167807061,Unnamed Facility (167807061),wastewater_plant,51.9657183,0.7907817,NODE_591549.500000_233083.430000,392.33
WTW_way_168057161,Unnamed Facility (168057161),wastewater_plant,55.969524,-3.6495406,NODE_297157.890000_676329.770000,70.56
WTW_way_168350411,Bolton WwTW,wastewater_plant,53.5391697,-2.3513257,NODE_376597.260000_404497.260000,356.51
WTW_way_168461061,Rowde WwTW,wastewater_plant,51.3636152,-2.0470375,NODE_397240.950000_162817.080000,428.76
WTW_way_168461522,Keevil WwTW,wastewater_plant,51.3317969,-2.1032587,NODE_392679.940000_159343.300000,267.4
WTW_way_168463034,Devizes Wastewaster Treatment Works,wastewater_plant,51.350069,-2.0088739,NODE_399412.040000_161092.960000,144.64
WTW_way_168866854,Ashdon STW,wastewater_plant,52.0646415,0.3086742,NODE_558406.490000_242951.270000,264.05
WTW_way_168904092,Pumping Station,water_works,51.2697918,-2.8286898,NODE_342385.050000_152394.980000,246.5
WTW_way_168923213,Unnamed Facility (168923213),wastewater_plant,52.6242144,0.5274831,NODE_570790.340000_306083.280000,412.65
WTW_way_168959990,Unnamed Facility (168959990),water_works,51.7999625,-4.8065682,NODE_206512.330000_215080.930000,119.93
WTW_way_169771806,Weston Wastewater Treatment Works,wastewater_plant,51.9508581,-0.1447454,NODE_527504.560000_229621.910000,102.11
WTW_way_169863887,Harborough Magna (STW),wastewater_plant,52.4012238,-1.3038589,NODE_447486.020000_278315.990000,51.9
WTW_way_170089967,Slough Sewage Treatment Works,wastewater_plant,51.5069431,-0.6412517,NODE_494285.200000_179072.340000,483.22
WTW_way_170096838,Blackburn and Darwen Wastewater Treatment Works,wastewater_plant,53.7624064,-2.6026475,NODE_360344.180000_429276.480000,452.62
WTW_way_170634298,Minehead Sewage Works,wastewater_plant,51.1963482,-3.4473327,NODE_298651.870000_145415.960000,431.45
WTW_way_170843432,Lindley Lodge/STW,wastewater_plant,53.9326638,-1.6687931,NODE_421907.720000_448709.980000,168.93
WTW_way_170899933,Wastewater Plant,wastewater_plant,55.8137395,-3.8112382,NODE_286453.520000_659161.840000,209.35
WTW_way_171003136,Beckbury Sewage Treatment Works,wastewater_plant,52.6104507,-2.3571082,NODE_375970.800000_301184.510000,287.28
WTW_way_171076268,Trent WwTW,wastewater_plant,50.9618108,-2.583504,NODE_358948.250000_118011.380000,257.92
WTW_way_171700698,Lower Strensham (Hallwood Green) (STW),wastewater_plant,52.0684736,-2.1354024,NODE_390918.220000_241248.220000,156.97
WTW_way_171761445,Froncysyllte Wastewater Treatment Works,wastewater_plant,52.9695732,-3.0875686,NODE_326927.310000_342059.730000,199.1
WTW_way_171770014,Malmesbury Sewage Works,wastewater_plant,51.5820697,-2.0806464,NODE_394537.750000_186555.320000,471.94
WTW_way_172080427,Monmouth WwTW,wastewater_plant,51.8029411,-2.7036271,NODE_351603.400000_211643.270000,180.8
WTW_way_172086917,Unnamed Facility (172086917),water_works,52.0559496,-2.1245276,NODE_391910.850000_239686.340000,356.43
WTW_way_172565948,Unnamed Facility (172565948),water_works,53.5243235,-2.3037935,NODE_380051.050000_402758.940000,367.5
WTW_way_173346131,Sprouston Sewage Works,wastewater_plant,55.610978,-2.3902382,NODE_375361.230000_635509.330000,234.23
WTW_way_173349207,Buckland Sewage Treatment Works,wastewater_plant,50.5369608,-3.5782038,NODE_288327.660000_72156.770000,181.58
WTW_way_173939707,Swinford Water Treatment Works,water_works,51.7738588,-1.3552374,NODE_444517.620000_208582.040000,72.48
WTW_way_175002360,Garstang STW,wastewater_plant,53.8785582,-2.7939846,NODE_347835.490000_442694.050000,103.52
WTW_way_175474268,Unnamed Facility (175474268),water_works,51.4563476,-0.8786258,NODE_478338.080000_173591.940000,332.6
WTW_way_175474270,Unnamed Facility (175474270),water_works,51.4541089,-0.8790474,NODE_478162.850000_173278.290000,210.34
WTW_way_175792394,Unnamed Facility (175792394),wastewater_plant,55.9922536,-4.3313999,NODE_254566.520000_680415.300000,283.49
WTW_way_176494645,Water treatment works,wastewater_plant,50.5350198,-4.4091026,NODE_229506.380000_73067.350000,317.96
WTW_way_176562626,Balderton Wastewater Treatment Works,wastewater_plant,53.0494884,-0.7877854,NODE_481460.940000_350531.580000,413.57
WTW_way_176684479,Sewege Treatment Plant,wastewater_plant,51.5309977,-3.4012737,NODE_302658.590000_182219.150000,244.24
WTW_way_177185072,Teign Village STW Teign Valley,wastewater_plant,50.6159147,-3.6407093,NODE_284106.540000_80866.590000,85.32
WTW_way_177434850,Valve Tower,water_works,54.0731896,-1.9074577,NODE_406035.980000_464185.210000,125.24
WTW_way_177497263,Walton Advanced Water treatment Works,water_works,51.4044028,-0.3977858,NODE_511586.530000_168956.200000,476.8
WTW_way_177951528,Rochdale Wastewater Treatment Works,wastewater_plant,53.6090606,-2.1774463,NODE_388189.050000_412272.470000,293.6
WTW_way_178017582,Coslech WwTW,wastewater_plant,51.5019284,-3.3438559,NODE_306601.400000_179047.280000,232.81
WTW_way_178314599,Unnamed Facility (178314599),water_works,51.5926336,-2.4626295,NODE_368184.810000_188348.660000,144.83
WTW_way_178560364,Fowey Wastewater Treatment Works,wastewater_plant,50.346806,-4.6467822,NODE_211837.080000_52785.610000,226.2
WTW_way_178569553,Unnamed Facility (178569553),wastewater_plant,57.3982966,-5.6042318,NODE_183393.500000_840325.890000,402.11
WTW_way_179190910,Llanfairfechan Waste Water Treatment Works,wastewater_plant,53.2478793,-3.9968411,NODE_266663.110000_374355.890000,266.9
WTW_way_179600363,Overton Waste Water Treatment Works,wastewater_plant,54.0158076,-2.8731948,NODE_343287.520000_457914.480000,450.29
WTW_way_180295205,Water Recycling Centre Leyhill,wastewater_plant,51.6329257,-2.4498784,NODE_369133.110000_192797.960000,175.19
WTW_way_180549872,Hesketh Bank WwTW,wastewater_plant,53.7086886,-2.8288511,NODE_345652.970000_423799.860000,285.09
WTW_way_180803242,Unnamed Facility (180803242),wastewater_plant,51.1685181,-4.2046779,NODE_245913.800000_143550.920000,214.49
WTW_way_182072550,Preesall Knott End STW,wastewater_plant,53.9136556,-2.9932932,NODE_334958.330000_446567.780000,297.42
WTW_way_182695327,Woodham Ferrers Sewage Treatment Works,wastewater_plant,51.6448883,0.6017761,NODE_580060.430000_197381.310000,173.52
WTW_way_183486583,Twyning (STW),wastewater_plant,52.0321455,-2.1378949,NODE_390721.150000_236764.410000,336.29
WTW_way_184161037,Bonnybridge Waste Water Treatment Works,wastewater_plant,56.008738,-3.8678232,NODE_283664.740000_680996.890000,115.43
WTW_way_184272966,Weatherlees Hill WwTW,wastewater_plant,51.2964355,1.3480782,NODE_633542.200000_160570.690000,37.52
WTW_way_184359423,Machynlleth WwTW,wastewater_plant,52.5912634,-3.8581379,NODE_274136.450000_300910.780000,90.04
WTW_way_184540596,Unnamed Facility (184540596),wastewater_plant,51.5703117,-2.5770282,NODE_360426.490000_186142.010000,419.31
WTW_way_184688800,Unnamed Facility (184688800),wastewater_plant,50.1595959,-5.4328597,NODE_154916.000000_34714.740000,232.3
WTW_way_184916439,Pontesbury (STW),wastewater_plant,52.6532942,-2.8886722,NODE_340232.980000_306859.270000,404.89
WTW_way_184955743,Hinkley Point Power Station Wastewater Treatment Works,wastewater_plant,51.2055528,-3.1257956,NODE_321782.790000_145734.410000,334.39
WTW_way_184967084,Unnamed Facility (184967084),wastewater_plant,53.932889,-2.9041084,NODE_340578.760000_449185.880000,320.81
WTW_way_185360322,Unnamed Facility (185360322),wastewater_plant,53.9648556,-2.7672701,NODE_349510.670000_452209.150000,289.98
WTW_way_185391325,Unnamed Facility (185391325),wastewater_plant,53.9224369,-0.9439445,NODE_469735.260000_447966.980000,296.53
WTW_way_185565033,Snag Lane Sewage Works,wastewater_plant,50.7696996,-2.2796711,NODE_380200.430000_96548.880000,242.14
WTW_way_185586613,Unnamed Facility (185586613),wastewater_plant,50.8552481,-3.7981327,NODE_273376.750000_107501.240000,280.13
WTW_way_185809727,Barston (STW),wastewater_plant,52.4173275,-1.7196302,NODE_419437.930000_280302.640000,437.16
WTW_way_185898823,Unnamed Facility (185898823),wastewater_plant,50.4739158,-4.7413218,NODE_206061.250000_67402.390000,478.82
WTW_way_186077349,Strongford Sewage Treatment Works,wastewater_plant,52.9501747,-2.1809678,NODE_387800.540000_338997.990000,255.07
WTW_way_186237022,Wincanton Sewage Works,wastewater_plant,51.0448173,-2.4123315,NODE_371271.350000_127130.930000,238.78
WTW_way_186752348,Unnamed Facility (186752348),wastewater_plant,50.5925821,-3.6187989,NODE_285747.820000_78453.060000,318.49
WTW_way_186836497,Notton Railway Sewage Treatment Works,wastewater_plant,53.6212746,-1.4718685,NODE_435071.200000_413849.510000,143.32
WTW_way_187635487,Chirbury (STW),wastewater_plant,52.5812587,-3.0944658,NODE_325812.190000_298849.140000,178.37
WTW_way_187643830,Four Ashes Sludge Disposal Works,wastewater_plant,52.674036,-2.1071938,NODE_392835.660000_308231.480000,253.71
WTW_way_187674480,South Elmsall Sewage treatment works,wastewater_plant,53.5910594,-1.2707829,NODE_447986.890000_410617.580000,399.13
WTW_way_188144511,Branston (STW),wastewater_plant,52.8603951,-0.795102,NODE_481052.130000_330038.130000,223.86
WTW_way_189108525,Queensferry Wastewater Treatment Works,wastewater_plant,53.2068473,-3.0157569,NODE_332316.750000_368494.210000,268.2
WTW_way_189735874,Glencorse Water Treatment Works,water_works,55.8506104,-3.2248808,NODE_323409.740000_663024.670000,411.44
WTW_way_189744597,Carronside Sewage Pumping Station,wastewater_plant,56.0238229,-3.7790665,NODE_288975.150000_682749.600000,261.6
WTW_way_190102174,Stretford Wastewater Treatment Works,wastewater_plant,53.4358202,-2.3300671,NODE_378203.700000_393503.900000,230.74
WTW_way_190116389,Strathpeffer Waste Water Treatment Plant,wastewater_plant,57.59227,-4.525641,NODE_249165.160000_858677.470000,68.29
WTW_way_190198422,Eaglesham Treatment Works,wastewater_plant,55.7516904,-4.2641396,NODE_258123.060000_652998.110000,280.7
WTW_way_190371210,Unnamed Facility (190371210),wastewater_plant,50.9722521,-0.8710567,NODE_479298.180000_119843.090000,70.58
WTW_way_190524515,Unnamed Facility (190524515),wastewater_plant,50.7310465,-2.0468699,NODE_396662.320000_92116.830000,294.56
WTW_way_190623869,Unnamed Facility (190623869),wastewater_plant,51.0369537,0.6415312,NODE_585445.420000_129299.970000,446.05
WTW_way_191475832,Unnamed Facility (191475832),wastewater_plant,55.7140098,-4.7124376,NODE_229989.630000_649818.690000,381.04
WTW_way_191555488,Unnamed Facility (191555488),wastewater_plant,54.9745381,-3.6074206,NODE_297276.700000_565606.070000,67.71
WTW_way_191696851,Unnamed Facility (191696851),water_works,56.0137523,-3.7666274,NODE_289644.260000_681524.020000,316.4
WTW_way_192227237,Redmile (STW),wastewater_plant,52.9088537,-0.8206791,NODE_479385.930000_335308.340000,61.75
WTW_way_192494159,Erskine Waste Water Treatment Works,wastewater_plant,55.89214,-4.4118409,NODE_249753.490000_669248.350000,487.78
WTW_way_192616320,Dalmuir Waste Water Treatment Works,wastewater_plant,55.9081221,-4.4387263,NODE_247837.990000_671260.750000,301.6
WTW_way_192951605,Unnamed Facility (192951605),wastewater_plant,51.9393743,1.1517342,NODE_616537.720000_231109.960000,397.34
WTW_way_193287358,Warwick STW,wastewater_plant,52.2657625,-1.5991162,NODE_427733.740000_262957.100000,334.23
WTW_way_194279819,Lyndhurst Wastewater Plant,wastewater_plant,50.8796606,-1.5590132,NODE_430972.380000_109066.290000,161.98
WTW_way_195633061,Unnamed Facility (195633061),wastewater_plant,52.001373,1.0218373,NODE_607426.950000_237581.130000,399.53
WTW_way_195766911,Tadcaster Trade Sewage Treatment Works,wastewater_plant,53.8786795,-1.2486126,NODE_449287.330000_442350.530000,457.0
WTW_way_196795023,Carron Valley Treatment Works,water_works,56.0304905,-3.9806331,NODE_276813.090000_684126.920000,425.3
WTW_way_197079245,Unnamed Facility (197079245),wastewater_plant,51.2915932,1.337518,NODE_632574.310000_160184.160000,282.03
WTW_way_197819352,Great Hockham Lt Hockam Rd STW,wastewater_plant,52.4873812,0.8739419,NODE_594869.730000_291697.630000,371.74
WTW_way_198210468,Fleet WWTW,wastewater_plant,51.3004973,-0.845926,NODE_480298.850000_156356.730000,254.97
WTW_way_198275937,Water Treatment Works,wastewater_plant,54.7174205,-1.8414509,NODE_410613.970000_535795.450000,304.33
WTW_way_198347936,Willington Sewage Treatment Works,wastewater_plant,54.7059814,-1.6761522,NODE_420646.270000_534550.630000,323.77
WTW_way_198478919,Unnamed Facility (198478919),wastewater_plant,51.3197637,1.3123376,NODE_630997.750000_163152.570000,136.57
WTW_way_198501584,Lodgehill STW Liskeard,wastewater_plant,50.4408679,-4.4785607,NODE_224001.540000_63304.170000,272.51
WTW_way_199076986,Hitchin STW,wastewater_plant,51.9612226,-0.2724509,NODE_519129.490000_230445.870000,369.97
WTW_way_199409889,Westray Water Treatment Works,water_works,59.3129136,-2.9883369,NODE_343902.030000_1047839.670000,75.77
WTW_way_199796945,Woodbridge-Creek Fm STW,wastewater_plant,52.0797336,1.2960652,NODE_625913.860000_247364.630000,138.63
WTW_way_199883482,Unnamed Facility (199883482),wastewater_plant,52.1009399,1.2580542,NODE_623044.200000_249333.400000,449.28
WTW_way_200038265,Compton & Marldon STW,wastewater_plant,50.4807985,-3.6032019,NODE_286411.170000_66054.710000,278.24
WTW_way_200401939,Pool Sewage Treatment Works,wastewater_plant,53.9052473,-1.6033628,NODE_425778.250000_445850.720000,499.5
WTW_way_201719935,Bala Wastewater Treatment Works,wastewater_plant,52.908766,-3.5852768,NODE_293703.850000_335557.050000,303.83
WTW_way_201784109,Unnamed Facility (201784109),wastewater_plant,52.3589752,-2.8706885,NODE_340402.980000_273822.260000,400.08
WTW_way_202259459,Unnamed Facility (202259459),wastewater_plant,50.3565323,-3.6043523,NODE_286171.510000_51942.710000,202.99
WTW_way_202711024,Hazel Grove Wastewater Treatment Works,wastewater_plant,53.4004069,-2.1050439,NODE_393548.750000_389067.080000,489.58
WTW_way_203253204,Glossop Wastewater Treatment Works,wastewater_plant,53.447743,-1.9968317,NODE_400424.570000_394855.610000,325.94
WTW_way_203446626,Marnhull Common WwTW,wastewater_plant,50.961427,-2.3345994,NODE_376251.510000_117911.790000,374.14
WTW_way_203556080,Stockbridge Wastewater Plant,wastewater_plant,51.1085037,-1.4907177,NODE_435489.780000_134714.880000,349.88
WTW_way_203739509,Gowerton Sewage Works,wastewater_plant,51.6539264,-4.0320447,NODE_259283.880000_196745.360000,331.01
WTW_way_203763479,Unnamed Facility (203763479),wastewater_plant,50.2680913,-3.7521098,NODE_275200.450000_42340.670000,42.67
WTW_way_204309054,Stafford Sewage Treatment Works,wastewater_plant,52.7988584,-2.0661477,NODE_395268.590000_322545.960000,409.63
WTW_way_205110610,Unnamed Facility (205110610),water_works,56.0209153,-3.7541301,NODE_290819.550000_682200.670000,98.12
WTW_way_205570443,St. Boswells WwTW,wastewater_plant,55.575864,-2.623616,NODE_360909.250000_631432.030000,164.46
WTW_way_205736519,Unnamed Facility (205736519),wastewater_plant,57.8907815,-4.3498653,NODE_260954.510000_891428.460000,166.79
WTW_way_205847097,Garnswllt WwTW,wastewater_plant,51.7711879,-3.9997854,NODE_262120.920000_210279.720000,331.06
WTW_way_205949429,Unnamed Facility (205949429),wastewater_plant,50.5328449,-3.5940855,NODE_287163.260000_71751.780000,200.04
WTW_way_205995613,Newtown St Boswells WWTW,wastewater_plant,55.577979,-2.6650932,NODE_357895.090000_631526.460000,379.99
WTW_way_206272302,Wragby STW,wastewater_plant,53.2866742,-0.3120721,NODE_512828.210000_378205.270000,320.8
WTW_way_206327850,Kidsgrove Wastewater Treatment Works,wastewater_plant,53.0924989,-2.2561776,NODE_382516.690000_355126.690000,429.72
WTW_way_206519703,Burnsall,wastewater_plant,54.0429918,-1.9496646,NODE_403225.850000_461080.730000,345.02
WTW_way_206526900,WWTW,wastewater_plant,55.7077147,-2.447052,NODE_371751.180000_646012.760000,277.23
WTW_way_206581838,Unnamed Facility (206581838),wastewater_plant,51.4281402,-2.3112823,NODE_378281.730000_169954.290000,173.24
WTW_way_206861059,Kirk Langley (STW),wastewater_plant,52.9482586,-1.5664017,NODE_429409.560000_339140.100000,190.71
WTW_way_207014185,Gainsborough - Lea Road Wastewater Treatment Works,wastewater_plant,53.3777896,-0.7722391,NODE_481885.450000_387375.690000,147.29
WTW_way_207615813,Unnamed Facility (207615813),wastewater_plant,57.3691729,-7.2891699,NODE_82124.140000_843323.730000,42.43
WTW_way_207657466,Unnamed Facility (207657466),water_works,51.6955404,-0.4351286,NODE_508167.950000_200987.130000,203.63
WTW_way_208002335,Unnamed Facility (208002335),water_works,55.6476939,-2.6867411,NODE_356470.150000_639745.020000,446.36
WTW_way_208161440,Earlston WWTW,wastewater_plant,55.6349329,-2.6794089,NODE_357160.120000_638183.200000,171.39
WTW_way_208456977,Broughton STW (Humber),wastewater_plant,53.5806022,-0.5162925,NODE_498324.180000_410226.660000,128.63
WTW_way_208488376,Unnamed Facility (208488376),water_works,56.9702357,-7.4393103,NODE_69824.030000_799501.260000,321.29
WTW_way_209116589,WWTW,wastewater_plant,55.6885061,-2.3386972,NODE_378624.130000_644079.110000,225.1
WTW_way_209331026,Keynsham Water Recycling Centre,wastewater_plant,51.4162709,-2.4846259,NODE_366032.330000_168919.390000,426.04
WTW_way_209442626,Unnamed Facility (209442626),wastewater_plant,53.5463612,-0.1587558,NODE_521986.370000_407122.860000,112.61
WTW_way_209443722,Lynemouth STW,wastewater_plant,55.2112473,-1.5303579,NODE_430429.030000_590776.090000,456.43
WTW_way_209513601,Ray Hall Water Reclamation Works,wastewater_plant,52.548026,-1.9637537,NODE_402377.590000_294904.970000,476.07
WTW_way_209548892,Sewerage Works,wastewater_plant,55.7739717,-2.7995691,NODE_350002.090000_653687.930000,62.64
WTW_way_209630676,Binbrook STW,wastewater_plant,53.4365224,-0.1850038,NODE_520389.720000_394724.640000,300.01
WTW_way_210050320,Sewage Works,wastewater_plant,51.0120498,-0.4658236,NODE_507682.220000_124667.870000,90.5
WTW_way_210232686,Ashington WwTW,wastewater_plant,50.928995,-0.3847714,NODE_513668.330000_115550.000000,105.41
WTW_way_210245257,Nassington STW,wastewater_plant,52.5567415,-0.429194,NODE_506986.370000_296367.140000,455.22
WTW_way_210294332,Unnamed Facility (210294332),wastewater_plant,56.8938262,-4.9016239,NODE_223229.580000_781756.040000,133.76
WTW_way_210296701,Unnamed Facility (210296701),wastewater_plant,56.6909129,-5.1833713,NODE_205020.480000_759671.870000,347.46
WTW_way_210371258,Sewerage Works,wastewater_plant,55.462068,-2.680078,NODE_357277.060000_619090.970000,262.23
WTW_way_210587769,Unnamed Facility (210587769),wastewater_plant,56.7135717,-4.9779232,NODE_217859.520000_762114.190000,165.9
WTW_way_210891851,Unnamed Facility (210891851),water_works,56.0010651,-2.5436228,NODE_365989.910000_678668.390000,250.81
WTW_way_210938275,Unnamed Facility (210938275),wastewater_plant,50.3429287,-4.0336995,NODE_255459.330000_51169.290000,77.3
WTW_way_211109749,Ystradgynlais Wastewater Treatment Works,wastewater_plant,51.7641788,-3.7762798,NODE_277401.310000_208586.220000,216.84
WTW_way_211176515,Unnamed Facility (211176515),water_works,56.6277541,-6.5314926,NODE_122101.680000_757347.130000,287.6
WTW_way_211253964,Unnamed Facility (211253964),wastewater_plant,50.3109303,-3.8392007,NODE_269087.360000_47470.870000,193.14
WTW_way_213502431,Unnamed Facility (213502431),water_works,55.4439965,-2.3041235,NODE_380870.920000_616732.750000,15.64
WTW_way_214468265,Bishops Frome WwTW,wastewater_plant,52.1335009,-2.4909131,NODE_366722.050000_248599.210000,262.48
WTW_way_214636009,Ashprington STW Ashprington,wastewater_plant,50.3966844,-3.6678181,NODE_281229.160000_56575.320000,329.71
WTW_way_215643658,Chester-le-Street Treatment Works,wastewater_plant,54.8606015,-1.566457,NODE_427977.050000_551564.500000,281.89
WTW_way_215649123,Pant - Plas Cerrig (STW),wastewater_plant,52.7862787,-3.0803686,NODE_327076.570000_321280.960000,280.59
WTW_way_215650719,Kilburn/STW,wastewater_plant,54.0621904,-0.3690994,NODE_506756.090000_464194.390000,100.29
WTW_way_215666990,Washingborough STW,wastewater_plant,53.2229981,-0.440202,NODE_504174.560000_370467.630000,223.35
WTW_way_216263239,Cholsey Wastewater Treatment Works,wastewater_plant,51.5819216,-1.1497852,NODE_459308.720000_187352.460000,302.33
WTW_way_216537502,Water Works,wastewater_plant,52.3264704,1.1637479,NODE_615720.750000_274702.550000,176.78
WTW_way_218239045,Crowcombe Sewage Works,wastewater_plant,51.1218867,-3.2322318,NODE_313694.410000_136500.200000,176.54
WTW_way_218389293,Stanford Rivers WWTW,wastewater_plant,51.6759636,0.23514,NODE_554856.920000_199991.080000,270.37
WTW_way_218540571,Benson Wastewater Treatment Works,wastewater_plant,51.609508,-1.103923,NODE_461953.360000_190224.350000,300.65
WTW_way_219134886,Kidwelly Sewage Treatment Works,wastewater_plant,51.7320852,-4.3193815,NODE_239879.340000_206653.530000,402.91
WTW_way_219631011,Napton (STW),wastewater_plant,52.2433541,-1.3287488,NODE_446335.530000_260592.450000,450.04
WTW_way_219971393,Unnamed Facility (219971393),wastewater_plant,52.9341342,-0.5845912,NODE_494930.710000_338267.980000,310.43
WTW_way_220273532,Unnamed Facility (220273532),wastewater_plant,51.8351411,0.5974185,NODE_578687.890000_218467.730000,382.2
WTW_way_220438790,Unnamed Facility (220438790),wastewater_plant,52.5667522,-1.6546241,NODE_423574.620000_296574.070000,73.02
WTW_way_220802211,Unnamed Facility (220802211),wastewater_plant,52.5960836,-1.6129804,NODE_426750.730000_299688.660000,477.94
WTW_way_220850169,Eastwood Wastewaster Treatment Works,wastewater_plant,53.7320843,-2.0466805,NODE_396994.510000_426194.020000,24.49
WTW_way_220994657,Unnamed Facility (220994657),water_works,51.6350765,-0.4098346,NODE_509784.270000_193977.070000,387.55
WTW_way_221352336,Wessex Water Radstock Sewage Treatment Plant,wastewater_plant,51.2950827,-2.4318086,NODE_370146.450000_155123.350000,173.52
WTW_way_221489282,Unnamed Facility (221489282),wastewater_plant,51.2726077,-2.4349673,NODE_369681.690000_152578.140000,138.79
WTW_way_221597144,Kinoulton (STW),wastewater_plant,52.8719995,-0.9780444,NODE_468964.000000_331133.030000,164.26
WTW_way_221872706,Borough of Morpeth Sewage Disposal Works,water_works,55.168831,-1.6822042,NODE_420385.770000_586128.680000,49.76
WTW_way_221980517,Drumoak WTW,wastewater_plant,57.0778752,-2.3422551,NODE_379796.260000_798439.870000,471.04
WTW_way_222923138,Edale (STW),wastewater_plant,53.3636919,-1.8151979,NODE_412638.400000_385138.890000,255.11
WTW_way_223314959,Maunby Sewage Treatment Works,wastewater_plant,54.270195,-1.4329298,NODE_436995.290000_486494.920000,290.0
WTW_way_223806328,Bylaugh-Near Church STW,wastewater_plant,52.7236998,1.0149999,NODE_603539.440000_318019.080000,297.21
WTW_way_224724501,Unnamed Facility (224724501),wastewater_plant,50.5043687,-3.6544637,NODE_283144.960000_68337.840000,400.8
WTW_way_224930399,Hay-on-Wye Wastewater Treatment Works,wastewater_plant,52.081929,-3.1219067,NODE_322936.650000_242806.130000,493.9
WTW_way_225617555,Unnamed Facility (225617555),wastewater_plant,57.1311566,-3.9256242,NODE_283634.180000_805917.010000,222.94
WTW_way_226061578,Baslow (STW),wastewater_plant,53.242737,-1.6224783,NODE_425372.050000_371748.460000,101.79
WTW_way_226148086,WWTW,wastewater_plant,55.9418926,-3.8325727,NODE_285732.710000_673241.710000,381.88
WTW_way_226319027,Coldstream WwTW,wastewater_plant,55.6641772,-2.2261559,NODE_386136.550000_641121.570000,278.88
WTW_way_226371540,Draughton Sewage Treatment Works,wastewater_plant,53.9742368,-1.9313274,NODE_404549.500000_453072.810000,78.26
WTW_way_226760105,Unnamed Facility (226760105),wastewater_plant,55.889292,-3.9048182,NODE_280563.590000_667715.700000,432.58
WTW_way_227215218,Deiniolen Brynrefail WwTW,wastewater_plant,53.1444575,-4.1583118,NODE_255643.930000_362863.240000,157.79
WTW_way_227710402,Ripon Wastewater Treatment Works,wastewater_plant,54.1311168,-1.5051115,NODE_432567.460000_470947.670000,282.98
WTW_way_227750177,Bidford-On-Avon (STW),wastewater_plant,52.1592605,-1.8770366,NODE_408249.110000_251066.310000,304.44
WTW_way_227964796,Unnamed Facility (227964796),water_works,53.4442932,-1.3294458,NODE_444496.250000_394233.650000,200.09
WTW_way_228057649,Little Hallingbury Wastewater Treatment Works,wastewater_plant,51.8361255,0.1684403,NODE_549373.610000_217132.480000,389.63
WTW_way_228796448,Sewerage Plant,wastewater_plant,55.7837623,-2.2179243,NODE_386416.070000_654561.110000,47.6
WTW_way_229418505,Lower Moor (STW),wastewater_plant,52.1193665,-2.0359914,NODE_397536.320000_246788.670000,95.92
WTW_way_230105084,Unnamed Facility (230105084),wastewater_plant,51.9236705,-3.4592507,NODE_299514.060000_225736.940000,369.37
WTW_way_231230503,Unnamed Facility (231230503),water_works,53.4484183,-1.3251126,NODE_445302.970000_394667.440000,419.37
WTW_way_231340467,Coaley (STW),wastewater_plant,51.7166906,-2.3534131,NODE_376044.630000_202377.630000,486.3
WTW_way_231349756,Unnamed Facility (231349756),water_works,52.592615,1.304548,NODE_623746.150000_304627.600000,191.23
WTW_way_231349759,Unnamed Facility (231349759),water_works,52.5923808,1.3045643,NODE_623746.150000_304627.600000,205.14
WTW_way_231426068,Fiddlers Hamlet WWTW,wastewater_plant,51.6837648,0.1368367,NODE_547578.540000_200874.610000,449.13
WTW_way_231872173,Bicester Sewage Treatment Works,wastewater_plant,51.8838664,-1.1597631,NODE_458063.960000_220837.860000,159.48
WTW_way_231872245,Unnamed Facility (231872245),wastewater_plant,56.0620939,-3.8620176,NODE_284351.790000_687087.080000,199.7
WTW_way_231945176,Unnamed Facility (231945176),wastewater_plant,57.3226059,-3.613266,NODE_302988.020000_826666.150000,273.73
WTW_way_232020132,Islip WwTW,wastewater_plant,51.8195597,-1.2310881,NODE_452989.190000_213887.530000,201.69
WTW_way_232075971,Unnamed Facility (232075971),wastewater_plant,50.60149,-4.4506458,NODE_226668.570000_80692.850000,149.88
WTW_way_232307384,Unnamed Facility (232307384),wastewater_plant,53.1930435,-2.910043,NODE_339588.820000_366657.690000,298.19
WTW_way_232846236,WWTW,wastewater_plant,55.7147703,-2.7335773,NODE_354363.940000_646862.460000,405.41
WTW_way_232896954,Unnamed Facility (232896954),wastewater_plant,53.5756779,-1.5097732,NODE_432728.670000_408759.190000,218.42
WTW_way_233039193,Lower Moor Water Treatment,water_works,50.6185631,-4.6483225,NODE_212386.250000_83345.200000,388.91
WTW_way_233292186,Barton (STW),wastewater_plant,52.7617202,-1.7056704,NODE_420126.470000_318236.790000,172.03
WTW_way_234887601,Coxwold/STW,wastewater_plant,54.3066671,-1.6209055,NODE_424400.490000_490197.690000,365.23
WTW_way_235168545,Unnamed Facility (235168545),water_works,51.62329,0.0509248,NODE_542168.840000_193658.190000,116.71
WTW_way_235460293,Itchen Bank (STW),wastewater_plant,52.2616532,-1.4045446,NODE_440464.620000_262412.690000,453.05
WTW_way_235504806,Moreton Paddox Sewage Treatment Works,wastewater_plant,52.1835455,-1.5538889,NODE_430544.680000_254027.110000,54.27
WTW_way_237010084,Rhodes Farm Wastewater Treatment Works,wastewater_plant,53.5324802,-2.329708,NODE_377937.870000_403873.450000,342.69
WTW_way_237523396,Unnamed Facility (237523396),wastewater_plant,51.1504243,-1.2639398,NODE_451396.500000_139515.710000,300.85
WTW_way_237981841,Llanfyllin STW,wastewater_plant,52.7607303,-3.2563117,NODE_315518.220000_318745.970000,230.98
WTW_way_238888160,Rhydymwyn WwTW,wastewater_plant,53.189943,-3.1848155,NODE_320701.030000_366108.780000,477.61
WTW_way_239249644,Unnamed Facility (239249644),water_works,55.2380882,-1.9210771,NODE_404917.940000_593671.940000,221.43
WTW_way_239294155,Ackleton - Stableford (STW),wastewater_plant,52.5876122,-2.3519955,NODE_376194.460000_298886.340000,66.6
WTW_way_239488392,Christow STW Teign Valley,wastewater_plant,50.6558317,-3.6440255,NODE_283917.610000_85334.780000,41.95
WTW_way_239946367,Sewerage Works,wastewater_plant,55.4426402,-1.9032304,NODE_405908.850000_616358.600000,357.84
WTW_way_240013846,Fordingbridge Wastewater Plant,wastewater_plant,50.9179848,-1.7971829,NODE_414682.110000_113226.630000,331.19
WTW_way_240014993,Unnamed Facility (240014993),wastewater_plant,54.1045887,-1.7790427,NODE_414457.260000_467710.820000,104.91
WTW_way_240331389,Millfield STW,wastewater_plant,55.6029125,-2.0990817,NODE_394001.110000_634332.990000,150.07
WTW_way_240355751,Unnamed Facility (240355751),wastewater_plant,55.6366176,-2.1293846,NODE_392069.270000_638274.000000,188.28
WTW_way_240358770,Sewerage Works,wastewater_plant,55.6342762,-2.174017,NODE_389005.110000_637957.800000,163.13
WTW_way_241521489,Unnamed Facility (241521489),wastewater_plant,51.6506757,-0.3190586,NODE_516729.420000_195839.770000,373.08
WTW_way_241550317,Unnamed Facility (241550317),wastewater_plant,53.4742864,-0.6001434,NODE_492577.740000_398524.960000,445.78
WTW_way_242811209,Unnamed Facility (242811209),wastewater_plant,55.6385541,-2.2757474,NODE_382748.060000_638778.810000,411.08
WTW_way_243047197,Burton Pidsea Sewage Treatment Works,wastewater_plant,53.7669419,-0.1121432,NODE_524772.280000_431987.260000,360.62
WTW_way_243962686,Sewerage Works,wastewater_plant,55.8678904,-2.974505,NODE_338769.090000_664021.670000,434.61
WTW_way_244567346,Stanton Drew Sewage Treatment Works,wastewater_plant,51.3663886,-2.5727527,NODE_360646.200000_163445.180000,492.86
WTW_way_245185300,Unnamed Facility (245185300),wastewater_plant,52.4103911,-0.7786676,NODE_482918.040000_279673.180000,312.71
WTW_way_245266680,Unnamed Facility (245266680),wastewater_plant,50.9041584,-2.2000939,NODE_386190.870000_111869.570000,273.14
WTW_way_246069946,Unnamed Facility (246069946),wastewater_plant,52.6178206,-0.5372918,NODE_498905.730000_303198.390000,220.49
WTW_way_246185489,Leek Sewage Treatment Works,wastewater_plant,53.0857661,-2.0312857,NODE_398154.060000_353888.470000,421.75
WTW_way_246332499,Tysoe (STW),wastewater_plant,52.1038593,-1.5119735,NODE_433778.130000_244896.040000,373.96
WTW_way_246707885,Gosfield STW,wastewater_plant,51.9313049,0.5908807,NODE_578576.270000_229061.450000,354.14
WTW_way_247751719,Unnamed Facility (247751719),wastewater_plant,53.9633842,-1.1831713,NODE_453342.060000_452376.580000,376.84
WTW_way_247844366,Tottiford Wastewater Treatment Works,wastewater_plant,50.6268493,-3.6868197,NODE_280694.710000_82350.030000,217.05
WTW_way_249136591,Greenfield Waste Water Treatment Works,wastewater_plant,53.292826,-3.2040418,NODE_319943.990000_377960.590000,108.13
WTW_way_250921121,Tenbury Wells STW,wastewater_plant,52.3128926,-2.5828762,NODE_360559.600000_268869.470000,448.23
WTW_way_250922020,Water Works,wastewater_plant,51.8153723,0.7650249,NODE_590451.120000_216608.240000,233.47
WTW_way_251328020,Foulden STW,wastewater_plant,55.7895993,-2.105058,NODE_393456.170000_654866.940000,287.44
WTW_way_251542630,Kilmartin Waste Water Treatment Works,wastewater_plant,56.1352074,-5.4864981,NODE_183160.300000_698962.900000,320.74
WTW_way_252598238,Admington (STW),wastewater_plant,52.1173394,-1.7019795,NODE_420407.660000_246219.900000,389.95
WTW_way_252752520,Preston on Stour Sewage Treatment Works,wastewater_plant,52.1441575,-1.6981477,NODE_421086.550000_249410.260000,375.71
WTW_way_253267925,Sewage Works,wastewater_plant,51.5606491,-2.8135302,NODE_343778.130000_185021.110000,101.4
WTW_way_253834404,Unnamed Facility (253834404),water_works,51.4935516,-0.5935649,NODE_497568.730000_177935.050000,245.3
WTW_way_254506224,Highwood STW,wastewater_plant,51.7136629,0.3939179,NODE_565750.250000_204358.680000,271.59
WTW_way_254609978,Chiddingfold Sewage Disposal Works,wastewater_plant,51.1208958,-0.6169893,NODE_497150.340000_136884.630000,355.4
WTW_way_254634585,Unnamed Facility (254634585),wastewater_plant,53.0538476,-0.8407773,NODE_478148.640000_351619.820000,438.52
WTW_way_255541944,Broughton Cross WwTW,wastewater_plant,54.6593897,-3.4416877,NODE_307519.420000_530388.390000,428.56
WTW_way_255593675,Trevine WwTW,wastewater_plant,51.9469962,-5.148778,NODE_183360.080000_232482.200000,386.71
WTW_way_255785859,Withersfield STW,wastewater_plant,52.0989583,0.4122917,NODE_565530.700000_246868.240000,438.34
WTW_way_255972142,Sewage Works,wastewater_plant,57.0537901,-2.477949,NODE_370859.370000_795700.490000,359.26
WTW_way_256628593,Unnamed Facility (256628593),wastewater_plant,55.0040817,-2.9947535,NODE_336532.500000_568279.260000,120.28
WTW_way_256634257,Unnamed Facility (256634257),wastewater_plant,54.9418566,-2.9992756,NODE_335784.620000_561191.670000,305.05
WTW_way_256756185,Marchbank Water Treatment Works,water_works,55.8657744,-3.3372962,NODE_316211.910000_664416.900000,194.16
WTW_way_256975162,Unnamed Facility (256975162),wastewater_plant,50.4200764,-3.8342892,NODE_269743.330000_59561.800000,157.16
WTW_way_257239305,Stisted STW,wastewater_plant,51.8887222,0.6187894,NODE_579965.240000_224029.460000,485.5
WTW_way_257306384,Yealmpton STW Yealmpton,wastewater_plant,50.3455757,-4.0015595,NODE_257727.630000_51413.520000,48.41
WTW_way_257485780,Unnamed Facility (257485780),wastewater_plant,50.3946717,-3.8784052,NODE_266570.790000_56297.020000,368.43
WTW_way_257672203,Unnamed Facility (257672203),wastewater_plant,50.7257994,-3.292731,NODE_308887.170000_92356.910000,241.61
WTW_way_257997699,Berkswell (STW),wastewater_plant,52.4088843,-1.6442784,NODE_424005.930000_279092.720000,292.53
WTW_way_258281963,Unnamed Facility (258281963),wastewater_plant,50.3967552,-3.9946976,NODE_258069.000000_57123.100000,256.3
WTW_way_258995905,High Hoyland Waste water Treatment Works,wastewater_plant,53.6030358,-1.5967296,NODE_426981.510000_412197.460000,354.11
WTW_way_259798947,Stoke Holy Cross STW,wastewater_plant,52.578701,1.2885137,NODE_622774.530000_302911.660000,137.72
WTW_way_260062255,Sewage Works,wastewater_plant,52.6147601,-1.8629459,NODE_409150.080000_301782.660000,252.36
WTW_way_260862433,Effluent Treatment Plant,wastewater_plant,51.2534742,-1.2564928,NODE_452364.620000_150478.430000,463.04
WTW_way_260888814,Unnamed Facility (260888814),wastewater_plant,52.049722,0.4526519,NODE_568733.950000_241779.210000,467.1
WTW_way_261747681,Unnamed Facility (261747681),wastewater_plant,50.4962678,-4.1953427,NODE_244494.720000_68443.600000,168.44
WTW_way_262289631,Greenscoe WwTW,wastewater_plant,54.1791178,-3.1957052,NODE_321938.840000_476292.520000,315.84
WTW_way_262845055,Caernarfon Waste Water Treatment Works,wastewater_plant,53.1322694,-4.2723231,NODE_247976.370000_361924.770000,113.52
WTW_way_264291244,Belbroughton Works (STW),wastewater_plant,52.3867436,-2.1301692,NODE_391372.940000_276804.950000,306.25
WTW_way_264293482,Unnamed Facility (264293482),wastewater_plant,51.3468468,-2.5829322,NODE_359591.510000_161228.210000,224.38
WTW_way_264293485,Unnamed Facility (264293485),wastewater_plant,51.3474742,-2.5851646,NODE_359591.510000_161228.210000,282.27
WTW_way_264294776,Gornal Sewage Treatment Works,wastewater_plant,52.5138094,-2.1423419,NODE_390258.050000_291114.990000,483.35
WTW_way_264665364,Water Recycling Centre - Wool,wastewater_plant,50.6856467,-2.2536087,NODE_382454.390000_87382.270000,275.02
WTW_way_264834592,Chalton Sewage Treament Works,wastewater_plant,51.9326617,-0.5047317,NODE_502778.090000_226892.610000,216.71
WTW_way_265887195,Bolnhurst STW,wastewater_plant,52.2315998,-0.4055354,NODE_508984.650000_260442.420000,21.25
WTW_way_267039889,"Fintry Sewage Treatment Works, Stirling Council",wastewater_plant,56.0584047,-4.2273103,NODE_261381.300000_687365.280000,69.37
WTW_way_267276172,Belchamp St Paul STW,wastewater_plant,52.0582862,0.6307003,NODE_580674.260000_243533.620000,359.35
WTW_way_269306841,Marlborough STW,wastewater_plant,51.4214492,-1.7128819,NODE_420250.690000_169309.310000,220.1
WTW_way_269679922,Sewage Works,wastewater_plant,50.8395807,-0.9251557,NODE_475854.190000_104508.880000,498.67
WTW_way_270195082,Unnamed Facility (270195082),wastewater_plant,53.526869,-1.4536501,NODE_436386.900000_403438.090000,89.4
WTW_way_270211906,Newbury Sewage Treatment Works (STW),wastewater_plant,51.4002878,-1.2803973,NODE_449881.680000_166665.110000,473.46
WTW_way_270212686,Kintbury WWTW,wastewater_plant,51.4016777,-1.4340586,NODE_439346.870000_167328.960000,246.09
WTW_way_270409631,Unnamed Facility (270409631),wastewater_plant,54.5235476,-2.3269538,NODE_379244.030000_514166.560000,335.61
WTW_way_270645416,Unnamed Facility (270645416),wastewater_plant,53.4750081,-1.563109,NODE_429058.030000_397948.830000,278.01
WTW_way_271443714,Ludlow (STW),wastewater_plant,52.3545733,-2.7111389,NODE_351649.160000_272953.820000,228.76
WTW_way_272136975,Unnamed Facility (272136975),wastewater_plant,52.3541538,-1.5527741,NODE_430668.810000_273050.580000,127.14
WTW_way_272439504,Maldon STW,wastewater_plant,51.7334595,0.7350357,NODE_589113.520000_207405.250000,155.11
WTW_way_272586736,Rhuddlan Wastewater Treatment Works,wastewater_plant,53.2956342,-3.4761996,NODE_301698.110000_378435.770000,209.91
WTW_way_272768023,Howsham/STW,wastewater_plant,53.5450333,-1.5957541,NODE_426828.520000_405682.140000,237.76
WTW_way_272841435,Scout Dike Wastewater Treatment Works,wastewater_plant,53.5377259,-1.6435389,NODE_423555.970000_404773.180000,225.19
WTW_way_272856082,Silkstone Sewage Treatment Works,wastewater_plant,53.5545688,-1.5562107,NODE_429514.940000_406435.110000,93.93
WTW_way_272984913,Hathersage STW,wastewater_plant,53.3225849,-1.6473366,NODE_423505.980000_380586.710000,128.39
WTW_way_274235911,Priest Bridge (STW),wastewater_plant,52.2376934,-2.0082175,NODE_399249.040000_259839.070000,304.59
WTW_way_274719579,Unnamed Facility (274719579),wastewater_plant,54.9815067,-5.0319657,NODE_206173.180000_568962.330000,463.81
WTW_way_274789621,Unnamed Facility (274789621),water_works,50.9691265,0.0912626,NODE_547309.330000_120920.450000,377.19
WTW_way_275584394,WWTW,wastewater_plant,55.22723,-2.5791435,NODE_363185.800000_592254.800000,460.76
WTW_way_275659625,Unnamed Facility (275659625),water_works,53.293415,-3.4726221,NODE_301698.110000_378435.770000,246.21
WTW_way_275661631,Unnamed Facility (275661631),wastewater_plant,52.7472351,1.1951151,NODE_615753.100000_321289.360000,119.12
WTW_way_276040142,Unnamed Facility (276040142),water_works,54.9728766,-2.0246344,NODE_398612.180000_564393.070000,168.63
WTW_way_276982252,Melksham Water Recycling Centre,wastewater_plant,51.3755358,-2.1476393,NODE_389857.320000_163780.860000,285.72
WTW_way_276984504,Ingbirchworth Village Sewage Treatment Works,wastewater_plant,53.5465657,-1.6585948,NODE_422600.220000_405683.000000,145.51
WTW_way_277458477,Unnamed Facility (277458477),wastewater_plant,53.2213081,-3.3509205,NODE_310042.750000_370216.200000,142.29
WTW_way_278451589,Sewage Works,wastewater_plant,55.3604045,-3.9234977,NODE_278152.820000_608924.530000,137.7
WTW_way_278593262,Unnamed Facility (278593262),wastewater_plant,53.5089655,-1.5368233,NODE_430945.310000_401462.320000,129.8
WTW_way_278863047,Chester WwTW,wastewater_plant,53.1927784,-2.9103366,NODE_339588.820000_366657.690000,324.2
WTW_way_279621611,Unnamed Facility (279621611),wastewater_plant,56.3831007,-3.3839586,NODE_314984.940000_721884.120000,387.87
WTW_way_279952675,Unnamed Facility (279952675),wastewater_plant,50.4713902,-4.7576072,NODE_204302.860000_67338.240000,226.65
WTW_way_280587250,Hood Green Waste Water Treatment Works,wastewater_plant,53.5235938,-1.5322742,NODE_431080.550000_403448.770000,358.15
WTW_way_280964874,Restormel Water Treament Works,water_works,50.430983,-4.6817691,NODE_209590.020000_62833.440000,382.92
WTW_way_281806784,Unnamed Facility (281806784),water_works,53.4024291,-1.5512366,NODE_430087.430000_389549.580000,162.5
WTW_way_282447709,Lostwithiel Sewerage Treatment Works,wastewater_plant,50.4115984,-4.6662934,NODE_210540.630000_60196.250000,132.29
WTW_way_282691630,Nethermoor Road,wastewater_plant,53.1922146,-1.4258689,NODE_438410.750000_366455.870000,184.81
WTW_way_282868504,Unnamed Facility (282868504),wastewater_plant,54.0047652,-1.4421758,NODE_436522.600000_456613.820000,147.91
WTW_way_283389956,Wharncliffe Side/STW,wastewater_plant,53.4465726,-1.5502989,NODE_429903.590000_394470.650000,76.29
WTW_way_283503104,Ewden Water Treatment Works,water_works,53.4566265,-1.5524644,NODE_429892.070000_395515.790000,140.15
WTW_way_283503106,Unnamed Facility (283503106),wastewater_plant,53.4584845,-1.5530154,NODE_429892.070000_395515.790000,343.29
WTW_way_283801286,Pertenhall STW,wastewater_plant,52.2697628,-0.4080621,NODE_508615.470000_264409.090000,314.03
WTW_way_283820882,Unnamed Facility (283820882),wastewater_plant,54.0700621,-0.2298413,NODE_515759.640000_465116.140000,213.36
WTW_way_286403294,Denton Wastewater Treatment Works,wastewater_plant,53.4388625,-2.1188141,NODE_392129.050000_393839.550000,279.97
WTW_way_286809107,Unnamed Facility (286809107),wastewater_plant,53.1194487,-1.3023198,NODE_446839.040000_358181.390000,88.51
WTW_way_286811193,Pye Bridge Sewage Treatment Works,wastewater_plant,53.069344,-1.3456782,NODE_444343.440000_352940.100000,494.87
WTW_way_286813531,Unnamed Facility (286813531),wastewater_plant,60.5087608,-1.1154434,NODE_448572.000000_1181000.000000,151.88
WTW_way_287408214,Unnamed Facility (287408214),wastewater_plant,56.1829676,-4.0491282,NODE_273034.560000_700629.640000,225.31
WTW_way_288567519,Camborne STW Camborne,wastewater_plant,50.2303579,-5.3217407,NODE_163505.280000_41919.920000,316.06
WTW_way_288799848,Clowne (STW),wastewater_plant,53.2739378,-1.246728,NODE_450768.560000_375453.590000,439.11
WTW_way_288901550,Unnamed Facility (288901550),wastewater_plant,50.9338002,0.5444688,NODE_579134.060000_117835.340000,304.11
WTW_way_288991668,Unnamed Facility (288991668),wastewater_plant,57.3405189,-2.5971269,NODE_363998.850000_827944.910000,157.54
WTW_way_289771447,Corfe Mullen WwTW,wastewater_plant,50.7896144,-2.0101312,NODE_399202.550000_98973.530000,195.65
WTW_way_289808384,Unnamed Facility (289808384),wastewater_plant,52.8522504,-4.0919494,NODE_258988.920000_330509.080000,287.57
WTW_way_289861956,Unnamed Facility (289861956),wastewater_plant,50.3911878,-4.7533864,NODE_204555.020000_58043.590000,240.88
WTW_way_289863634,Unnamed Facility (289863634),water_works,50.7853897,-2.0421627,NODE_397054.620000_98559.650000,150.41
WTW_way_290084756,Unnamed Facility (290084756),water_works,50.7834305,-2.0373963,NODE_397615.230000_98265.150000,165.81
WTW_way_291007915,Unnamed Facility (291007915),wastewater_plant,54.2985129,-1.8162436,NODE_412294.820000_489096.400000,270.26
WTW_way_291302897,Unnamed Facility (291302897),water_works,51.5759845,-2.0824359,NODE_394421.710000_186332.400000,41.89
WTW_way_291874937,Unnamed Facility (291874937),water_works,51.5822945,-2.0948512,NODE_393654.550000_187060.980000,130.71
WTW_way_292116098,Unnamed Facility (292116098),wastewater_plant,57.2505617,-2.0470325,NODE_397575.380000_817922.270000,350.64
WTW_way_292172589,Catton/STW,wastewater_plant,53.5691248,-1.5747554,NODE_428217.170000_408383.100000,247.33
WTW_way_292174519,Magpie Lane Horsham WTW,wastewater_plant,51.0446367,-0.3049755,NODE_519087.020000_128424.500000,258.07
WTW_way_292230102,Crofton Water Treatment Works,wastewater_plant,53.6610075,-1.451316,NODE_436360.270000_418530.260000,112.44
WTW_way_292403453,Romsey Wastewater Plant,wastewater_plant,50.9872975,-1.5139809,NODE_434103.580000_121052.250000,122.85
WTW_way_292878495,Scottish Water,water_works,55.9822509,-4.3138403,NODE_255710.400000_678802.450000,202.34
WTW_way_293564481,Cottingham water pumping station,water_works,53.793911,-0.4120039,NODE_504767.120000_434265.180000,71.39
WTW_way_294038055,Unnamed Facility (294038055),wastewater_plant,53.6062419,-1.596403,NODE_426981.510000_412197.460000,189.33
WTW_way_294473054,Unnamed Facility (294473054),water_works,53.2961586,-3.5615227,NODE_295834.080000_378576.230000,311.66
WTW_way_294603768,Unnamed Facility (294603768),water_works,57.4519088,-4.1848748,NODE_268957.830000_842700.670000,414.16
WTW_way_294822971,Shenstone (STW),wastewater_plant,52.6360786,-1.8240637,NODE_412045.870000_304274.040000,42.77
WTW_way_295245330,Unnamed Facility (295245330),wastewater_plant,51.5726084,-2.6536459,NODE_354614.150000_186310.000000,227.8
WTW_way_295251759,Unnamed Facility (295251759),wastewater_plant,53.5624847,-1.4102572,NODE_439319.340000_407105.980000,404.94
WTW_way_295298405,Unnamed Facility (295298405),wastewater_plant,53.5140934,-1.3093766,NODE_445851.770000_402014.660000,146.16
WTW_way_295335224,Unnamed Facility (295335224),wastewater_plant,51.7783155,1.0498795,NODE_610420.150000_213303.110000,85.45
WTW_way_295391507,Parwich (STW),wastewater_plant,53.0836739,-1.7151941,NODE_419045.330000_354241.140000,201.37
WTW_way_295610424,Unnamed Facility (295610424),wastewater_plant,50.8182279,-4.0767893,NODE_254010.490000_104117.700000,206.98
WTW_way_295970637,Unnamed Facility (295970637),wastewater_plant,53.6362807,-1.5425645,NODE_430435.050000_415299.440000,337.29
WTW_way_296155759,Llanllyfni Waste Water Treatment Works,wastewater_plant,53.0429538,-4.2974612,NODE_246224.370000_352016.300000,152.97
WTW_way_296750054,Unnamed Facility (296750054),wastewater_plant,51.8523504,-4.3177961,NODE_240543.800000_219455.440000,186.56
WTW_way_297413379,Flint WwTW,wastewater_plant,53.2442718,-3.1184455,NODE_325847.660000_372335.430000,419.35
WTW_way_297424611,Allanfearn Waste Water Treatment Works,wastewater_plant,57.4984714,-4.1508503,NODE_270852.020000_847117.870000,451.56
WTW_way_297431611,Unnamed Facility (297431611),water_works,58.1683795,-7.0003079,NODE_106371.020000_930997.680000,320.23
WTW_way_298120867,Northop WwTW,wastewater_plant,53.2092985,-3.1252033,NODE_324946.320000_368153.090000,462.33
WTW_way_298176795,Stowmarket STW,wastewater_plant,52.1844452,1.0093398,NODE_605679.970000_258032.020000,292.74
WTW_way_298287230,Unnamed Facility (298287230),wastewater_plant,53.528943,-1.3677019,NODE_441932.730000_403737.520000,85.9
WTW_way_298308149,Wombwell STW,wastewater_plant,53.5265153,-1.383594,NODE_440809.580000_403339.670000,214.22
WTW_way_298403381,South Witham STW,wastewater_plant,52.7671373,-0.625041,NODE_492859.850000_319614.610000,107.15
WTW_way_298540989,Charfield Wastewater Plant,wastewater_plant,51.6377709,-2.406445,NODE_371556.470000_193214.710000,420.04
WTW_way_298557672,Lydney STW,wastewater_plant,51.7122768,-2.5324164,NODE_363413.340000_201730.200000,137.02
WTW_way_298805068,Unnamed Facility (298805068),wastewater_plant,52.7478718,-0.851075,NODE_478117.340000_317340.610000,467.49
WTW_way_298861434,Connah's Quay Waste Water Treatment Works,wastewater_plant,53.216677,-3.0447346,NODE_330241.750000_369348.430000,93.72
WTW_way_299387390,Cropredy Wastewater Treatment Works,wastewater_plant,52.1128122,-1.3121949,NODE_447001.350000_246495.650000,293.81
WTW_way_299917481,Unnamed Facility (299917481),wastewater_plant,50.545026,-4.7642517,NODE_204308.790000_75430.940000,102.72
WTW_way_300460818,Unnamed Facility (300460818),wastewater_plant,53.6078979,-1.2511807,NODE_449578.930000_412539.540000,110.96
WTW_way_300724716,Meltham Waste Water Treatment Works,wastewater_plant,53.6001306,-1.8317187,NODE_411021.940000_411311.660000,296.23
WTW_way_300937204,Rhiwlas WwTW,wastewater_plant,53.1740485,-4.137109,NODE_257176.060000_366233.460000,81.96
WTW_way_301414357,Fazakerley (Liverpool North) WwTW,wastewater_plant,53.4611385,-2.9170731,NODE_339340.900000_396829.840000,417.79
WTW_way_301419317,Water Filter Station,water_works,55.7135874,-4.8377962,NODE_221893.270000_650097.840000,245.88
WTW_way_302064331,Hooton Pagnell/STW,wastewater_plant,53.466574,-1.2784883,NODE_448003.810000_396984.160000,96.32
WTW_way_302162317,Unnamed Facility (302162317),wastewater_plant,53.5160617,-1.2671634,NODE_449080.970000_402509.350000,404.47
WTW_way_302308560,Welshpool Sewage Treatment Works,wastewater_plant,52.657889,-3.1335203,NODE_323594.290000_307200.570000,189.85
WTW_way_302566661,Unnamed Facility (302566661),wastewater_plant,53.3449875,-1.1585646,NODE_456230.480000_383449.050000,114.08
WTW_way_302618819,Unnamed Facility (302618819),wastewater_plant,53.3266116,-1.206688,NODE_452812.300000_381358.090000,123.36
WTW_way_302780225,Unnamed Facility (302780225),wastewater_plant,53.3194704,-1.2850876,NODE_447733.890000_380874.860000,356.74
WTW_way_302887692,Unnamed Facility (302887692),wastewater_plant,53.36854,-1.349295,NODE_443178.210000_385835.540000,238.97
WTW_way_302895293,Unnamed Facility (302895293),wastewater_plant,53.3959975,-1.3395677,NODE_444052.380000_389267.600000,273.07
WTW_way_303048480,Unnamed Facility (303048480),wastewater_plant,53.4448425,-1.3282958,NODE_444496.250000_394233.650000,297.51
WTW_way_303085974,Bradenham STW,wastewater_plant,52.6429435,0.8242416,NODE_591200.320000_308795.470000,39.3
WTW_way_303436218,Hayle Sewage Treatment Works,wastewater_plant,50.1710129,-5.4358443,NODE_154840.590000_35591.570000,189.39
WTW_way_304442655,Denaby WPC works,wastewater_plant,53.4914011,-1.260187,NODE_448998.480000_399787.170000,221.94
WTW_way_304519976,Unnamed Facility (304519976),wastewater_plant,53.6231624,-0.9778152,NODE_467400.230000_414801.340000,394.35
WTW_way_304944553,Unnamed Facility (304944553),wastewater_plant,52.3566565,-1.4465288,NODE_437608.800000_273363.030000,187.04
WTW_way_305148722,Unnamed Facility (305148722),wastewater_plant,53.5652332,-1.1771839,NODE_454462.530000_408414.600000,495.53
WTW_way_305414491,Beckwithshaw/STW,wastewater_plant,53.9724408,-0.3175362,NODE_510702.200000_454346.770000,270.6
WTW_way_305541642,Braithwell (STW),wastewater_plant,53.4455578,-1.1875628,NODE_453875.630000_394184.340000,467.91
WTW_way_305583192,Unnamed Facility (305583192),wastewater_plant,50.8043233,-4.3567525,NODE_233722.770000_103131.020000,316.76
WTW_way_305640803,Whitland WwTW,wastewater_plant,51.8127938,-4.605812,NODE_220165.870000_216065.430000,350.3
WTW_way_305924744,Unnamed Facility (305924744),wastewater_plant,50.6404769,-4.3337287,NODE_235269.900000_84899.640000,186.73
WTW_way_306025982,Pocklington STW,wastewater_plant,53.9202943,-0.786507,NODE_479967.930000_448228.670000,455.05
WTW_way_306087220,Unnamed Facility (306087220),wastewater_plant,53.5464355,-1.1381586,NODE_457045.480000_405689.810000,244.9
WTW_way_306116089,Cockermouth STW,wastewater_plant,54.6654573,-3.3913301,NODE_310456.310000_530670.960000,277.55
WTW_way_306116373,Dovenby WwTW,wastewater_plant,54.6825879,-3.4141119,NODE_308807.020000_532511.810000,373.83
WTW_way_306329014,Unnamed Facility (306329014),water_works,58.2872474,-4.4416125,NODE_256922.270000_935602.260000,177.84
WTW_way_306359017,Solva WWTW,wastewater_plant,51.8727866,-5.186164,NODE_180549.010000_224278.560000,251.21
WTW_way_306593134,Millbrook Wastewater Treatment Works,wastewater_plant,50.9106506,-1.4481102,NODE_438691.660000_112668.910000,266.21
WTW_way_306741915,Unnamed Facility (306741915),wastewater_plant,50.4382585,-4.9489279,NODE_190424.200000_64039.580000,278.98
WTW_way_306746748,Alderley Edge Wastewater Treatment Works,wastewater_plant,53.3053325,-2.2568786,NODE_382929.970000_378758.430000,53.26
WTW_way_306774401,Unnamed Facility (306774401),wastewater_plant,51.9480346,0.480819,NODE_570351.500000_230866.890000,337.3
WTW_way_307866849,Unnamed Facility (307866849),wastewater_plant,57.4276579,-1.9096518,NODE_405251.330000_837209.240000,387.57
WTW_way_308260231,Millbrook STW Millbrook,wastewater_plant,50.3519346,-4.2056864,NODE_242875.910000_52296.000000,400.06
WTW_way_308710134,Deiniolen - Gallt Y Foel WwTW,wastewater_plant,53.1430018,-4.118988,NODE_258240.150000_362776.530000,130.08
WTW_way_309138484,Unnamed Facility (309138484),wastewater_plant,53.067197,-1.4012418,NODE_440375.640000_352272.260000,192.04
WTW_way_309571972,Unnamed Facility (309571972),water_works,52.6958266,-1.1858308,NODE_455070.460000_310950.890000,267.59
WTW_way_310584165,Netherton Sewage Works,wastewater_plant,55.7627706,-3.9598192,NODE_276923.900000_653574.390000,380.95
WTW_way_311912370,Unnamed Facility (311912370),wastewater_plant,50.5020187,-4.2421806,NODE_240874.510000_69684.500000,426.82
WTW_way_313732328,Brandesburton Sewage Treatment Works,wastewater_plant,53.9050704,-0.2996678,NODE_512068.790000_446681.670000,277.63
WTW_way_313807186,Unnamed Facility (313807186),wastewater_plant,53.6455246,-1.2965936,NODE_446840.450000_416717.830000,252.05
WTW_way_314111254,Unnamed Facility (314111254),wastewater_plant,53.5164223,-0.0806451,NODE_527202.100000_403652.890000,297.94
WTW_way_314406665,Unnamed Facility (314406665),wastewater_plant,53.6683457,-1.3005499,NODE_446316.490000_419381.040000,59.87
WTW_way_314438423,Unnamed Facility (314438423),wastewater_plant,53.6668961,-1.2213854,NODE_451470.210000_418990.910000,235.13
WTW_way_314768647,Dyffryn Ardudwy Waste Water Treatment Works,wastewater_plant,52.7911966,-4.1100696,NODE_257735.020000_323509.080000,119.23
WTW_way_314843668,Unnamed Facility (314843668),wastewater_plant,54.2059785,-3.2456606,NODE_319229.840000_479523.620000,396.12
WTW_way_315033246,Unnamed Facility (315033246),wastewater_plant,50.6490747,-4.6204805,NODE_214836.340000_86473.060000,71.47
WTW_way_315118543,Unnamed Facility (315118543),wastewater_plant,50.574506,-3.6477648,NODE_283807.920000_76256.890000,388.43
WTW_way_315328037,Branton (STW),wastewater_plant,53.5008624,-1.0405973,NODE_464054.680000_400643.830000,401.18
WTW_way_316315025,Treknow STW Trebarwith,wastewater_plant,50.6459098,-4.7520603,NODE_205944.000000_86449.020000,421.0
WTW_way_316454259,Lea Marston (STW),wastewater_plant,52.5383607,-1.6991572,NODE_420782.410000_293722.750000,406.03
WTW_way_316463926,Unnamed Facility (316463926),wastewater_plant,54.2621417,-3.2209315,NODE_320531.730000_485913.420000,72.81
WTW_way_317099788,Cerrigdrudion WwTW,wastewater_plant,53.0221384,-3.5628607,NODE_295162.840000_348325.500000,106.52
WTW_way_317576712,Cwellyn Water Works,water_works,53.092596,-4.1845957,NODE_253686.700000_357192.490000,145.14
WTW_way_317706286,Unnamed Facility (317706286),wastewater_plant,50.797792,0.1554153,NODE_551880.370000_102235.280000,244.79
WTW_way_318119334,Llanrug Waste Water Treatment Works,wastewater_plant,53.1543517,-4.1984838,NODE_253390.560000_364300.530000,328.8
WTW_way_318157214,Ashton Keynes Wastewater Treatment Works,wastewater_plant,51.6379162,-1.9091491,NODE_406049.850000_193307.440000,340.66
WTW_way_318262341,Longnor South (STW),wastewater_plant,53.1785033,-1.86781,NODE_408807.430000_364589.500000,125.72
WTW_way_318610454,Heckington STW,wastewater_plant,52.9945895,-0.2881813,NODE_514978.690000_345551.550000,45.19
WTW_way_318610457,Helpringham STW,wastewater_plant,52.9542488,-0.3038854,NODE_514434.490000_341303.880000,498.36
WTW_way_318610461,Unnamed Facility (318610461),wastewater_plant,52.8344733,-0.2713048,NODE_516501.520000_327518.880000,212.8
WTW_way_319065224,Bronaber Wastewater Treatment Works,wastewater_plant,52.8646662,-3.9159192,NODE_271294.100000_331185.300000,280.12
WTW_way_319406658,Llanarmon Yn Ial WwTW,wastewater_plant,53.0943542,-3.2110191,NODE_319045.200000_355958.660000,56.45
WTW_way_320112543,Unnamed Facility (320112543),wastewater_plant,52.1435611,-0.2009777,NODE_523190.210000_251235.170000,236.67
WTW_way_320437288,Unnamed Facility (320437288),wastewater_plant,55.0991056,-4.1609182,NODE_262141.760000_580301.570000,148.84
WTW_way_320717655,Ellerker WwTW,wastewater_plant,53.7512017,-0.6226418,NODE_490950.890000_429359.760000,169.81
WTW_way_321597479,Clacton-Holland Haven STW,wastewater_plant,51.8105927,1.2158491,NODE_621891.560000_217430.270000,154.7
WTW_way_321932462,Ludford STW,wastewater_plant,53.3868827,-0.184966,NODE_520953.920000_388950.370000,390.69
WTW_way_322424815,Unnamed Facility (322424815),water_works,52.6152233,1.3142165,NODE_624421.600000_306962.720000,136.65
WTW_way_322471414,Unnamed Facility (322471414),wastewater_plant,53.1275081,-2.1710977,NODE_388903.080000_359306.000000,447.02
WTW_way_322475983,Westhead WwTW,wastewater_plant,53.5679079,-2.8456531,NODE_344180.270000_408347.260000,129.33
WTW_way_322558130,Pendine WwTW,wastewater_plant,51.7426478,-4.5378767,NODE_224651.490000_208125.100000,302.39
WTW_way_322889757,Askam-In-Furness WwTW,wastewater_plant,54.1935096,-3.2093543,NODE_321107.530000_478322.040000,147.01
WTW_way_323812199,Fownhope WwTW,wastewater_plant,52.003197,-2.6165517,NODE_357454.080000_234167.090000,342.37
WTW_way_324515312,Unnamed Facility (324515312),wastewater_plant,54.8133483,-3.276523,NODE_318132.850000_547215.010000,77.06
WTW_way_324872239,Unnamed Facility (324872239),wastewater_plant,53.3683266,-0.7923065,NODE_480469.260000_386499.110000,105.13
WTW_way_325763223,Unnamed Facility (325763223),wastewater_plant,53.0461295,-1.7414664,NODE_417626.510000_349815.330000,215.81
WTW_way_325763614,Burntwood STW,wastewater_plant,52.6697817,-1.8838975,NODE_407760.210000_308020.860000,187.85
WTW_way_325892521,Unnamed Facility (325892521),wastewater_plant,52.1570864,-0.6287182,NODE_493756.730000_251821.000000,154.86
WTW_way_326402564,Unnamed Facility (326402564),wastewater_plant,52.8238151,0.8480877,NODE_592026.550000_329060.500000,124.19
WTW_way_326899968,Unnamed Facility (326899968),wastewater_plant,53.1914704,-2.4327767,NODE_370728.390000_366130.080000,452.89
WTW_way_327315662,Madresfield - Waterloo Close (STW,wastewater_plant,52.1310423,-2.2913264,NODE_380061.800000_248146.830000,96.56
WTW_way_327498972,Unnamed Facility (327498972),wastewater_plant,54.280057,-2.4546967,NODE_370430.820000_487397.860000,158.61
WTW_way_327741661,Unnamed Facility (327741661),wastewater_plant,54.9313941,-3.1576167,NODE_326064.240000_560560.070000,343.7
WTW_way_328532706,Unnamed Facility (328532706),wastewater_plant,54.6502881,-2.8814293,NODE_343550.920000_529052.740000,473.45
WTW_way_329640787,Unnamed Facility (329640787),wastewater_plant,52.5348633,-0.9818785,NODE_468852.240000_293643.910000,342.86
WTW_way_330730343,Sewage Works,water_works,53.1399695,-3.8030289,NODE_279640.910000_361606.190000,270.63
WTW_way_331093219,Unnamed Facility (331093219),wastewater_plant,54.3945025,-3.4802229,NODE_303679.480000_500841.240000,316.29
WTW_way_331555039,Unnamed Facility (331555039),wastewater_plant,50.7179041,-3.3663989,NODE_303558.910000_91867.270000,95.44
WTW_way_331687004,Unnamed Facility (331687004),water_works,56.6772632,-5.1380494,NODE_207894.920000_758331.810000,44.83
WTW_way_331841424,Mablethorpe Sewage Treatment Works,wastewater_plant,53.3185084,0.2351354,NODE_548599.660000_382296.500000,437.09
WTW_way_331894574,Manby Sewage Treatment Works,wastewater_plant,53.3547432,0.1096807,NODE_540602.670000_386019.600000,274.07
WTW_way_331981373,Thornwood Wastewater Treatment Works,wastewater_plant,51.7241255,0.1358634,NODE_547639.870000_204848.240000,134.02
WTW_way_332049849,Goddards Green Water Treatment Works,wastewater_plant,50.9714272,-0.1651815,NODE_529345.020000_120730.820000,424.03
WTW_way_332060867,Alvechurch Sewage Treatment Works,wastewater_plant,52.3446636,-1.9547665,NODE_403178.530000_271551.920000,290.56
WTW_way_332403636,Wetheral & Great Corby WwTW,wastewater_plant,54.7795134,-3.3528138,NODE_313322.630000_543911.450000,412.87
WTW_way_332809329,Newham Sewage Treament Works,wastewater_plant,50.2493287,-5.0422184,NODE_183347.610000_43447.960000,241.86
WTW_way_332856674,Dolgellau Waste Water Treatment Works,wastewater_plant,52.7468174,-3.9083982,NODE_271100.830000_318272.390000,178.45
WTW_way_333256914,Yelvertoft (STW),wastewater_plant,52.3781585,-1.1228934,NODE_459919.810000_275783.410000,186.94
WTW_way_333367783,Blackmoorfoot Water Treatment Works,water_works,53.6140589,-1.8512615,NODE_409966.960000_412950.040000,118.9
WTW_way_333404353,Trefnant WwTW,wastewater_plant,53.2322583,-3.4097112,NODE_306121.080000_371688.740000,219.36
WTW_way_334013015,Sewage works,wastewater_plant,50.6632472,-3.6753151,NODE_281884.700000_86049.950000,233.56
WTW_way_334583246,Penisarwaun STW,wastewater_plant,53.1493315,-4.1692364,NODE_254926.140000_363523.120000,105.29
WTW_way_334934384,Unnamed Facility (334934384),wastewater_plant,53.2993063,-1.329184,NODE_444836.550000_378187.050000,67.42
WTW_way_335285066,Woodbury STW Woodbury,wastewater_plant,50.6720713,-3.416078,NODE_299853.970000_86970.510000,259.85
WTW_way_335536634,Unnamed Facility (335536634),water_works,53.4719518,-1.9859237,NODE_401188.380000_397239.660000,156.84
WTW_way_335537275,Unnamed Facility (335537275),water_works,53.4705221,-1.9799124,NODE_401188.380000_397239.660000,287.06
WTW_way_335686465,Llandecwyn Wastewater Treatment Works,wastewater_plant,52.9191127,-4.0515073,NODE_261819.550000_337929.500000,409.42
WTW_way_335686642,Penrhyndeudreaeth Wastewater Treatment Works,wastewater_plant,52.9262618,-4.0579522,NODE_261916.200000_338326.350000,251.37
WTW_way_335719289,Sandhill Park WwTW,wastewater_plant,51.0555419,-3.2032991,NODE_315759.120000_128980.070000,176.12
WTW_way_335794227,Holme on Spalding Moor Sewage Treatment Works,wastewater_plant,53.8281186,-0.7917627,NODE_479885.070000_437460.950000,274.97
WTW_way_336644623,Mortenhampstead Sewage Treatment Plant,wastewater_plant,50.6518844,-3.7449994,NODE_276923.300000_84798.950000,298.24
WTW_way_337193987,Unnamed Facility (337193987),wastewater_plant,53.2767549,-1.4932453,NODE_433766.120000_375708.810000,136.92
WTW_way_337796022,Unnamed Facility (337796022),wastewater_plant,54.7319475,-2.6203889,NODE_359829.320000_537317.080000,437.3
WTW_way_338006500,Lixwm WwTW,wastewater_plant,53.2239929,-3.2498391,NODE_316227.660000_370355.690000,427.93
WTW_way_338020050,Mold Waste Water Treatment Works,wastewater_plant,53.1610242,-3.1286613,NODE_324352.280000_363512.130000,385.3
WTW_way_338124985,Benbecula Water Treatment Works,water_works,57.4593512,-7.3366569,NODE_80086.550000_853483.360000,106.85
WTW_way_338182738,Pontyberem Wastewater Treatment Works,wastewater_plant,51.7762186,-4.184309,NODE_249790.300000_210961.070000,398.29
WTW_way_338285612,Unnamed Facility (338285612),wastewater_plant,54.7639628,-2.7043028,NODE_355097.830000_540944.250000,427.52
WTW_way_338304691,Dickleburgh-Rectory Rd STW,wastewater_plant,52.3995434,1.1907963,NODE_617246.720000_282894.170000,177.37
WTW_way_338464989,Unnamed Facility (338464989),wastewater_plant,54.8360683,-4.0620421,NODE_267943.090000_551287.290000,421.15
WTW_way_338765911,Unnamed Facility (338765911),wastewater_plant,54.9910729,-2.5811572,NODE_362900.900000_566378.300000,53.35
WTW_way_338976827,Weeton Waste Water Treatment Works,wastewater_plant,53.9108518,-1.5569906,NODE_429697.230000_446148.570000,497.7
WTW_way_339210258,Kinnerley (STW),wastewater_plant,52.7803118,-2.9803715,NODE_334403.130000_320538.440000,483.72
WTW_way_339314834,Unnamed Facility (339314834),wastewater_plant,55.195628,-3.9160965,NODE_277922.000000_591114.320000,450.08
WTW_way_339563575,Cibyn SPS,wastewater_plant,53.1370038,-4.2491821,NODE_249964.800000_362278.180000,332.76
WTW_way_340073493,Unnamed Facility (340073493),wastewater_plant,54.5386976,-2.3927927,NODE_374947.700000_516234.250000,348.49
WTW_way_340196662,Ropsley STW,wastewater_plant,52.8908483,-0.5136547,NODE_499841.000000_333856.280000,340.93
WTW_way_340313209,Unnamed Facility (340313209),wastewater_plant,52.8299847,-1.6084954,NODE_426462.100000_325786.700000,112.74
WTW_way_340895143,Unnamed Facility (340895143),wastewater_plant,54.8958499,-2.7166815,NODE_354293.720000_555631.950000,324.46
WTW_way_342270862,Saffron Walden STW,wastewater_plant,52.0238496,0.2313588,NODE_553254.300000_238600.280000,111.0
WTW_way_342714069,Unnamed Facility (342714069),wastewater_plant,51.3709811,0.7575403,NODE_592197.760000_167222.480000,178.66
WTW_way_342936252,Unnamed Facility (342936252),wastewater_plant,54.5982707,-2.6230659,NODE_359739.500000_522877.490000,169.72
WTW_way_342943122,Unnamed Facility (342943122),wastewater_plant,54.6685565,-3.3913424,NODE_309985.710000_531135.060000,403.4
WTW_way_343470008,Unnamed Facility (343470008),wastewater_plant,55.0232999,-2.5993032,NODE_361802.520000_570174.710000,149.74
WTW_way_343529167,Naunton Beauchamp (STW),wastewater_plant,52.1681239,-2.0580051,NODE_395803.150000_251846.160000,486.13
WTW_way_343913505,Newborough WwTW,wastewater_plant,53.1620714,-4.3517287,NODE_242670.280000_364932.670000,466.68
WTW_way_344321411,Sewage works,wastewater_plant,53.1587004,0.1232478,NODE_542347.330000_364775.470000,397.89
WTW_way_345028189,Unnamed Facility (345028189),wastewater_plant,52.5780731,1.2403873,NODE_619659.480000_303022.290000,286.62
WTW_way_345129932,Witney WwTW,wastewater_plant,51.7731483,-1.4967154,NODE_434816.030000_208614.760000,220.6
WTW_way_346293548,Unnamed Facility (346293548),wastewater_plant,54.5185061,-2.6668117,NODE_356648.170000_513846.170000,288.7
WTW_way_346317300,Walton le Dale Wastewater Treatment Works,wastewater_plant,53.7430273,-2.6918785,NODE_353988.750000_427571.500000,479.48
WTW_way_347903868,Sherington STW,wastewater_plant,52.1076499,-0.7154014,NODE_487681.740000_246136.130000,409.54
WTW_way_348705195,Hexham STW,wastewater_plant,54.9734055,-2.0816532,NODE_394940.780000_564048.030000,273.25
WTW_way_348717022,Grasmere WWTW,wastewater_plant,54.4552472,-3.0210994,NODE_333923.330000_506828.420000,303.11
WTW_way_348809175,Unnamed Facility (348809175),wastewater_plant,51.7563906,-4.2150893,NODE_247216.310000_208581.340000,151.37
WTW_way_349323833,Unnamed Facility (349323833),wastewater_plant,57.4230463,-6.2186889,NODE_146867.110000_844946.940000,122.13
WTW_way_350605296,Seahouses STW,wastewater_plant,55.5784367,-1.645133,NODE_422449.430000_631255.970000,444.36
WTW_way_350688376,Unnamed Facility (350688376),wastewater_plant,54.5244416,-3.1524525,NODE_325196.150000_515067.970000,329.21
WTW_way_352999587,Unnamed Facility (352999587),wastewater_plant,52.5835307,1.091529,NODE_609611.150000_303091.580000,204.53
WTW_way_353240127,WWTW,wastewater_plant,55.6043824,-2.8788925,NODE_344769.860000_634799.430000,93.14
WTW_way_353630480,Unnamed Facility (353630480),wastewater_plant,53.0526899,-1.0652236,NODE_463072.690000_351281.150000,417.84
WTW_way_358689420,Saltfleet STW,wastewater_plant,53.4188108,0.1920728,NODE_545716.640000_393492.820000,96.12
WTW_way_359182303,Water Pumps,water_works,52.7636171,-1.2402686,NODE_451120.810000_318586.720000,272.65
WTW_way_359364557,Unnamed Facility (359364557),wastewater_plant,52.7003749,0.8105017,NODE_589691.760000_315348.130000,385.64
WTW_way_359900180,Testwood Water Supply Works,water_works,50.9337893,-1.4958587,NODE_435520.940000_115180.080000,131.49
WTW_way_360042121,Carterton Sewage Treatment Works,wastewater_plant,51.7427846,-1.5967038,NODE_427705.960000_204911.590000,243.66
WTW_way_361438340,Pumping Station,water_works,52.2878477,-0.2814474,NODE_517146.710000_266881.670000,172.03
WTW_way_361634694,Llanuwchllyn Wastewater Treatment Works,wastewater_plant,52.8604498,-3.667702,NODE_288237.320000_330477.470000,421.55
WTW_way_361965411,Aviemore Water Treatment Works,water_works,57.1758902,-3.8368253,NODE_289405.750000_811250.780000,468.63
WTW_way_362766724,Unnamed Facility (362766724),wastewater_plant,54.0018379,-2.2330945,NODE_384886.270000_455873.320000,357.79
WTW_way_362778800,Unnamed Facility (362778800),water_works,52.1691754,-1.7134152,NODE_419898.160000_252141.500000,297.62
WTW_way_362904777,Unnamed Facility (362904777),wastewater_plant,53.981325,-2.1188598,NODE_392202.380000_453868.740000,114.64
WTW_way_363609760,Dolwyddelan WwTW,wastewater_plant,53.0539878,-3.8760579,NODE_274361.540000_352442.290000,50.63
WTW_way_364731995,Debden STW,wastewater_plant,51.9699593,0.2639108,NODE_555750.500000_232629.820000,145.24
WTW_way_365347770,Skipton Sewage Treatment Works,wastewater_plant,53.9469909,-2.0193102,NODE_398992.350000_450407.960000,350.44
WTW_way_366078719,Wigmore (STW),wastewater_plant,52.3135224,-2.8498208,NODE_341951.250000_268762.650000,216.91
WTW_way_367227585,Unnamed Facility (367227585),water_works,51.7763636,-1.3482068,NODE_445116.430000_208946.000000,124.13
WTW_way_367280688,Bugbrooke STW,wastewater_plant,52.2177962,-1.0238469,NODE_466391.440000_258401.990000,452.34
WTW_way_367350044,Unnamed Facility (367350044),water_works,54.3782563,-3.1024481,NODE_328522.280000_498570.500000,80.25
WTW_way_368335825,Unnamed Facility (368335825),water_works,50.2664188,-3.8608338,NODE_267518.840000_42360.730000,44.77
WTW_way_368545724,Unnamed Facility (368545724),wastewater_plant,50.6092472,-2.4630965,NODE_367721.040000_79237.220000,492.67
WTW_way_369103932,Ainsdale Sewage Treatment Works,wastewater_plant,53.5922394,-3.0295885,NODE_331832.700000_411247.970000,172.98
WTW_way_370195251,Unnamed Facility (370195251),wastewater_plant,56.1671163,-4.3659479,NODE_252993.780000_699916.680000,303.57
WTW_way_370421029,Bardon Mill STW,wastewater_plant,54.9742773,-2.3449846,NODE_377917.670000_564459.660000,98.06
WTW_way_370459386,Eithynfynydd Water Treatment Works,water_works,52.7745324,-4.0749739,NODE_260199.720000_321365.880000,320.6
WTW_way_370582530,Unnamed Facility (370582530),water_works,56.2409718,-4.376646,NODE_252988.610000_707912.170000,181.99
WTW_way_370586171,Sewage works,wastewater_plant,51.030563,-3.1597319,NODE_318940.670000_126054.730000,322.68
WTW_way_370588371,Unnamed Facility (370588371),wastewater_plant,52.1397614,-0.369502,NODE_511797.650000_250441.880000,181.06
WTW_way_371152962,Unnamed Facility (371152962),wastewater_plant,56.3590146,-3.8446213,NODE_286382.350000_720014.840000,258.44
WTW_way_371155791,Unnamed Facility (371155791),water_works,56.4035103,-3.8878778,NODE_283373.570000_724744.980000,393.76
WTW_way_371655835,Galafoot Water Depot,water_works,55.6068928,-2.7740434,NODE_351462.950000_634984.710000,161.69
WTW_way_371936540,Gellilydan Wastewater Treatment Works,wastewater_plant,52.9415463,-3.9551112,NODE_268709.600000_340138.570000,111.47
WTW_way_372448587,Unnamed Facility (372448587),water_works,56.5171484,-4.7634106,NODE_229653.810000_739724.750000,461.68
WTW_way_372490492,Unnamed Facility (372490492),water_works,56.0870192,-3.9555866,NODE_278375.470000_690042.650000,80.15
WTW_way_372525027,Sewage Works,water_works,52.9810023,-3.9431671,NODE_269618.540000_344011.470000,382.98
WTW_way_373194874,Unnamed Facility (373194874),water_works,52.2811006,-0.2246138,NODE_521174.600000_266207.230000,60.16
WTW_way_373795190,Unnamed Facility (373795190),water_works,51.1137188,-3.0072955,NODE_329621.010000_135124.920000,296.74
WTW_way_374229178,Unnamed Facility (374229178),wastewater_plant,51.0582106,0.8213396,NODE_597804.110000_132486.810000,63.5
WTW_way_374535296,Unnamed Facility (374535296),wastewater_plant,53.379199,-0.5831406,NODE_494027.230000_387825.700000,322.99
WTW_way_374580553,Unnamed Facility (374580553),wastewater_plant,55.3249266,-3.4342391,NODE_309015.570000_604271.930000,123.29
WTW_way_375892285,Streatley Sewage Treatment Works,wastewater_plant,51.5251249,-1.1449572,NODE_459530.970000_180812.510000,252.11
WTW_way_376143018,Goring Sewage Treatment Works,wastewater_plant,51.5410477,-1.1320772,NODE_460012.360000_182868.760000,279.65
WTW_way_376193518,Black Esk Water Treatment Works,water_works,55.229733,-3.258394,NODE_319961.540000_593301.250000,274.55
WTW_way_376264623,Unnamed Facility (376264623),water_works,55.1294829,-3.1412771,NODE_327440.440000_582323.490000,123.9
WTW_way_376274703,Porthmadog WwTW,wastewater_plant,52.9299112,-4.1223449,NODE_257112.900000_338958.670000,340.7
WTW_way_376644117,Unnamed Facility (376644117),water_works,55.5661401,-3.2698811,NODE_320068.540000_631050.680000,70.74
WTW_way_376700747,Llanfrothen Wastewater Treatment Works,wastewater_plant,52.9573094,-4.0706467,NODE_260909.730000_342163.760000,189.88
WTW_way_376873518,Burscough STW,wastewater_plant,53.6135771,-2.8706575,NODE_342489.600000_413300.410000,54.07
WTW_way_376908321,Unnamed Facility (376908321),wastewater_plant,53.5068759,-2.8467297,NODE_343924.140000_401431.470000,36.02
WTW_way_376908854,Beddgelert WwTW,wastewater_plant,53.0073503,-4.1022041,NODE_259145.860000_347506.260000,155.37
WTW_way_376989332,Wanlockhead Sewage Works,wastewater_plant,55.4052089,-3.7995986,NODE_286432.020000_613583.140000,382.31
WTW_way_377118357,Unnamed Facility (377118357),water_works,55.7304774,-4.3491561,NODE_252476.030000_650978.280000,133.86
WTW_way_377119218,Eaglesham Water Works,water_works,55.7344336,-4.2775301,NODE_256874.230000_651720.270000,424.63
WTW_way_377135056,Malborough Waste Water Treatment Works,wastewater_plant,50.2355094,-3.8074528,NODE_271315.360000_38708.100000,180.46
WTW_way_377214820,Unnamed Facility (377214820),wastewater_plant,56.6977224,-3.7233597,NODE_294604.730000_757442.960000,115.17
WTW_way_377268294,Unnamed Facility (377268294),wastewater_plant,55.3431646,-4.6244332,NODE_233970.260000_608740.980000,336.23
WTW_way_377354053,Unnamed Facility (377354053),wastewater_plant,51.4970585,-0.6854877,NODE_491673.820000_178490.200000,343.53
WTW_way_377558675,Unnamed Facility (377558675),water_works,60.6730922,-1.0663994,NODE_450975.630000_1199065.650000,217.27
WTW_way_378001246,Unnamed Facility (378001246),water_works,55.9912239,-4.3202048,NODE_255658.900000_679922.180000,304.27
WTW_way_378024278,Hawkshead Wastewater Treatment Works,wastewater_plant,54.370378,-2.9944664,NODE_335722.170000_497682.060000,232.68
WTW_way_378231342,Unnamed Facility (378231342),water_works,52.0521548,-2.7363168,NODE_349590.410000_239089.920000,472.85
WTW_way_378458142,Unnamed Facility (378458142),water_works,55.9833939,-4.3190274,NODE_255710.400000_678802.450000,450.82
WTW_way_378458144,Unnamed Facility (378458144),water_works,55.9840926,-4.3191532,NODE_255894.730000_679275.610000,489.8
WTW_way_378760756,Unnamed Facility (378760756),wastewater_plant,54.0717838,-1.7307544,NODE_417534.710000_464157.460000,231.21
WTW_way_378942522,Snaith STW,wastewater_plant,53.6916067,-1.0401259,NODE_463419.730000_422544.310000,438.91
WTW_way_379798777,Unnamed Facility (379798777),wastewater_plant,53.1694687,-3.3465209,NODE_309939.940000_364385.260000,155.78
WTW_way_379949920,Unnamed Facility (379949920),water_works,54.9844623,-4.9202869,NODE_212914.750000_569365.760000,334.05
WTW_way_380092082,Wem - Aston Road (STW),wastewater_plant,52.8529898,-2.7179512,NODE_351362.870000_328590.800000,389.33
WTW_way_380235851,Unnamed Facility (380235851),wastewater_plant,53.4864104,-2.4660116,NODE_369401.380000_398602.580000,418.43
WTW_way_380253503,Unnamed Facility (380253503),wastewater_plant,54.8768256,-4.1862564,NODE_259948.600000_555666.850000,149.68
WTW_way_380593895,Unnamed Facility (380593895),water_works,55.3929332,-3.6698217,NODE_294104.460000_612338.320000,237.05
WTW_way_381689310,Lochmaben Wastewater Treatment Plant,wastewater_plant,55.381759,-3.975447,NODE_274690.620000_611629.930000,267.61
WTW_way_381725360,Unnamed Facility (381725360),wastewater_plant,55.5037127,-4.3422479,NODE_252278.610000_626075.330000,282.0
WTW_way_382672225,Lavington WwTW,wastewater_plant,51.2951595,-2.0038735,NODE_399932.890000_154726.260000,403.18
WTW_way_383327089,Carlton Husthwaite/STW,wastewater_plant,54.258927,-1.8851758,NODE_407645.200000_484735.090000,101.36
WTW_way_383330509,Unnamed Facility (383330509),wastewater_plant,54.1846638,-0.3085288,NODE_510470.480000_477807.030000,56.05
WTW_way_383446625,Unnamed Facility (383446625),wastewater_plant,53.7934444,-1.2029576,NODE_452996.450000_433401.740000,404.66
WTW_way_383655198,Unnamed Facility (383655198),wastewater_plant,55.3803244,-4.5048489,NODE_241212.400000_612424.880000,187.26
WTW_way_383980823,Dalbeattie WWTW,wastewater_plant,54.9224442,-3.8226967,NODE_283080.470000_560346.040000,273.84
WTW_way_383999840,Unnamed Facility (383999840),wastewater_plant,55.3158247,-4.4033937,NODE_247222.840000_605207.320000,388.45
WTW_way_384142377,Unnamed Facility (384142377),wastewater_plant,55.6656593,-4.0475318,NODE_271386.580000_643608.620000,367.07
WTW_way_384145402,Unnamed Facility (384145402),water_works,55.6127716,-3.9877339,NODE_274790.070000_637296.610000,112.87
WTW_way_384145403,Unnamed Facility (384145403),water_works,55.612711,-3.9831796,NODE_275227.230000_637076.920000,170.9
WTW_way_384182105,Dalscone STW (OLD),wastewater_plant,55.0887084,-3.5974821,NODE_297996.940000_578035.330000,305.3
WTW_way_384551353,Lochmaben Sewage Treatment Works,wastewater_plant,55.1218698,-3.42086,NODE_309317.970000_581532.870000,275.88
WTW_way_384797848,Unnamed Facility (384797848),wastewater_plant,52.6092548,-2.432278,NODE_371142.410000_301072.840000,429.17
WTW_way_386515816,Unnamed Facility (386515816),wastewater_plant,56.4687891,-4.3142001,NODE_257350.900000_732688.820000,486.88
WTW_way_387801585,Henllan (Nr Denbigh) WwTW,wastewater_plant,53.2045586,-3.4692994,NODE_301882.130000_368341.950000,180.21
WTW_way_388441478,Crosshands Waste Water Treatment Works,wastewater_plant,51.7911064,-4.0851426,NODE_256421.470000_212202.370000,182.42
WTW_way_390182503,Talgarth Wastewater Treatment Works,wastewater_plant,52.0052019,-3.2364739,NODE_315001.520000_234628.340000,283.18
WTW_way_390436323,Unnamed Facility (390436323),wastewater_plant,51.1399832,-0.6422697,NODE_495102.830000_139079.640000,346.66
WTW_way_390776127,Unnamed Facility (390776127),wastewater_plant,52.6282624,-0.6330896,NODE_492677.140000_304056.500000,216.38
WTW_way_391532341,Llanina WwTW,wastewater_plant,52.2100088,-4.3375964,NODE_240530.170000_259856.670000,443.4
WTW_way_392150887,Wirksworth (STW),wastewater_plant,53.0672589,-1.5770894,NODE_428395.010000_352743.010000,439.07
WTW_way_393887009,Afonwen SOS Wastewater Treatment Works,wastewater_plant,52.9108203,-4.3229038,NODE_243861.310000_337756.420000,411.09
WTW_way_394932990,Port Charlotte Water Treatment Works,wastewater_plant,55.7390399,-6.3953543,NODE_124228.210000_657947.420000,324.48
WTW_way_395490155,Unnamed Facility (395490155),wastewater_plant,53.0154065,-3.8382092,NODE_276395.410000_347948.360000,394.99
WTW_way_395566203,Unnamed Facility (395566203),wastewater_plant,53.371715,-0.4374381,NODE_503948.590000_387266.090000,115.5
WTW_way_395866382,Unnamed Facility (395866382),wastewater_plant,52.394782,-0.4105298,NODE_508210.930000_278672.650000,79.13
WTW_way_396089141,Unnamed Facility (396089141),water_works,52.226784,-0.2770398,NODE_518075.570000_260029.420000,313.46
WTW_way_396265788,Stannah (Thirlmere) WwTW,wastewater_plant,54.5571361,-3.0568723,NODE_331656.390000_518603.870000,137.47
WTW_way_396313654,Thirlmere Water Treatment Works,water_works,54.5625184,-3.0684964,NODE_330815.870000_518917.000000,271.82
WTW_way_396424061,Hendon STW,wastewater_plant,54.8998327,-1.3607484,NODE_441062.820000_556009.120000,301.31
WTW_way_396509033,Unnamed Facility (396509033),wastewater_plant,52.5716273,0.1227188,NODE_544092.530000_299279.820000,158.18
WTW_way_396726616,Sewage Works,wastewater_plant,56.7221814,-2.6243203,NODE_362043.470000_758986.430000,203.63
WTW_way_397206604,Unnamed Facility (397206604),water_works,51.8088762,-3.2150785,NODE_316487.470000_212985.100000,166.22
WTW_way_397373657,Elvington Water Treatment Works,wastewater_plant,53.9285797,-0.9307906,NODE_470626.340000_448710.510000,347.86
WTW_way_398048774,Fort Cumberland Storm Tanks,wastewater_plant,50.7895101,-1.0310591,NODE_468761.530000_99072.840000,449.04
WTW_way_398052694,Unnamed Facility (398052694),wastewater_plant,53.0225802,-2.5863954,NODE_360647.140000_347503.600000,147.43
WTW_way_398129077,Unnamed Facility (398129077),wastewater_plant,54.7358899,-2.1221017,NODE_392235.680000_537800.270000,85.22
WTW_way_398337125,Whitacre Water Treatment Works,water_works,52.5175735,-1.6853955,NODE_421217.720000_291184.970000,235.93
WTW_way_398354139,Unnamed Facility (398354139),water_works,53.9853645,-2.4329157,NODE_371744.780000_454315.980000,141.96
WTW_way_398400032,Unnamed Facility (398400032),water_works,54.8883276,-2.7103424,NODE_354460.620000_554953.050000,139.39
WTW_way_398819816,Ganol WwTW,wastewater_plant,53.2784798,-3.7925633,NODE_280824.440000_377593.950000,449.42
WTW_way_399256835,Poolewe Water Works,water_works,57.7519005,-5.6078577,NODE_185123.710000_879323.710000,300.72
WTW_way_399974142,Chester-le-Street Treatment Works,wastewater_plant,54.9027085,-1.5976229,NODE_426121.610000_556573.850000,227.89
WTW_way_400035900,Nether Broughton (STW),wastewater_plant,52.8208538,-0.9785736,NODE_468780.360000_325546.510000,288.49
WTW_way_400069339,Middleton-in-Teesdale STW,wastewater_plant,54.6197038,-2.0759508,NODE_394736.340000_525127.830000,490.07
WTW_way_400478477,Sewage Works,wastewater_plant,53.2462108,-3.3010949,NODE_313313.860000_372919.060000,36.4
WTW_way_400675584,Endon Sewage Treatment Works,wastewater_plant,53.0849671,-2.0945748,NODE_393598.020000_354010.220000,248.57
WTW_way_401390173,Ffairfach Waste Water Treatment Works,wastewater_plant,51.8713051,-4.0097707,NODE_261427.800000_220990.080000,325.36
WTW_way_401589613,Holme STW,wastewater_plant,54.2011297,-2.73504,NODE_351948.420000_478490.300000,239.9
WTW_way_401610908,Much Wenlock Sewage Works,wastewater_plant,52.6028108,-2.5490998,NODE_362909.150000_300388.940000,309.33
WTW_way_401792521,Cressage Sewage Works,wastewater_plant,52.6345234,-2.5978049,NODE_359311.210000_304312.170000,333.25
WTW_way_402645302,Unnamed Facility (402645302),wastewater_plant,54.9565284,-4.4795177,NODE_241443.730000_564876.360000,386.77
WTW_way_403296455,Unnamed Facility (403296455),wastewater_plant,53.5558542,-0.5000402,NODE_499276.550000_407486.230000,231.94
WTW_way_403459563,Unnamed Facility (403459563),wastewater_plant,55.0067176,-3.8707991,NODE_280587.970000_569535.990000,160.93
WTW_way_403648557,Corwen Wastewater Treatment Works,wastewater_plant,52.9819389,-3.3692627,NODE_308256.560000_343529.700000,119.42
WTW_way_404020809,Much Dewchurch WwTW,wastewater_plant,51.9801368,-2.756693,NODE_348385.630000_231252.920000,407.69
WTW_way_404362603,Consett Sewage Treatment Works,wastewater_plant,54.8894439,-1.8521767,NODE_409503.290000_555151.680000,192.17
WTW_way_404713762,Carnon Downs STW Carnon Downs,wastewater_plant,50.2178599,-5.0992629,NODE_178861.050000_39505.330000,434.06
WTW_way_405077629,Grosmont WwTW,wastewater_plant,51.9132998,-2.8605455,NODE_341248.120000_224265.380000,347.26
WTW_way_405516609,Lamaload Water Works,water_works,53.276939,-2.0501166,NODE_396675.200000_375522.070000,84.96
WTW_way_405964782,Llanegryn Wastewater Treatment Works,wastewater_plant,52.6318663,-4.0455247,NODE_261777.640000_305778.650000,119.76
WTW_way_406558651,Borth Wastewater Treatment Works,wastewater_plant,52.4881004,-4.0411964,NODE_261635.780000_289829.060000,153.42
WTW_way_406960345,Mere Brow STW,wastewater_plant,53.6612411,-2.873011,NODE_342773.210000_418887.860000,431.8
WTW_way_407455741,Sherborne St John WwTW,wastewater_plant,51.3006538,-1.1015909,NODE_462655.830000_155952.770000,172.19
WTW_way_407982648,Ulverston STW,wastewater_plant,54.1859671,-3.061617,NODE_330695.800000_477227.980000,124.75
WTW_way_408533635,Clun (STW),wastewater_plant,52.4222231,-3.0176313,NODE_330967.460000_280996.000000,83.55
WTW_way_408905242,Godshill WTW,wastewater_plant,50.6408704,-1.2588869,NODE_452919.690000_82813.360000,462.76
WTW_way_409422696,Unnamed Facility (409422696),wastewater_plant,52.824691,1.142218,NODE_611844.720000_329815.020000,64.74
WTW_way_410025988,Ravensthorpe Water Treatment Works,water_works,52.3274988,-1.000634,NODE_468145.130000_270491.780000,106.41
WTW_way_410654126,Sewage Works,wastewater_plant,52.6502969,-3.8410632,NODE_275568.490000_307095.970000,334.8
WTW_way_410687995,Ceinws Wastewater Treatment Works,wastewater_plant,52.6381806,-3.8344328,NODE_275909.550000_305925.310000,155.46
WTW_way_410879602,Allonby Waste Water Treatment Works,wastewater_plant,54.7836045,-3.4302037,NODE_307987.340000_544156.620000,134.75
WTW_way_411537559,Unnamed Facility (411537559),wastewater_plant,56.6293042,-2.7555159,NODE_353831.140000_748790.990000,110.91
WTW_way_412445622,Newbiggin WwTW,wastewater_plant,54.111527,-3.1268237,NODE_326808.330000_468949.650000,379.08
WTW_way_412452156,Unnamed Facility (412452156),wastewater_plant,54.243198,-3.0161124,NODE_334053.600000_483527.650000,173.66
WTW_way_412742363,Unnamed Facility (412742363),wastewater_plant,53.7131054,-2.4727484,NODE_368982.840000_424666.360000,495.7
WTW_way_413142201,Ridgewell STW,wastewater_plant,52.026983,0.5561593,NODE_575388.160000_239605.430000,75.51
WTW_way_413333466,Unnamed Facility (413333466),wastewater_plant,52.1220754,-0.2169301,NODE_522302.020000_248119.820000,481.13
WTW_way_413635798,Unnamed Facility (413635798),wastewater_plant,52.8697919,-1.7675167,NODE_415298.300000_330247.530000,449.26
WTW_way_413689207,Unnamed Facility (413689207),wastewater_plant,50.9148139,-3.3716565,NODE_304001.990000_113796.930000,340.63
WTW_way_414416029,Edford WRC,wastewater_plant,51.2363384,-2.4708759,NODE_367469.090000_148617.020000,254.15
WTW_way_414917204,Whitby Sewage Treatment Works,wastewater_plant,54.4665921,-0.6035689,NODE_490221.470000_508604.920000,436.65
WTW_way_414997172,Water Works,water_works,57.3818726,-6.0624583,NODE_156000.070000_839910.080000,240.94
WTW_way_415444080,Unnamed Facility (415444080),wastewater_plant,54.9668081,-1.8636154,NODE_408550.220000_563502.690000,291.74
WTW_way_415721289,Pickering STW,wastewater_plant,54.2458955,-0.7967747,NODE_478408.600000_484049.240000,99.52
WTW_way_416013251,Scarborough STW,wastewater_plant,54.232947,-0.4538197,NODE_500810.360000_482741.390000,284.68
WTW_way_417024011,Unnamed Facility (417024011),wastewater_plant,55.1766694,-2.435778,NODE_372499.650000_586989.150000,157.54
WTW_way_417575104,Unnamed Facility (417575104),wastewater_plant,55.1752781,-2.1741969,NODE_389132.700000_586717.980000,146.96
WTW_way_417604962,Wark-On-Tyne STW,wastewater_plant,55.0842632,-2.2171014,NODE_386301.280000_576708.510000,73.89
WTW_way_417844084,Unnamed Facility (417844084),wastewater_plant,55.2278278,-2.1721437,NODE_388825.200000_592741.880000,340.6
WTW_way_418148272,Castleton WwTW,wastewater_plant,53.5820823,-2.1821724,NODE_388089.980000_409603.480000,105.39
WTW_way_418458775,Sandhurst Sewage Treatment Works,wastewater_plant,51.3430866,-0.7996657,NODE_483832.440000_160960.070000,213.54
WTW_way_418497817,Nant Peris Sewage Works,wastewater_plant,53.1031339,-4.0844049,NODE_260698.040000_358158.550000,170.68
WTW_way_419540030,Unnamed Facility (419540030),wastewater_plant,52.527691,-1.4683833,NODE_436272.370000_292119.280000,240.22
WTW_way_419634518,Unnamed Facility (419634518),wastewater_plant,53.7631416,-0.9848599,NODE_466806.970000_429961.090000,263.53
WTW_way_419932659,Woodhouse Mill No 2 Sewage Treatment Works,wastewater_plant,53.36854,-1.349295,NODE_443178.210000_385835.540000,238.97
WTW_way_420069055,Great Doddington STW,wastewater_plant,52.2685323,-0.7124767,NODE_487716.880000_263815.260000,414.49
WTW_way_420641480,Unnamed Facility (420641480),wastewater_plant,54.8212454,-1.5899237,NODE_426318.050000_547094.870000,381.56
WTW_way_421061598,Abbots Bromley (STW),wastewater_plant,52.8011658,-1.8950411,NODE_407123.400000_322647.200000,54.04
WTW_way_421266578,Unnamed Facility (421266578),wastewater_plant,51.0899758,-3.0012831,NODE_329930.560000_132705.350000,79.9
WTW_way_421282716,Wellington Wastewater Treatment Works,wastewater_plant,50.9898935,-3.2414046,NODE_312589.810000_121799.630000,391.67
WTW_way_421623443,Unnamed Facility (421623443),wastewater_plant,50.5124457,-4.0734606,NODE_252728.430000_70244.180000,376.58
WTW_way_421743986,Upper Arley (STW),wastewater_plant,52.4187555,-2.342408,NODE_376485.250000_280165.330000,325.46
WTW_way_421887725,Unnamed Facility (421887725),wastewater_plant,54.8933891,-1.697026,NODE_419518.860000_555104.760000,342.35
WTW_way_422234732,Hayfield Wastewater Treatment Works,wastewater_plant,53.3817521,-1.9612644,NODE_402973.830000_387201.210000,300.03
WTW_way_422444842,Pity Me Sewage Treatment Works,wastewater_plant,54.8071261,-1.5929211,NODE_426288.340000_545969.290000,91.15
WTW_way_423184826,Kirriemuir Water Treatment Works,wastewater_plant,56.6595156,-2.9996468,NODE_338753.870000_752312.330000,123.41
WTW_way_423650922,Ambleside STW,wastewater_plant,54.4283956,-2.9698147,NODE_337114.420000_504474.580000,384.69
WTW_way_424117085,Ledbury Water Treatment Works,wastewater_plant,52.0314372,-2.4350097,NODE_369950.940000_237111.860000,302.94
WTW_way_424441329,Unnamed Facility (424441329),wastewater_plant,57.5530408,-2.9488318,NODE_343385.650000_851898.450000,92.97
WTW_way_425384616,Burlescombe STW Burlescombe,wastewater_plant,50.9448181,-3.3322966,NODE_306600.440000_116790.580000,232.33
WTW_way_425833296,Lanchester sewage treatment works,wastewater_plant,54.8144466,-1.7318316,NODE_417097.970000_546708.380000,241.08
WTW_way_426815763,Unnamed Facility (426815763),water_works,53.6999193,-2.3546167,NODE_376575.930000_422565.030000,148.61
WTW_way_426815764,Unnamed Facility (426815764),water_works,53.6989486,-2.3545304,NODE_376690.080000_422506.090000,51.86
WTW_way_427654722,Wisley WWTW,wastewater_plant,51.3264379,-0.4802468,NODE_506302.580000_159896.230000,378.21
WTW_way_428478584,Unnamed Facility (428478584),wastewater_plant,56.2699271,-3.1719332,NODE_327520.780000_709164.680000,58.66
WTW_way_428933891,Unnamed Facility (428933891),wastewater_plant,56.3673282,-2.8892544,NODE_345267.470000_719587.980000,237.76
WTW_way_429666495,Reading Sewage Treatment Works,wastewater_plant,51.4294764,-0.9841096,NODE_470493.040000_170337.830000,305.67
WTW_way_429677492,Fishmoor,water_works,53.729889,-2.4651536,NODE_369019.500000_425805.730000,455.75
WTW_way_430354900,Unnamed Facility (430354900),wastewater_plant,50.9018129,-0.5425414,NODE_502180.560000_112126.480000,475.16
WTW_way_430561215,Waste Water Plant,wastewater_plant,52.3144649,-0.2147015,NODE_521923.000000_270098.550000,172.38
WTW_way_430982949,South Moreton Wastewater Treatment Works,wastewater_plant,51.5912311,-1.1854804,NODE_456703.170000_188564.940000,276.73
WTW_way_432462608,Unnamed Facility (432462608),wastewater_plant,52.9811457,-1.8905177,NODE_407193.260000_342631.700000,255.16
WTW_way_432991891,Caldbeck Wastewater Treatment Works,wastewater_plant,54.7501575,-3.0445581,NODE_332626.890000_540059.890000,254.7
WTW_way_433033721,Unnamed Facility (433033721),wastewater_plant,52.342646,-0.0672598,NODE_532146.540000_273252.280000,404.35
WTW_way_434755857,Unnamed Facility (434755857),wastewater_plant,50.7480014,-3.2843785,NODE_309296.170000_95082.090000,190.28
WTW_way_435118739,Unnamed Facility (435118739),wastewater_plant,52.3147635,-0.1231779,NODE_527837.720000_269759.560000,457.76
WTW_way_436361991,Ulpha Water Treatment Works,water_works,54.3412516,-3.2181362,NODE_320888.660000_494719.360000,70.96
WTW_way_436385057,Unnamed Facility (436385057),wastewater_plant,55.616336,-3.511352,NODE_305062.130000_636604.110000,330.96
WTW_way_437574866,Saltmeadows Sewage,wastewater_plant,54.969439,-1.5927849,NODE_426471.650000_563985.810000,306.22
WTW_way_437628562,Unnamed Facility (437628562),wastewater_plant,53.0940965,-0.8032173,NODE_480284.720000_356364.900000,490.3
WTW_way_438131000,Kemnay Wastewater Treatment Plant,wastewater_plant,57.2448059,-2.4448341,NODE_373324.800000_817459.800000,257.79
WTW_way_438306145,Sproxton/STW,wastewater_plant,53.1825726,-1.3247314,NODE_445538.550000_365318.900000,319.01
WTW_way_438405116,Foulsham-Station Rd STW,wastewater_plant,52.7779454,1.0088637,NODE_602976.930000_324307.740000,65.91
WTW_way_438896784,Unnamed Facility (438896784),wastewater_plant,52.8926082,-1.7587432,NODE_416113.270000_332556.140000,340.91
WTW_way_440246564,Mayfield (STW),wastewater_plant,52.9982851,-1.7787485,NODE_415030.580000_344362.010000,226.42
WTW_way_440511249,Unnamed Facility (440511249),water_works,52.0454592,-3.2790788,NODE_312528.600000_239236.980000,180.95
WTW_way_440741513,Unnamed Facility (440741513),wastewater_plant,52.0822221,-2.3804099,NODE_374155.660000_242551.940000,210.0
WTW_way_441467592,Unnamed Facility (441467592),wastewater_plant,54.8528704,-1.4969145,NODE_431981.780000_550819.090000,459.52
WTW_way_442738988,Donyatt WwTW,wastewater_plant,50.9243584,-2.941897,NODE_333941.960000_113880.650000,423.54
WTW_way_444747882,Bethesda Wastewater Treatment Works,wastewater_plant,53.1855329,-4.0762297,NODE_261204.220000_367400.160000,159.52
WTW_way_444882875,Newsham/STW,wastewater_plant,54.4850431,-1.8290293,NODE_411208.110000_509929.970000,58.92
WTW_way_445281727,Acle-Damgate Lane STW,wastewater_plant,52.6331438,1.5565865,NODE_640571.720000_310036.380000,255.36
WTW_way_446686702,Kelloe wastewater treatment works,wastewater_plant,54.7170008,-1.4749119,NODE_434180.330000_536103.830000,325.22
WTW_way_449591576,Altrincham Wastewater Treatment Works,wastewater_plant,53.4115175,-2.3755293,NODE_374998.170000_390417.900000,217.5
WTW_way_449655166,Egton Bridge,wastewater_plant,54.4344837,-0.7547114,NODE_480879.390000_504935.300000,117.58
WTW_way_450499110,Sewage Works,wastewater_plant,52.1367627,-4.5532475,NODE_225711.030000_251587.600000,405.96
WTW_way_451333177,Great Chesterford STW,wastewater_plant,52.0735816,0.1871787,NODE_549647.880000_243868.720000,355.87
WTW_way_452145308,Unnamed Facility (452145308),water_works,50.5058666,-4.4949176,NODE_223206.150000_70341.600000,33.78
WTW_way_453082214,Hope Waste Water Treatment Works,wastewater_plant,53.1151915,-3.0407628,NODE_330641.870000_357798.670000,333.43
WTW_way_454256766,Unnamed Facility (454256766),wastewater_plant,54.3262504,-1.5102887,NODE_431726.320000_492626.500000,312.34
WTW_way_454659346,Faringdon WWTW,wastewater_plant,51.6669094,-1.5995045,NODE_427877.100000_196384.930000,171.04
WTW_way_457208462,Unnamed Facility (457208462),wastewater_plant,54.6623837,-3.2748839,NODE_317767.120000_530539.190000,133.23
WTW_way_457661551,Montgomery Sewage Treatment Works,wastewater_plant,52.5695387,-3.1500597,NODE_322160.260000_297946.640000,469.75
WTW_way_458165454,Unnamed Facility (458165454),wastewater_plant,53.9461277,-2.4630562,NODE_369907.130000_450358.130000,327.78
WTW_way_459083170,Ingbirchworth Water Treatment Works,water_works,53.5496752,-1.6721833,NODE_421788.910000_405976.190000,44.95
WTW_way_459196808,Unnamed Facility (459196808),wastewater_plant,52.5411034,1.454241,NODE_634066.620000_299471.150000,316.16
WTW_way_459594969,Whittle Dene Water Treatment Works,wastewater_plant,54.9994018,-1.8827642,NODE_407362.780000_567186.950000,236.69
WTW_way_460083983,Gissing Wash Lane STW,wastewater_plant,52.4280077,1.1473548,NODE_613966.760000_285784.080000,109.04
WTW_way_460914170,Llannant Waste Water Treatment Works,wastewater_plant,51.6793063,-4.0617251,NODE_257092.000000_199745.090000,473.15
WTW_way_460940620,Bishops Lydeard Sewage Works,wastewater_plant,51.0525707,-3.1670082,NODE_318230.300000_128780.140000,69.86
WTW_way_461214657,Kirkcaldy Wastewater Treatment Works,wastewater_plant,56.1177756,-3.1479234,NODE_328632.750000_692277.170000,90.92
WTW_way_461929532,Glyn Ceiriog Wastewater Treatment Works,wastewater_plant,52.9322311,-3.1771947,NODE_320838.240000_337879.130000,135.67
WTW_way_462998180,Llangernyw WwTW,wastewater_plant,53.1933265,-3.6820509,NODE_287748.890000_367394.240000,176.58
WTW_way_463315240,Water Works,water_works,50.7563416,-1.3303147,NODE_447104.010000_95444.320000,232.76
WTW_way_463629982,Ilminster STW,wastewater_plant,50.9421782,-2.917696,NODE_335900.840000_116226.370000,281.91
WTW_way_464101835,Trebanos Wastewater Treatment Works,wastewater_plant,51.7044357,-3.8662296,NODE_271179.820000_202155.830000,131.64
WTW_way_464508244,Unnamed Facility (464508244),wastewater_plant,53.1273842,-1.1097711,NODE_459843.640000_359271.730000,178.03
WTW_way_465915794,Faygate Wastewater Treatment Works,wastewater_plant,51.0921705,-0.2651493,NODE_521351.160000_133972.550000,235.46
WTW_way_465939152,Coppermills Water Treatment Works,water_works,51.5765085,-0.0468718,NODE_535073.700000_188548.440000,495.93
WTW_way_466714337,Welland (STW),wastewater_plant,52.0511348,-2.2829255,NODE_380810.460000_239020.960000,239.45
WTW_way_467505669,West Vale Waste Water Treatment Works,wastewater_plant,53.6870502,-1.8504879,NODE_410052.810000_421366.620000,197.87
WTW_way_467805129,Unnamed Facility (467805129),wastewater_plant,52.1344712,-1.0251426,NODE_466726.030000_248720.020000,212.11
WTW_way_467981228,Fairford WWTW,wastewater_plant,51.7013225,-1.7725112,NODE_415612.070000_200386.750000,218.92
WTW_way_468366841,Unnamed Facility (468366841),wastewater_plant,52.4062043,-0.4850117,NODE_503213.360000_279766.340000,56.66
WTW_way_468713983,Aldermaston Sewage Treatment Works,wastewater_plant,51.3853561,-1.1517308,NODE_459532.510000_165548.250000,412.32
WTW_way_468825649,Dwygyfylchi Wastewater Treatment Works,wastewater_plant,53.2838598,-3.8952866,NODE_273497.870000_377860.000000,279.63
WTW_way_469159318,Alton Sewage Treatment Works,wastewater_plant,51.1513808,-0.9575113,NODE_473039.070000_140066.800000,426.44
WTW_way_469382870,Southrepps-Lower St STW,wastewater_plant,52.8634029,1.3638286,NODE_626706.690000_334756.290000,199.87
WTW_way_470195858,Unnamed Facility (470195858),wastewater_plant,56.0622261,-4.8162099,NODE_224700.360000_689285.570000,228.92
WTW_way_471550147,Dymchurch WWTW,wastewater_plant,51.0478344,1.0174249,NODE_611726.430000_132065.990000,182.32
WTW_way_473438578,Barton Stacey Water Treatment Works,wastewater_plant,51.1768623,-1.3776467,NODE_443571.060000_141748.700000,395.34
WTW_way_474815906,Unnamed Facility (474815906),water_works,54.4257257,-1.2088458,NODE_451253.420000_503280.720000,411.26
WTW_way_475054456,Unnamed Facility (475054456),water_works,50.8974199,-2.2723422,NODE_381332.260000_111006.150000,398.62
WTW_way_475264780,Keswick STW,wastewater_plant,54.6135883,-3.1559462,NODE_325686.080000_524981.980000,260.89
WTW_way_475459729,Cullompton Sewage Treatment Works,wastewater_plant,50.8480835,-3.3919657,NODE_302296.440000_106223.050000,215.54
WTW_way_475848922,Unnamed Facility (475848922),wastewater_plant,50.3186818,-3.7962898,NODE_272260.770000_47993.100000,90.92
WTW_way_476146421,Brampton STW,wastewater_plant,54.9406713,-2.7694224,NODE_350457.500000_561082.560000,377.32
WTW_way_476228563,Unnamed Facility (476228563),wastewater_plant,54.8520308,-2.9696704,NODE_338007.790000_551160.500000,182.17
WTW_way_476646791,Standlake Wastewater Treatment Works,wastewater_plant,51.7187187,-1.418387,NODE_440599.300000_202446.360000,331.39
WTW_way_476939073,Longford Wastewater Treatment Plant,wastewater_plant,52.6785173,-2.0394559,NODE_397630.220000_308862.150000,232.43
WTW_way_478287611,Unnamed Facility (478287611),water_works,51.4040418,-1.2912144,NODE_449008.070000_167267.580000,436.04
WTW_way_478608180,Unnamed Facility (478608180),wastewater_plant,52.5558891,-0.8289149,NODE_479512.490000_295831.060000,151.01
WTW_way_478820140,Great Dunmow STW,wastewater_plant,51.8665131,0.374656,NODE_563707.480000_221760.210000,450.97
WTW_way_480422017,Unnamed Facility (480422017),water_works,50.8129454,-3.4319851,NODE_299328.460000_102341.600000,171.71
WTW_way_480591570,Unnamed Facility (480591570),wastewater_plant,52.132682,-0.9535829,NODE_471528.360000_248736.280000,197.73
WTW_way_481205835,Unnamed Facility (481205835),wastewater_plant,50.8869004,-3.364574,NODE_304222.270000_110503.660000,146.73
WTW_way_481633004,Church Stretton STW,wastewater_plant,52.5128647,-2.8272763,NODE_344073.710000_290903.620000,123.43
WTW_way_483365518,Partington Wastewater Treatment Works,wastewater_plant,53.4145304,-2.4442499,NODE_370252.360000_391123.150000,361.79
WTW_way_483918466,Unnamed Facility (483918466),wastewater_plant,55.7294799,-4.6235012,NODE_235573.260000_651644.170000,234.5
WTW_way_484241476,Tibenham The Street STW,wastewater_plant,52.4609708,1.1424918,NODE_613763.970000_289590.440000,246.04
WTW_way_484351140,Cannington WwTW,wastewater_plant,51.1475917,-3.0460186,NODE_327143.600000_139476.680000,330.6
WTW_way_486194032,Forest Row Water Treatment Works,wastewater_plant,51.1000402,0.0377048,NODE_542565.170000_135453.720000,214.25
WTW_way_486602844,Unnamed Facility (486602844),wastewater_plant,52.2055564,-0.0928372,NODE_530061.260000_258301.770000,420.76
WTW_way_488326606,Aber Waste Water Treatment Works,wastewater_plant,53.2385903,-4.0237588,NODE_265282.370000_373079.530000,271.62
WTW_way_488837686,Dedham STW,wastewater_plant,51.9622724,0.9972555,NODE_605975.820000_233706.580000,159.6
WTW_way_490545787,Alford STW,wastewater_plant,53.2601277,0.1885337,NODE_546117.260000_376182.210000,272.71
WTW_way_491382584,Unnamed Facility (491382584),water_works,50.4371888,-4.080875,NODE_252286.370000_61434.310000,343.42
WTW_way_491420457,Unnamed Facility (491420457),wastewater_plant,52.4595283,0.6025126,NODE_576498.050000_287550.410000,486.17
WTW_way_492122431,Brighstone WTW,wastewater_plant,50.6378552,-1.4023991,NODE_442629.380000_82401.940000,346.39
WTW_way_492193185,Camps Water Treatment Works,water_works,55.4815263,-3.6112217,NODE_298479.030000_622346.030000,372.86
WTW_way_492531536,Unnamed Facility (492531536),wastewater_plant,56.3860383,-4.0984248,NODE_270545.850000_723428.790000,77.87
WTW_way_492572030,Unnamed Facility (492572030),wastewater_plant,50.6427625,-1.1901913,NODE_457250.720000_82697.440000,208.87
WTW_way_493782540,Pumpsaint WwTW,wastewater_plant,52.0472561,-3.9577622,NODE_265520.090000_240431.840000,349.22
WTW_way_493836685,Unnamed Facility (493836685),wastewater_plant,54.9750458,-2.2348112,NODE_385221.260000_564783.610000,307.15
WTW_way_493859532,Fordcombe WTW,wastewater_plant,51.1426955,0.1757434,NODE_551987.780000_140741.800000,451.76
WTW_way_493866908,Threshers Field Hever WTW,wastewater_plant,51.1817689,0.1311291,NODE_549256.890000_144664.470000,209.76
WTW_way_493867719,Chiddingstone Hoath Sewage Works,wastewater_plant,51.1622171,0.1435385,NODE_550266.250000_142574.790000,294.85
WTW_way_494437191,Unnamed Facility (494437191),wastewater_plant,54.7422503,-3.181226,NODE_324089.460000_539205.880000,42.23
WTW_way_494683888,Unnamed Facility (494683888),wastewater_plant,54.618116,-3.0470411,NODE_332497.130000_525345.450000,69.39
WTW_way_495062816,Unnamed Facility (495062816),water_works,50.8561904,-2.1599506,NODE_388773.390000_106196.580000,130.69
WTW_way_495150312,Unnamed Facility (495150312),wastewater_plant,50.6188181,-1.3722259,NODE_444652.100000_79802.050000,322.57
WTW_way_495188344,Unnamed Facility (495188344),wastewater_plant,52.6141889,-0.6119729,NODE_494236.980000_302653.300000,176.79
WTW_way_495215042,Unnamed Facility (495215042),water_works,54.5877612,-3.3170702,NODE_314879.610000_522149.790000,114.31
WTW_way_495480014,Unnamed Facility (495480014),wastewater_plant,54.7122927,-3.1407112,NODE_326627.470000_535847.960000,20.82
WTW_way_496644514,Waltham (STW),wastewater_plant,52.822001,-0.8246105,NODE_479475.890000_325788.080000,266.57
WTW_way_496721128,Thorverton STW Thorverton,wastewater_plant,50.8059718,-3.5155104,NODE_293251.460000_101538.170000,277.29
WTW_way_496906055,Unnamed Facility (496906055),wastewater_plant,54.5518343,-3.151505,NODE_325683.040000_518279.770000,279.59
WTW_way_497814138,Whitehillocks Water Treatment Works,water_works,56.9061578,-2.9053777,NODE_344903.930000_780249.460000,461.96
WTW_way_498862549,Unnamed Facility (498862549),wastewater_plant,57.0127148,-3.4042675,NODE_314835.680000_792424.140000,260.06
WTW_way_498883950,Unnamed Facility (498883950),water_works,57.024611,-3.2412741,NODE_324702.570000_793284.060000,43.51
WTW_way_500117013,Talybont Reservoir Waterworks,water_works,51.8769669,-3.3015671,NODE_310437.970000_220452.120000,180.79
WTW_way_503582659,Unnamed Facility (503582659),wastewater_plant,50.7845339,-0.6576669,NODE_494749.250000_99151.870000,45.51
WTW_way_503886011,Pinxton Sewage Treatment Works,wastewater_plant,53.0812633,-1.3297119,NODE_444599.540000_353924.230000,402.84
WTW_way_504072681,Unnamed Facility (504072681),water_works,54.2593977,-2.790278,NODE_348781.720000_484923.060000,277.19
WTW_way_504766074,Ambergate (STW),wastewater_plant,53.0602584,-1.472701,NODE_435694.150000_351637.030000,265.92
WTW_way_505040032,Unnamed Facility (505040032),wastewater_plant,54.4217106,-2.5980828,NODE_361217.300000_502923.720000,175.38
WTW_way_505265407,Williamsgate Water Treatment Works,water_works,54.6955705,-3.3470147,NODE_313121.380000_534552.520000,363.8
WTW_way_505350024,Unnamed Facility (505350024),wastewater_plant,54.4632557,-2.5739406,NODE_362928.800000_507568.480000,129.0
WTW_way_506105642,Welton (Wtw) STW,water_works,53.3209895,-0.4783034,NODE_501681.950000_381442.440000,238.19
WTW_way_506117824,Unnamed Facility (506117824),wastewater_plant,51.9063174,-0.5428964,NODE_500337.310000_224417.050000,328.56
WTW_way_506229514,Unnamed Facility (506229514),wastewater_plant,50.2876604,-3.6572205,NODE_282155.030000_44064.270000,349.11
WTW_way_506461074,Unnamed Facility (506461074),water_works,58.4426543,-3.0608958,NODE_338111.210000_951429.380000,458.8
WTW_way_506566810,Unnamed Facility (506566810),wastewater_plant,56.3003405,-3.6828728,NODE_296154.260000_713337.480000,208.42
WTW_way_507032233,Dubbs Water Treatment Works,water_works,54.4067015,-2.8921709,NODE_342163.570000_501610.410000,24.06
WTW_way_507425723,Honington STW,wastewater_plant,52.337998,0.8095363,NODE_591555.100000_274748.870000,85.29
WTW_way_507938100,Purton WWTW,wastewater_plant,51.5996217,-1.8738147,NODE_408817.370000_189434.540000,452.15
WTW_way_509233787,Unnamed Facility (509233787),water_works,54.5357579,-2.7687501,NODE_350277.720000_515769.020000,135.93
WTW_way_509843775,Shrivenham WwTW,wastewater_plant,51.6069475,-1.6478256,NODE_424641.900000_189616.560000,280.46
WTW_way_509889571,Unnamed Facility (509889571),water_works,51.0515348,0.1274154,NODE_549419.450000_130151.650000,214.4
WTW_way_512049497,Unnamed Facility (512049497),wastewater_plant,50.9707792,-2.7836152,NODE_345076.140000_119660.280000,326.64
WTW_way_512807081,Unnamed Facility (512807081),water_works,54.7370473,-3.0331896,NODE_333907.010000_538465.840000,334.19
WTW_way_513864302,Unnamed Facility (513864302),wastewater_plant,54.6260853,-3.3146733,NODE_314963.660000_526261.320000,320.91
WTW_way_514234020,Unnamed Facility (514234020),wastewater_plant,54.6241264,-3.2034429,NODE_322593.220000_526287.260000,265.84
WTW_way_515367660,Pumping Station,water_works,51.4503088,-2.5548702,NODE_361570.050000_172579.150000,70.78
WTW_way_516244180,Nantgaredig Intake Works,water_works,51.8611514,-4.1981585,NODE_248524.420000_219921.630000,472.83
WTW_way_516248704,Overton (nr Wrexham) Wastewater Treatment Works,wastewater_plant,52.9669122,-2.9367631,NODE_337008.520000_341352.060000,209.56
WTW_way_516704245,Mossley STW,wastewater_plant,53.5003256,-2.0406237,NODE_397511.670000_400264.780000,175.35
WTW_way_518001620,Unnamed Facility (518001620),wastewater_plant,53.5352796,-2.0163136,NODE_399321.210000_404279.530000,305.35
WTW_way_518414253,Unnamed Facility (518414253),wastewater_plant,51.6638353,-4.1095836,NODE_254160.300000_197994.240000,232.78
WTW_way_518534750,Chipping Norton Wastewater Treatment Works,wastewater_plant,51.9387294,-1.5727569,NODE_429332.330000_226669.720000,172.13
WTW_way_518633196,Soutergate Waste Water Treatment Plant,wastewater_plant,54.2174849,-3.191121,NODE_322466.630000_480730.300000,125.5
WTW_way_518928112,Unnamed Facility (518928112),water_works,53.2744535,-4.0881439,NODE_261153.930000_377536.570000,375.75
WTW_way_519116939,Whatstandwell (STW),wastewater_plant,53.0825902,-1.5023859,NODE_433299.050000_353928.280000,173.85
WTW_way_519698756,Rugby - Newbold (STW),wastewater_plant,52.382114,-1.2743537,NODE_449646.180000_276420.650000,229.3
WTW_way_520296456,Unnamed Facility (520296456),wastewater_plant,54.0213598,-1.0123121,NODE_464808.610000_458395.440000,426.89
WTW_way_520309682,Unnamed Facility (520309682),wastewater_plant,54.7320814,-3.3826811,NODE_310928.220000_538315.200000,134.67
WTW_way_520780785,Unnamed Facility (520780785),wastewater_plant,53.11926,-1.3083244,NODE_446231.620000_358010.010000,270.8
WTW_way_521237128,Unnamed Facility (521237128),wastewater_plant,54.734252,-3.3527962,NODE_312950.580000_538198.210000,340.59
WTW_way_521290235,Blind Crake WwTW,wastewater_plant,54.7620727,-3.2903038,NODE_317542.230000_541439.310000,485.09
WTW_way_521527929,Unnamed Facility (521527929),wastewater_plant,54.8511222,-3.2801779,NODE_317697.160000_551671.940000,301.32
WTW_way_521823673,Wigton STW,wastewater_plant,54.8350521,-3.1574543,NODE_325741.700000_549062.560000,465.1
WTW_way_522106603,Unnamed Facility (522106603),wastewater_plant,54.9022292,-3.0888206,NODE_330288.460000_557005.640000,74.51
WTW_way_522465489,Unnamed Facility (522465489),wastewater_plant,50.736885,-1.3564171,NODE_445697.940000_93470.670000,305.25
WTW_way_522465490,Unnamed Facility (522465490),wastewater_plant,50.7367889,-1.3563738,NODE_445697.940000_93470.670000,311.91
WTW_way_523449670,Amlwch Wastewater Treatment Works,wastewater_plant,53.4159107,-4.3359891,NODE_244739.840000_393744.770000,220.55
WTW_way_523678864,Unnamed Facility (523678864),wastewater_plant,54.9211523,-2.9981909,NODE_335925.740000_558799.100000,246.14
WTW_way_524115855,Crynant Waste Water Treatment Works,wastewater_plant,51.7210886,-3.7536073,NODE_278966.850000_204077.010000,136.88
WTW_way_524172026,Unnamed Facility (524172026),wastewater_plant,57.0827951,-2.6694981,NODE_359683.180000_799181.300000,196.54
WTW_way_525822033,Unnamed Facility (525822033),wastewater_plant,52.1311341,-0.7632916,NODE_484668.270000_249118.570000,317.13
WTW_way_526514271,Unnamed Facility (526514271),water_works,53.6537728,-2.1422963,NODE_390825.370000_417494.010000,133.34
WTW_way_526529043,Unnamed Facility (526529043),wastewater_plant,51.9745678,0.8873891,NODE_598475.870000_234350.940000,269.8
WTW_way_527017884,Unnamed Facility (527017884),wastewater_plant,53.0544444,-1.3305136,NODE_444601.250000_350778.230000,434.39
WTW_way_527108317,Cardigan Sewage Works,wastewater_plant,52.0838782,-4.6711251,NODE_217229.250000_246061.490000,206.32
WTW_way_527472400,Grey Southen WwTW,wastewater_plant,54.67303,-2.8605789,NODE_344598.180000_530795.850000,428.16
WTW_way_527862280,Tattenhall Wastewater Treatment Works,wastewater_plant,53.1279156,-2.7805538,NODE_347979.490000_359163.650000,144.35
WTW_way_529700061,Unnamed Facility (529700061),wastewater_plant,54.657381,-3.5019031,NODE_302762.790000_530330.400000,469.64
WTW_way_530037652,Unnamed Facility (530037652),wastewater_plant,50.9025265,-2.9404093,NODE_333930.010000_111748.420000,130.19
WTW_way_530333929,Unnamed Facility (530333929),wastewater_plant,54.6485624,-3.4633806,NODE_305619.990000_529253.360000,120.02
WTW_way_530498633,Unnamed Facility (530498633),water_works,54.8760411,-2.6640508,NODE_357448.830000_553725.720000,62.94
WTW_way_531010982,Unnamed Facility (531010982),wastewater_plant,55.9351566,-3.6995092,NODE_293901.070000_672709.040000,65.61
WTW_way_531011028,Unnamed Facility (531011028),wastewater_plant,55.9360715,-3.7403834,NODE_291771.150000_672611.590000,442.62
WTW_way_531086336,Unnamed Facility (531086336),water_works,53.9861312,-2.0000414,NODE_400073.560000_454445.310000,22.62
WTW_way_531169499,Audlem WwTW,wastewater_plant,52.9853444,-2.5174087,NODE_365702.270000_343112.290000,362.67
WTW_way_531208455,Unnamed Facility (531208455),wastewater_plant,53.203282,-2.7664412,NODE_348743.230000_367703.720000,175.33
WTW_way_531448848,Unnamed Facility (531448848),wastewater_plant,56.1433224,-3.3760337,NODE_314824.900000_695603.350000,328.65
WTW_way_531677888,Unnamed Facility (531677888),wastewater_plant,56.0332094,-4.3979966,NODE_250665.790000_684964.440000,112.91
WTW_way_531918166,Unnamed Facility (531918166),wastewater_plant,50.3837469,-3.9644148,NODE_260326.400000_55622.800000,113.5
WTW_way_532765458,Unnamed Facility (532765458),wastewater_plant,55.7178985,-2.1672217,NODE_389261.920000_647539.300000,491.31
WTW_way_532877988,Berwick STW,wastewater_plant,55.7659598,-2.0305288,NODE_397969.010000_652833.860000,385.49
WTW_way_533547683,Unnamed Facility (533547683),wastewater_plant,54.5596338,-3.4776486,NODE_304476.040000_519245.430000,71.48
WTW_way_533895398,Erlestoke WwTW,wastewater_plant,51.287111,-2.0464278,NODE_396878.930000_154479.010000,258.9
WTW_way_534318345,Unnamed Facility (534318345),wastewater_plant,51.0021149,-2.4719169,NODE_367219.620000_122255.850000,444.32
WTW_way_534644372,Unnamed Facility (534644372),wastewater_plant,57.9541318,-6.7426132,NODE_119377.240000_905816.310000,209.34
WTW_way_534680426,Unnamed Facility (534680426),wastewater_plant,56.1450384,-3.2520297,NODE_322126.210000_695367.050000,184.08
WTW_way_534787147,Unnamed Facility (534787147),wastewater_plant,54.6218285,-2.5720352,NODE_363312.670000_525132.500000,253.88
WTW_way_535135453,Unnamed Facility (535135453),water_works,53.3663162,-1.5984765,NODE_426891.840000_385799.690000,244.51
WTW_way_539197315,Barnard Castle Sewage Treatment Works,wastewater_plant,54.5349587,-1.9100995,NODE_406263.910000_515250.100000,442.61
WTW_way_539998023,Unnamed Facility (539998023),wastewater_plant,50.7462599,-3.2840903,NODE_309415.320000_94773.180000,122.58
WTW_way_540190285,Unnamed Facility (540190285),wastewater_plant,54.4931278,-1.6801146,NODE_420710.300000_510919.690000,108.77
WTW_way_542599926,Edmundbyers STW,wastewater_plant,54.8427513,-1.9787499,NODE_401371.910000_549643.890000,155.82
WTW_way_542922394,Unnamed Facility (542922394),wastewater_plant,56.0576961,-4.4517856,NODE_247407.940000_687569.390000,126.53
WTW_way_543476524,Unnamed Facility (543476524),wastewater_plant,54.4482788,-2.6046445,NODE_361065.850000_506405.260000,402.63
WTW_way_546339092,Unnamed Facility (546339092),wastewater_plant,54.4673058,-1.7806602,NODE_414374.950000_508046.640000,68.5
WTW_way_546585390,Unnamed Facility (546585390),wastewater_plant,54.4373959,-1.7130085,NODE_418833.350000_504552.060000,191.55
WTW_way_547096533,Unnamed Facility (547096533),wastewater_plant,56.6864334,-2.861928,NODE_347301.620000_755212.220000,86.91
WTW_way_547612557,Unnamed Facility (547612557),water_works,54.4409237,-3.5273699,NODE_301149.250000_506004.640000,165.96
WTW_way_548155844,Unnamed Facility (548155844),wastewater_plant,54.4875986,-2.352009,NODE_377606.410000_510388.980000,323.04
WTW_way_548613202,Longmore Brook Flapped Outfall,water_works,51.4468753,-2.6244375,NODE_356686.850000_172185.380000,19.26
WTW_way_548703561,Rushmoor (STW),wastewater_plant,52.7171728,-2.5691621,NODE_361290.910000_313652.820000,422.76
WTW_way_548905007,Unnamed Facility (548905007),wastewater_plant,50.983103,-2.723333,NODE_348931.460000_120872.010000,443.1
WTW_way_548972099,Unnamed Facility (548972099),wastewater_plant,55.6026881,-2.7140351,NODE_354851.030000_634651.890000,269.86
WTW_way_549718908,Lancaster Terrace (STW),wastewater_plant,51.935771,-2.396877,NODE_372649.880000_226363.820000,176.8
WTW_way_550414564,Unnamed Facility (550414564),wastewater_plant,52.3881944,0.7393633,NODE_586710.270000_280021.860000,277.01
WTW_way_551591950,Unnamed Facility (551591950),water_works,53.5633754,-2.3182589,NODE_379110.840000_407237.190000,244.6
WTW_way_552897344,Tewkesbury Sewage Treatment Works,wastewater_plant,51.9838482,-2.1708492,NODE_387957.450000_231749.110000,406.32
WTW_way_553528719,Kingsclere Sewage Treatment Works,wastewater_plant,51.3449954,-1.2397495,NODE_453043.380000_161157.530000,226.42
WTW_way_553838568,Stanhope Sewage Treatment Works,wastewater_plant,54.7365976,-1.9917427,NODE_400835.810000_537832.660000,240.45
WTW_way_554576482,Unnamed Facility (554576482),wastewater_plant,50.8257784,-2.8071302,NODE_343295.820000_103095.450000,140.32
WTW_way_555452714,Unnamed Facility (555452714),water_works,51.4353794,-0.9874012,NODE_470410.970000_171297.760000,125.59
WTW_way_555452716,Unnamed Facility (555452716),water_works,51.4350843,-0.9875381,NODE_470410.970000_171297.760000,149.71
WTW_way_555452718,Unnamed Facility (555452718),water_works,51.4352871,-0.9869242,NODE_470605.690000_171072.920000,143.42
WTW_way_555452720,Unnamed Facility (555452720),water_works,51.4349943,-0.9870679,NODE_470605.690000_171072.920000,126.88
WTW_way_555452722,Unnamed Facility (555452722),water_works,51.4351846,-0.9864114,NODE_470605.690000_171072.920000,114.56
WTW_way_555452724,Unnamed Facility (555452724),water_works,51.435099,-0.9859487,NODE_470605.690000_171072.920000,94.61
WTW_way_555452726,Unnamed Facility (555452726),water_works,51.434813,-0.9860837,NODE_470605.690000_171072.920000,67.4
WTW_way_555452728,Unnamed Facility (555452728),water_works,51.4355089,-0.9880364,NODE_470410.970000_171297.760000,93.28
WTW_way_555452730,Unnamed Facility (555452730),water_works,51.4351545,-0.9880485,NODE_470410.970000_171297.760000,131.39
WTW_way_555452732,Unnamed Facility (555452732),water_works,51.4348995,-0.9865504,NODE_470605.690000_171072.920000,93.61
WTW_way_555452734,Unnamed Facility (555452734),water_works,51.4350655,-0.9830835,NODE_470686.720000_171052.340000,147.95
WTW_way_555452735,Unnamed Facility (555452735),water_works,51.4347044,-0.9830976,NODE_470686.720000_171052.340000,120.16
WTW_way_556846220,Milnthorpe STW,wastewater_plant,54.2288496,-2.7835357,NODE_348867.700000_481480.520000,301.92
WTW_way_557517325,Unnamed Facility (557517325),wastewater_plant,53.264173,-4.5243233,NODE_232091.730000_376912.930000,403.26
WTW_way_557592343,Glenridding Wastewater Treatment Works,wastewater_plant,54.5432432,-2.9526959,NODE_338283.620000_516833.060000,182.56
WTW_way_557968679,Ardingly WTW,wastewater_plant,51.0408006,-0.07618,NODE_535061.090000_128245.190000,355.23
WTW_way_557973722,Bruton Wastewater Treatment Works,wastewater_plant,51.1037406,-2.4701688,NODE_367431.760000_134217.150000,381.48
WTW_way_560304632,Unnamed Facility (560304632),wastewater_plant,52.0407002,-0.3570296,NODE_512933.600000_239059.430000,288.63
WTW_way_560974117,Unnamed Facility (560974117),wastewater_plant,52.6346039,-2.3080668,NODE_378956.230000_304117.440000,292.14
WTW_way_560975851,Unnamed Facility (560975851),wastewater_plant,53.4569077,-2.4881026,NODE_367580.760000_396056.280000,388.94
WTW_way_567188368,Unnamed Facility (567188368),water_works,57.4087903,-2.467117,NODE_372188.110000_835282.540000,247.52
WTW_way_568442133,Shorwell WTW,wastewater_plant,50.6399514,-1.366528,NODE_445000.000000_82437.250000,109.8
WTW_way_569030877,Unnamed Facility (569030877),wastewater_plant,52.4747478,-1.4401123,NODE_438056.740000_286400.630000,90.17
WTW_way_572128884,DA Sewage Collector Plant,wastewater_plant,51.6708833,-1.861311,NODE_409664.880000_196713.170000,197.89
WTW_way_572648323,Unnamed Facility (572648323),wastewater_plant,52.770161,-1.6029541,NODE_426575.600000_319208.590000,311.37
WTW_way_573845392,Unnamed Facility (573845392),water_works,54.4671524,-0.6238415,NODE_489198.290000_509072.350000,245.62
WTW_way_574022088,Upavon WwTW,wastewater_plant,51.2870726,-1.8052688,NODE_413525.120000_154274.730000,156.38
WTW_way_575056439,Pontllyfni WWTW,wastewater_plant,53.0492111,-4.3388285,NODE_243275.150000_352887.650000,124.69
WTW_way_575085514,Turriff Sewage Works,wastewater_plant,57.5419066,-2.4766932,NODE_371586.640000_850238.010000,66.03
WTW_way_575092084,Unnamed Facility (575092084),wastewater_plant,57.5840284,-2.0829821,NODE_395240.980000_854729.020000,192.75
WTW_way_575560610,Unnamed Facility (575560610),wastewater_plant,53.7970369,-1.9232662,NODE_405298.930000_433471.970000,157.22
WTW_way_575560613,Unnamed Facility (575560613),wastewater_plant,53.7971195,-1.9235676,NODE_405298.930000_433471.970000,173.18
WTW_way_575650738,Unnamed Facility (575650738),water_works,52.7302791,0.3799459,NODE_560401.060000_317507.080000,416.54
WTW_way_575650739,Unnamed Facility (575650739),water_works,52.7305579,0.3793694,NODE_560401.060000_317507.080000,370.32
WTW_way_576697278,Unnamed Facility (576697278),wastewater_plant,57.0794961,-4.0447577,NODE_276297.800000_800447.410000,193.31
WTW_way_582673906,Unnamed Facility (582673906),water_works,57.0193779,-4.2900377,NODE_261117.140000_794254.910000,117.56
WTW_way_584308092,Preston (Clifton Marsh) STW,wastewater_plant,53.7469385,-2.8291832,NODE_345565.280000_427821.370000,368.88
WTW_way_584556508,Unnamed Facility (584556508),wastewater_plant,53.5468016,-2.3745228,NODE_375376.660000_405589.610000,106.96
WTW_way_586349962,Rawdon Waste Water Treatment Works,wastewater_plant,53.8374814,-1.67607,NODE_421649.040000_437586.690000,441.84
WTW_way_586866879,Unnamed Facility (586866879),wastewater_plant,54.0547516,-2.7944856,NODE_347986.960000_462455.120000,125.14
WTW_way_586866882,Unnamed Facility (586866882),wastewater_plant,54.0549118,-2.7945503,NODE_347986.960000_462455.120000,111.74
WTW_way_588729328,Unnamed Facility (588729328),water_works,51.7524882,-1.2722616,NODE_449919.980000_206477.440000,481.58
WTW_way_589066240,Unnamed Facility (589066240),wastewater_plant,50.9697525,0.1628449,NODE_551600.780000_121123.930000,356.55
WTW_way_589208312,Cantref Water Treatment Works,water_works,51.8263776,-3.4523544,NODE_300236.750000_214892.380000,378.08
WTW_way_589645091,Glenluce STW,wastewater_plant,54.872908,-4.8158718,NODE_219415.310000_556505.750000,252.86
WTW_way_591626717,Bredon (STW),wastewater_plant,52.0258415,-2.1258223,NODE_391218.420000_236412.620000,246.19
WTW_way_592015940,Eckington Works (STW),wastewater_plant,52.0629142,-2.1193045,NODE_391822.560000_240245.180000,281.07
WTW_way_592364756,Chellington STW,wastewater_plant,52.1957341,-0.5993001,NODE_495554.020000_256501.960000,412.11
WTW_way_594078555,Lydeard St. Lawrence Sewage Works,wastewater_plant,51.0858004,-3.2457817,NODE_313025.950000_132410.420000,244.24
WTW_way_594079395,Lydeard St. Lawrence Sewage Works,wastewater_plant,51.0813878,-3.2432301,NODE_313025.950000_132410.420000,333.94
WTW_way_595392601,Gweek Sewage Treatment Works,wastewater_plant,50.0954987,-5.2063363,NODE_170635.360000_26747.710000,182.72
WTW_way_595766004,Unnamed Facility (595766004),wastewater_plant,50.1161384,-5.1670323,NODE_173714.050000_29066.610000,256.31
WTW_way_598204065,Unnamed Facility (598204065),wastewater_plant,50.9223517,-0.1002245,NODE_533410.800000_115526.300000,260.77
WTW_way_598499213,Tregarth Wastewater Treatment Works,wastewater_plant,53.1962491,-4.0850754,NODE_260775.600000_369006.050000,404.77
WTW_way_598533769,Altrincham Wastewater Treatment Works,wastewater_plant,53.4106491,-2.372819,NODE_374998.170000_390417.900000,324.49
WTW_way_601413885,Unnamed Facility (601413885),wastewater_plant,55.6876096,-3.6534138,NODE_295812.590000_645219.880000,386.09
WTW_way_603960382,water pumping station,water_works,54.2495489,-0.7933419,NODE_478408.600000_484049.240000,494.75
WTW_way_607179223,Newbridge-on-Wye Wastewater Treatment Works,wastewater_plant,52.2124751,-3.443245,NODE_301386.520000_258247.460000,162.13
WTW_way_608139080,Unnamed Facility (608139080),wastewater_plant,50.3307317,-4.5136478,NODE_221168.280000_50796.380000,98.6
WTW_way_609762697,Springhead Pumping Station,water_works,53.7509276,-0.4217982,NODE_504034.820000_429055.450000,403.48
WTW_way_610547934,Unnamed Facility (610547934),wastewater_plant,54.6890845,-3.3341893,NODE_314322.980000_533222.520000,350.96
WTW_way_610566745,Unnamed Facility (610566745),wastewater_plant,54.7213287,-3.3018275,NODE_316291.600000_537206.520000,176.21
WTW_way_610891901,Croesor 3 Wastewater Treatment Works,wastewater_plant,52.981026,-4.0418964,NODE_263219.560000_344710.710000,247.36
WTW_way_611221065,St. Briavels WwTW,wastewater_plant,51.737635,-2.6512136,NODE_354970.650000_204862.050000,371.65
WTW_way_612005820,Unnamed Facility (612005820),wastewater_plant,51.0263921,-0.1416293,NODE_530669.080000_126552.610000,401.59
WTW_way_612631785,Brockweir WwTW,wastewater_plant,51.7130967,-2.6583167,NODE_354526.830000_202132.290000,342.48
WTW_way_614080360,Unnamed Facility (614080360),water_works,53.3288783,-3.4218838,NODE_305619.090000_382140.270000,253.89
WTW_way_614589337,Unnamed Facility (614589337),water_works,53.3367895,-3.4060246,NODE_306114.730000_382912.540000,419.94
WTW_way_616562676,Unnamed Facility (616562676),wastewater_plant,54.618847,-3.0806387,NODE_330335.640000_525032.900000,358.91
WTW_way_617640943,Unnamed Facility (617640943),wastewater_plant,57.3023534,-2.1174769,NODE_393069.870000_823566.040000,57.26
WTW_way_617820168,Newchapel WwTW,wastewater_plant,52.022886,-4.5874604,NODE_222464.440000_239082.070000,165.97
WTW_way_618963867,Cilgerran WwTW,wastewater_plant,52.0576071,-4.635958,NODE_219492.670000_243255.850000,128.47
WTW_way_619298999,Wadebridge Sewage Works,wastewater_plant,50.5249338,-4.8493875,NODE_198114.810000_73434.300000,95.38
WTW_way_621149028,Unnamed Facility (621149028),wastewater_plant,50.7554147,-4.5005868,NODE_223833.580000_98279.720000,235.89
WTW_way_623568524,Unnamed Facility (623568524),wastewater_plant,54.4187185,-1.265344,NODE_447615.810000_502703.720000,202.51
WTW_way_624191441,Oulston Water Treatment Works,wastewater_plant,54.1591705,-1.1621549,NODE_454749.950000_473870.530000,169.55
WTW_way_624206228,Culmstock STW Culmstock,wastewater_plant,50.9149309,-3.282247,NODE_310102.230000_113758.080000,204.78
WTW_way_625995546,Unnamed Facility (625995546),wastewater_plant,53.0987337,-1.5309697,NODE_431497.020000_356019.580000,193.24
WTW_way_626254622,Goytre WwTW,wastewater_plant,51.7466484,-2.9713329,NODE_332983.570000_205830.170000,77.91
WTW_way_626520980,Wash Water WWTW,wastewater_plant,51.3606039,-1.3477997,NODE_445713.060000_163003.930000,458.89
WTW_way_626664311,Abercych Sewage Works,wastewater_plant,52.041025,-4.5624046,NODE_224607.040000_241359.360000,314.21
WTW_way_626674934,Dearham STW,wastewater_plant,54.7179,-3.4450916,NODE_306933.180000_537163.970000,337.43
WTW_way_626952116,Unnamed Facility (626952116),wastewater_plant,56.2107434,-2.8389109,NODE_347692.110000_702016.430000,488.08
WTW_way_628041940,Unnamed Facility (628041940),wastewater_plant,54.7632161,-3.3886838,NODE_310950.850000_541673.560000,244.85
WTW_way_628069221,Unnamed Facility (628069221),wastewater_plant,55.7770474,-4.2299064,NODE_260016.520000_656103.530000,239.97
WTW_way_630237248,Ripple Works (STW),wastewater_plant,52.0399475,-2.181344,NODE_387703.510000_237794.090000,176.13
WTW_way_630519126,Downton Sewage Treatment Works,wastewater_plant,50.9828543,-1.7499296,NODE_417351.550000_120229.250000,350.93
WTW_way_631151774,Mannofield Waterworks,water_works,57.1277741,-2.1402655,NODE_391460.000000_803647.000000,481.11
WTW_way_631516130,Unnamed Facility (631516130),water_works,51.857255,-4.2471526,NODE_245151.420000_220035.160000,194.1
WTW_way_631647298,Menagwins Sewage Treatment Works,wastewater_plant,50.3237335,-4.7945747,NODE_201298.500000_50856.000000,125.13
WTW_way_633980220,Lochwinnoch Sewage Works,wastewater_plant,55.7946172,-4.6234953,NODE_235858.380000_658532.050000,369.3
WTW_way_638270420,Llechryd Sewage Works,wastewater_plant,52.0621467,-4.6101859,NODE_221269.820000_243595.150000,110.9
WTW_way_638499671,Unnamed Facility (638499671),wastewater_plant,57.2734725,-2.3640774,NODE_378322.880000_820033.990000,384.36
WTW_way_638735559,Unnamed Facility (638735559),wastewater_plant,50.8409008,0.1839587,NODE_553731.230000_106800.180000,148.6
WTW_way_638735564,Unnamed Facility (638735564),water_works,50.8405323,0.1849088,NODE_553731.230000_106800.180000,201.64
WTW_way_638735565,Unnamed Facility (638735565),water_works,50.8414609,0.1822134,NODE_553731.230000_106800.180000,128.63
WTW_way_639769639,Unnamed Facility (639769639),water_works,52.4496002,1.5402653,NODE_640605.180000_289198.650000,216.65
WTW_way_639910881,Norham STW,wastewater_plant,55.7215318,-2.1570433,NODE_389787.140000_647721.070000,468.57
WTW_way_641531646,Earby Sewage Treatment Works,wastewater_plant,53.9216961,-2.1392454,NODE_390712.570000_446936.210000,429.08
WTW_way_643891775,Felindre Farchog Sewage Works,wastewater_plant,52.016373,-4.7731368,NODE_210034.670000_238943.740000,232.05
WTW_way_645522645,Rillington/STW,wastewater_plant,54.1611967,-0.7038227,NODE_484443.510000_474672.030000,292.5
WTW_way_646069171,Unnamed Facility (646069171),wastewater_plant,54.1413972,-0.7289795,NODE_482756.640000_472214.930000,454.9
WTW_way_654058148,Unnamed Facility (654058148),wastewater_plant,52.321336,-1.3666937,NODE_443370.760000_269002.950000,445.76
WTW_way_655310114,Whittle Colliery STW,wastewater_plant,55.3534043,-1.726259,NODE_417418.060000_606560.640000,81.02
WTW_way_655921778,Unnamed Facility (655921778),water_works,52.5217395,-1.2908271,NODE_448104.300000_291807.480000,115.13
WTW_way_657827797,Unnamed Facility (657827797),wastewater_plant,53.3650326,-2.3743182,NODE_374802.870000_385705.680000,482.82
WTW_way_658503791,Persley Waste Water Treatment Works,wastewater_plant,57.1780807,-2.155158,NODE_390956.400000_809489.810000,322.08
WTW_way_659513234,Forest Green WTW,wastewater_plant,51.1548933,-0.3973695,NODE_512503.110000_140747.650000,327.28
WTW_way_659896071,Unnamed Facility (659896071),wastewater_plant,51.1528759,-0.0535575,NODE_536500.860000_141053.900000,278.71
WTW_way_661674796,Unnamed Facility (661674796),wastewater_plant,50.9373229,-3.1215572,NODE_321099.680000_116102.720000,264.45
WTW_way_662646825,Unnamed Facility (662646825),wastewater_plant,52.1186113,-1.2832887,NODE_449180.680000_247023.060000,83.78
WTW_way_663357634,Unnamed Facility (663357634),wastewater_plant,54.1856944,-0.5360047,NODE_495870.210000_477659.760000,235.78
WTW_way_663580547,Unnamed Facility (663580547),wastewater_plant,50.8366827,-2.9407003,NODE_333838.500000_104778.950000,228.57
WTW_way_663580554,Tatworth STW Tatworth,wastewater_plant,50.8386821,-2.9422572,NODE_333838.500000_104778.950000,90.01
WTW_way_663799263,Unnamed Facility (663799263),wastewater_plant,50.8832226,-2.78223,NODE_345309.880000_109570.360000,242.44
WTW_way_663799266,Unnamed Facility (663799266),wastewater_plant,50.9118184,-2.7811799,NODE_345359.550000_113152.220000,419.16
WTW_way_665160407,Dowlish Wake WwTW,wastewater_plant,50.9136482,-2.8941961,NODE_337391.720000_112821.510000,293.59
WTW_way_665516523,Unnamed Facility (665516523),wastewater_plant,51.2563878,-2.4832097,NODE_366579.620000_151027.810000,232.99
WTW_way_665516535,Coleford WwTW,wastewater_plant,51.2386149,-2.443474,NODE_369107.860000_148854.300000,72.07
WTW_way_665873226,Unnamed Facility (665873226),wastewater_plant,52.3273158,-1.2590841,NODE_450160.930000_270284.790000,443.92
WTW_way_665914830,Raglan WwTW,wastewater_plant,51.7605581,-2.8487155,NODE_341640.070000_207143.060000,139.58
WTW_way_666284694,Unnamed Facility (666284694),wastewater_plant,54.8605076,-1.6685177,NODE_421300.290000_551548.010000,259.73
WTW_way_666444388,Burton Agnes/STW,wastewater_plant,54.1319079,-0.33844,NODE_508637.430000_471973.760000,40.17
WTW_way_666618029,Caton Wastewater Treatment Plant,wastewater_plant,54.0788865,-2.7210959,NODE_352787.620000_464912.110000,165.32
WTW_way_668296845,Wivelsfield WTW,wastewater_plant,50.9661838,-0.0954954,NODE_533832.190000_120342.990000,86.95
WTW_way_669694545,Brynmawr Wastewater Treatment Works,wastewater_plant,51.8049408,-3.153768,NODE_320228.470000_212241.580000,374.32
WTW_way_671412628,Loughborough (STW),wastewater_plant,52.7863928,-1.2150933,NODE_452785.750000_321699.590000,499.0
WTW_way_671988726,Unnamed Facility (671988726),water_works,54.0353193,-2.7866206,NODE_348923.650000_460506.410000,454.78
WTW_way_672185035,Unnamed Facility (672185035),wastewater_plant,54.3633526,-1.8260787,NODE_411542.230000_496490.000000,151.78
WTW_way_672876099,Pontrhydyceirt Sewage Works,wastewater_plant,52.0522406,-4.6101608,NODE_221108.370000_242634.930000,104.99
WTW_way_672978181,Unnamed Facility (672978181),water_works,53.9899307,-2.5158318,NODE_365965.620000_454951.540000,314.0
WTW_way_673112934,Unnamed Facility (673112934),water_works,53.8655422,-2.5749765,NODE_362216.110000_441262.680000,101.97
WTW_way_674316174,Unnamed Facility (674316174),wastewater_plant,51.8967337,0.1832512,NODE_550282.250000_224106.450000,168.94
WTW_way_675071204,Unnamed Facility (675071204),wastewater_plant,50.8931741,-3.3808988,NODE_303052.510000_111498.020000,193.77
WTW_way_675217774,Prees - Golfhouse Lane (STW),wastewater_plant,52.9308392,-2.6646486,NODE_355235.190000_337602.730000,395.01
WTW_way_675388424,Caersws Sewage Treatment Works,wastewater_plant,52.5231678,-3.4210302,NODE_303772.020000_292350.320000,309.13
WTW_way_675638350,Unnamed Facility (675638350),wastewater_plant,53.1809906,-2.7239616,NODE_351736.020000_365370.780000,251.81
WTW_way_676046917,Unnamed Facility (676046917),wastewater_plant,51.9819007,-0.4217605,NODE_508140.350000_232319.250000,490.89
WTW_way_676117076,West Hoathly WTW,wastewater_plant,51.0841611,-0.0387327,NODE_537669.810000_133829.020000,405.63
WTW_way_676603984,Derrington STW,wastewater_plant,52.8044704,-2.161734,NODE_389237.020000_323265.550000,267.76
WTW_way_676735862,Snitter (& Thropton) STW,wastewater_plant,55.3204735,-1.9550862,NODE_402946.630000_602585.480000,348.71
WTW_way_676749387,Halton East Wastewater Treatment Works,wastewater_plant,54.0744316,-2.7582534,NODE_350203.880000_464655.590000,300.06
WTW_way_677442614,Portbury Wharf Sewage Treatment Works,wastewater_plant,51.4911502,-2.7375212,NODE_349031.750000_177305.400000,194.43
WTW_way_680601774,Petersfield WWTW,wastewater_plant,50.9998957,-0.904527,NODE_477310.990000_122994.820000,374.65
WTW_way_683463742,Unnamed Facility (683463742),water_works,51.788218,-1.4908721,NODE_435497.550000_210392.630000,427.76
WTW_way_683764279,Gwaith Dŵr Llechryd Water Works,water_works,52.0624213,-4.5845513,NODE_222905.540000_243415.990000,185.95
WTW_way_684681862,Heyford WwTW,wastewater_plant,51.9246381,-1.2833082,NODE_449189.810000_225555.910000,269.33
WTW_way_686420429,Unnamed Facility (686420429),wastewater_plant,53.8706427,-1.0525998,NODE_462046.980000_442330.950000,466.89
WTW_way_686499013,Unnamed Facility (686499013),water_works,57.8527474,-6.8964679,NODE_109458.810000_895332.140000,171.93
WTW_way_686503310,Unnamed Facility (686503310),water_works,57.7717118,-7.0052057,NODE_102219.490000_886989.320000,358.43
WTW_way_687726603,Rhiwsaeson Wastewater Treatment Works,wastewater_plant,51.5351938,-3.3387534,NODE_307461.980000_182877.480000,309.89
WTW_way_688721825,Unnamed Facility (688721825),wastewater_plant,50.5860134,-4.107693,NODE_250896.430000_78273.810000,101.83
WTW_way_690860140,Brackley STW (New),wastewater_plant,52.0193867,-1.1251735,NODE_459809.870000_235894.940000,343.03
WTW_way_690890287,Foston STW,wastewater_plant,54.0787378,-0.9226551,NODE_470546.800000_465726.580000,436.49
WTW_way_690997334,Newport (Dyfed) WwTW,wastewater_plant,52.0166715,-4.8601567,NODE_203397.520000_239218.220000,436.73
WTW_way_692591328,Unnamed Facility (692591328),wastewater_plant,54.124702,-0.8165672,NODE_477560.830000_470165.540000,371.06
WTW_way_693427858,Unnamed Facility (693427858),wastewater_plant,54.2043733,-1.1505577,NODE_455425.430000_479355.550000,299.26
WTW_way_693965486,Unnamed Facility (693965486),wastewater_plant,51.0474399,-1.673326,NODE_423034.680000_127413.770000,206.86
WTW_way_695731899,Wheldrake Sewage Treatment Works,wastewater_plant,53.8933804,-0.9504418,NODE_469266.050000_444606.620000,196.5
WTW_way_697161499,Unnamed Facility (697161499),water_works,50.5623368,-4.4806489,NODE_224251.130000_76310.030000,294.13
WTW_way_699266289,Dunmail Raise Water Treatment Works,water_works,54.4836202,-3.0319129,NODE_333176.360000_509892.030000,410.86
WTW_way_699286278,Unnamed Facility (699286278),wastewater_plant,54.7272487,-1.933172,NODE_404731.800000_537148.910000,401.6
WTW_way_700667946,Pontrilas WwTW,wastewater_plant,51.9451747,-2.8821474,NODE_339527.510000_227554.700000,230.29
WTW_way_701580215,Unnamed Facility (701580215),wastewater_plant,52.8925649,-1.7587115,NODE_416113.270000_332556.140000,338.57
WTW_way_701580216,Unnamed Facility (701580216),wastewater_plant,52.8924375,-1.7587342,NODE_416113.270000_332556.140000,326.85
WTW_way_702059930,Unnamed Facility (702059930),wastewater_plant,56.8110532,-2.6445508,NODE_360372.430000_769299.250000,463.06
WTW_way_702177390,Unnamed Facility (702177390),wastewater_plant,54.0558621,-1.9601457,NODE_402592.200000_462251.160000,121.59
WTW_way_704598022,Unnamed Facility (704598022),water_works,52.0426185,-4.7670255,NODE_210253.100000_241847.000000,81.43
WTW_way_704994775,Low Marple WwTW,wastewater_plant,53.4116778,-2.0593258,NODE_396422.460000_390704.900000,314.89
WTW_way_706111616,Unnamed Facility (706111616),wastewater_plant,52.5720009,-1.6878967,NODE_420981.840000_296946.030000,351.78
WTW_way_706353003,Lambley STW,wastewater_plant,54.9211487,-2.5109581,NODE_367486.410000_558331.250000,314.46
WTW_way_706665388,Unnamed Facility (706665388),wastewater_plant,54.7922438,-2.346682,NODE_377551.430000_544580.420000,454.1
WTW_way_707948957,Unnamed Facility (707948957),water_works,54.8129893,-2.2334138,NODE_385121.190000_546234.760000,249.49
WTW_way_708080522,Glenmore Wastewater Treatment Works,wastewater_plant,57.1656641,-3.6874486,NODE_297936.600000_809526.900000,123.22
WTW_way_709664367,Bothwell Sewage Works,wastewater_plant,55.7944574,-4.0541218,NODE_271358.890000_657736.950000,149.08
WTW_way_709671353,Pynes Water Treatment Works,water_works,50.7529976,-3.5446998,NODE_291187.050000_95884.290000,94.93
WTW_way_710375750,Ridgegate Water Treatment Works,water_works,53.2395599,-2.0775358,NODE_394846.990000_371458.110000,99.41
WTW_way_710540613,Kettlewell Sewage Treatment Works,wastewater_plant,54.1443933,-2.0492238,NODE_396802.360000_472327.990000,277.65
WTW_way_711556565,Unnamed Facility (711556565),water_works,51.9400817,-0.9906744,NODE_469383.390000_227339.110000,97.97
WTW_way_712060248,Hellifield Water Treatment Works,water_works,54.0143278,-2.2101206,NODE_386045.730000_457422.380000,339.5
WTW_way_712977141,Thurlow STW,wastewater_plant,52.1310496,0.4553269,NODE_567959.600000_250915.760000,194.64
WTW_way_713301717,Buckingham STW,wastewater_plant,52.0001674,-0.9564462,NODE_471405.460000_234404.470000,494.35
WTW_way_714530980,Sewage Works (disused),wastewater_plant,51.1311638,-0.881193,NODE_478394.100000_137622.300000,151.21
WTW_way_715582763,Unnamed Facility (715582763),wastewater_plant,56.0246642,-3.8940094,NODE_282166.580000_683084.090000,195.27
WTW_way_715583829,Bolton Percy,wastewater_plant,53.8628386,-1.1924426,NODE_453550.910000_440798.420000,417.06
WTW_way_715676189,Unnamed Facility (715676189),water_works,52.8423143,-1.6039576,NODE_426555.240000_327385.130000,245.34
WTW_way_715676190,Unnamed Facility (715676190),water_works,52.8426495,-1.6046117,NODE_426555.240000_327385.130000,189.39
WTW_way_717778922,Crambe/STW,wastewater_plant,54.0734207,-0.8780051,NODE_473605.150000_464697.840000,101.24
WTW_way_722489658,Ashford Sewage Treatment Works,wastewater_plant,51.0886028,-4.0953123,NODE_252926.410000_134188.420000,429.55
WTW_way_722501678,Kilmington Sewage Treatment Works,wastewater_plant,50.7726904,-3.0241041,NODE_327973.550000_97354.000000,182.76
WTW_way_722705426,Embsay Sewage Treatment Works,wastewater_plant,53.9736618,-2.0025526,NODE_399625.580000_452899.980000,346.44
WTW_way_722774435,Hardengreen CSO,wastewater_plant,55.8764613,-3.0838618,NODE_332761.530000_665416.520000,482.58
WTW_way_723284691,Lincluden Sewage Treatment Works,wastewater_plant,55.0866496,-3.6263159,NODE_296455.680000_578472.010000,388.42
WTW_way_723936950,Unnamed Facility (723936950),wastewater_plant,55.21446,-3.4145524,NODE_310198.120000_591811.740000,257.88
WTW_way_730869037,Unnamed Facility (730869037),wastewater_plant,57.1706713,-2.4026089,NODE_375628.680000_808873.000000,142.98
WTW_way_732726795,Unnamed Facility (732726795),wastewater_plant,51.3428015,-2.9345028,NODE_334645.220000_161004.740000,402.11
WTW_way_732958250,Unnamed Facility (732958250),water_works,51.8983473,0.9151615,NODE_600485.370000_225873.250000,383.72
WTW_way_736998565,East Woodburn STW,wastewater_plant,55.1765326,-2.1468046,NODE_390820.430000_586907.530000,73.56
WTW_way_737203611,Peterchurch Wastewater Treatment Works,wastewater_plant,52.037,-2.9512292,NODE_334781.810000_237988.230000,88.93
WTW_way_737226177,Blubberhouses Hall/STW,wastewater_plant,53.9962908,-1.7407644,NODE_416845.270000_455370.640000,346.51
WTW_way_737929224,Unnamed Facility (737929224),wastewater_plant,55.9097248,-3.9522244,NODE_278125.100000_670259.430000,65.85
WTW_way_738494364,Unnamed Facility (738494364),wastewater_plant,51.1740955,-3.0572978,NODE_326011.700000_142194.480000,172.35
WTW_way_738983519,Osmotherley/STW,wastewater_plant,54.3644939,-1.2965755,NODE_445802.490000_496548.790000,230.42
WTW_way_741781962,Tring Sewage Treatment Works,wastewater_plant,51.8110815,-0.6616553,NODE_491973.820000_213496.320000,416.79
WTW_way_742746495,East Worthing Wastewater Treatment Works,wastewater_plant,50.8198917,-0.3416316,NODE_517223.280000_103637.450000,318.45
WTW_way_744243774,Unnamed Facility (744243774),wastewater_plant,56.1671199,-3.3103909,NODE_318770.720000_697940.240000,45.34
WTW_way_744413420,Unnamed Facility (744413420),wastewater_plant,55.6923142,-3.692473,NODE_293653.650000_645530.760000,99.89
WTW_way_744643265,Unnamed Facility (744643265),wastewater_plant,56.2501516,-3.1469192,NODE_329091.250000_707159.140000,173.96
WTW_way_744918965,Aberfeldy Waste Water Treatment Plant,wastewater_plant,56.6228751,-3.8620779,NODE_285978.180000_749559.360000,177.43
WTW_way_745618228,Matfen STW,wastewater_plant,55.0414854,-1.9470542,NODE_403263.470000_571470.800000,469.96
WTW_way_745618671,Unnamed Facility (745618671),wastewater_plant,55.0320352,-1.9896991,NODE_400481.360000_571125.290000,401.14
WTW_way_746571465,Unnamed Facility (746571465),wastewater_plant,55.0176866,-1.8564806,NODE_409492.890000_569460.410000,304.84
WTW_way_749826435,Pembrey Wastewater Treatment Works,wastewater_plant,51.6759957,-4.2943929,NODE_241614.460000_199961.440000,156.9
WTW_way_751018582,Unnamed Facility (751018582),wastewater_plant,51.6849531,-4.1971979,NODE_248242.600000_200615.600000,140.34
WTW_way_753582199,Unnamed Facility (753582199),wastewater_plant,56.6257794,-3.8758282,NODE_285130.230000_749727.510000,135.84
WTW_way_754138374,Pembury Water Treatment Works,wastewater_plant,51.1593198,0.3265765,NODE_562723.570000_142530.270000,79.43
WTW_way_758070934,Presteigne Wastewater Treatment Works,wastewater_plant,52.2713092,-2.9959068,NODE_332358.950000_264315.000000,273.91
WTW_way_758263223,Sewage Works,wastewater_plant,59.0591247,-3.2399167,NODE_328933.280000_1019866.710000,94.94
WTW_way_758328314,Poppy Hill STW,wastewater_plant,52.0329769,-0.2663599,NODE_519158.230000_238427.350000,213.19
WTW_way_758741059,Sewage Treatment Plant,wastewater_plant,51.9055779,-2.3606969,NODE_375588.280000_223152.420000,318.57
WTW_way_760768344,Cyffylliog WwTW,wastewater_plant,53.1075577,-3.3991482,NODE_306070.050000_357763.960000,390.46
WTW_way_761115413,Unnamed Facility (761115413),wastewater_plant,56.2965879,-2.9701158,NODE_339670.240000_711745.730000,461.89
WTW_way_762375956,Kings Sutton WwTW,wastewater_plant,52.0172305,-1.2687961,NODE_450595.030000_236037.730000,484.4
WTW_way_762403358,Unnamed Facility (762403358),wastewater_plant,53.2120788,-3.5026757,NODE_299534.040000_369269.470000,244.0
WTW_way_763305058,Bellingham STW,wastewater_plant,55.1410311,-2.2553129,NODE_383738.530000_583018.510000,88.68
WTW_way_765770120,Unnamed Facility (765770120),wastewater_plant,55.709625,-3.2080239,NODE_324132.560000_646900.650000,59.95
WTW_way_766549810,Bledington Wastewater Treatment Works,wastewater_plant,51.903359,-1.6373529,NODE_425060.810000_222908.040000,90.58
WTW_way_766903401,Uplawmoor Water Works,water_works,55.7648742,-4.5024524,NODE_243223.090000_655450.460000,257.75
WTW_way_768134889,Unnamed Facility (768134889),wastewater_plant,51.8595595,0.1691079,NODE_549455.520000_219853.610000,255.48
WTW_way_769707305,Folkton Sewage Treatment Works,wastewater_plant,54.209127,-0.3797643,NODE_505699.660000_480470.920000,70.63
WTW_way_770063215,Butterknowle Sewage Treatment Works,wastewater_plant,54.6250095,-1.8219043,NODE_411326.590000_525368.730000,328.43
WTW_way_771062570,Unnamed Facility (771062570),water_works,51.0471945,-3.308679,NODE_308490.220000_128423.870000,147.84
WTW_way_771138058,Kington Waste Water Treatment Works,wastewater_plant,52.2070884,-3.016305,NODE_330717.010000_257090.410000,93.83
WTW_way_771388606,Tenby Wastewater Treatment Works,wastewater_plant,51.6749983,-4.7289282,NODE_211555.750000_200839.800000,148.98
WTW_way_771608062,Grosmont/STW,wastewater_plant,54.3770662,-2.0775444,NODE_394963.250000_497816.820000,167.9
WTW_way_771658269,Unnamed Facility (771658269),wastewater_plant,50.6658673,-3.4414875,NODE_298144.170000_86179.000000,95.07
WTW_way_771740129,St.Clears Wastewater Treatment Works,wastewater_plant,51.8074688,-4.4885845,NODE_228217.380000_215224.740000,374.39
WTW_way_772142334,Unnamed Facility (772142334),water_works,54.2045987,-0.4061588,NODE_503959.910000_479936.450000,100.41
WTW_way_772181057,Unnamed Facility (772181057),wastewater_plant,54.4362849,-2.4315967,NODE_372124.820000_504427.310000,199.7
WTW_way_775263945,Oakhill WwTW,wastewater_plant,51.2332728,-2.5025534,NODE_365442.900000_148240.190000,448.47
WTW_way_775367618,Unnamed Facility (775367618),wastewater_plant,57.5141088,-1.9996558,NODE_400199.130000_846953.710000,170.37
WTW_way_775428985,Unnamed Facility (775428985),water_works,51.4352172,-0.5295988,NODE_502158.380000_171854.470000,201.61
WTW_way_775548570,Unnamed Facility (775548570),wastewater_plant,52.6281937,-0.1042429,NODE_528052.560000_304995.360000,363.34
WTW_way_775582264,Eccleshall And Sturbridge (STW),wastewater_plant,52.8624841,-2.2447185,NODE_383166.500000_329511.850000,456.67
WTW_way_777565590,Prewley STW Okehampton,wastewater_plant,50.699893,-4.0573246,NODE_254575.370000_90860.470000,245.83
WTW_way_778087712,Unnamed Facility (778087712),wastewater_plant,54.7691446,-1.5242783,NODE_431025.000000_541997.780000,449.05
WTW_way_778314625,Pumping Station,water_works,51.479513,-3.2184471,NODE_315079.510000_176457.580000,425.37
WTW_way_778498492,Longbyre STW,wastewater_plant,54.9899284,-2.5389224,NODE_365598.410000_566305.090000,29.15
WTW_way_779565713,Unnamed Facility (779565713),wastewater_plant,56.2629496,-3.7852894,NODE_289880.430000_709182.760000,374.58
WTW_way_779720608,Unnamed Facility (779720608),water_works,55.9356424,-4.8786652,NODE_220287.280000_674676.280000,466.38
WTW_way_780636262,Walkerburn WwTW,wastewater_plant,55.6269146,-3.0023054,NODE_336743.160000_637164.930000,408.29
WTW_way_781847645,Barns Green WTW,wastewater_plant,51.0251177,-0.3957222,NODE_512856.140000_126416.360000,272.97
WTW_way_782439480,Appledore Wastewater Treatment Works,wastewater_plant,51.0346109,0.7908759,NODE_595959.630000_129994.150000,239.18
WTW_way_784143071,Unnamed Facility (784143071),wastewater_plant,54.9214913,-2.5360669,NODE_365540.240000_558627.070000,202.43
WTW_way_784580001,Capel Garmon WwTW,wastewater_plant,53.0815509,-3.7702155,NODE_281348.810000_355167.290000,206.53
WTW_way_784621838,Unnamed Facility (784621838),water_works,50.9315281,0.5796318,NODE_581483.570000_117667.500000,212.76
WTW_way_786155247,Unnamed Facility (786155247),wastewater_plant,55.9974718,-3.679807,NODE_295478.960000_679611.370000,161.67
WTW_way_786533565,Sewage Pumping Plant,wastewater_plant,55.4263926,-5.6045796,NODE_172356.600000_620878.800000,421.2
WTW_way_786533566,Sewage Pumping Plant,wastewater_plant,55.4263514,-5.6048221,NODE_172356.600000_620878.800000,436.09
WTW_way_787499479,Unnamed Facility (787499479),wastewater_plant,51.0346175,0.7914,NODE_595959.630000_129994.150000,210.22
WTW_way_788032287,Tupton Sewage Treatment Works,wastewater_plant,53.1927303,-1.404879,NODE_439863.320000_366835.260000,489.53
WTW_way_790446369,Unnamed Facility (790446369),wastewater_plant,52.0346368,-4.4564533,NODE_231541.140000_240572.870000,370.83
WTW_way_790446370,Unnamed Facility (790446370),wastewater_plant,52.0344817,-4.4560502,NODE_231541.140000_240572.870000,393.75
WTW_way_790464430,Broadwell Wastewater Treatment Works,wastewater_plant,51.9429835,-1.6858595,NODE_422076.980000_227492.660000,479.1
WTW_way_791140006,Unnamed Facility (791140006),wastewater_plant,55.7414897,-3.3508758,NODE_315467.820000_650595.710000,183.1
WTW_way_792257919,Wrentham-Southwold Rd STW,wastewater_plant,52.3772347,1.6678329,NODE_649703.890000_281930.720000,139.37
WTW_way_793171679,Unnamed Facility (793171679),water_works,55.9097618,-2.8751055,NODE_345484.640000_668772.440000,130.13
WTW_way_793201269,Unnamed Facility (793201269),wastewater_plant,52.410543,1.7225967,NODE_653261.080000_285276.170000,412.54
WTW_way_793385108,Blanchland STW,wastewater_plant,54.8478207,-2.0499909,NODE_396589.960000_550256.790000,308.68
WTW_way_794482171,Unnamed Facility (794482171),wastewater_plant,55.9723168,-3.9532033,NODE_278422.350000_677293.200000,240.69
WTW_way_794989398,Unnamed Facility (794989398),wastewater_plant,56.2197156,-3.0957719,NODE_332607.660000_703445.610000,475.35
WTW_way_795303175,Eardisley SWK WwTW,wastewater_plant,52.1317236,-3.0083415,NODE_331234.200000_248633.100000,158.06
WTW_way_796284271,Unnamed Facility (796284271),water_works,55.9090583,-2.8896545,NODE_344226.230000_668996.980000,324.26
WTW_way_796367700,Unnamed Facility (796367700),wastewater_plant,54.6021846,-3.4378435,NODE_307416.460000_523921.200000,204.7
WTW_way_796406221,Sidlesham Wastewater Treatment Works,wastewater_plant,50.7549259,-0.7985038,NODE_485211.340000_95737.020000,363.44
WTW_way_797443361,Unnamed Facility (797443361),water_works,53.6967419,-2.4981766,NODE_366917.160000_422284.830000,299.39
WTW_way_797714227,Henllan Sewage Works,wastewater_plant,52.0363656,-4.4009089,NODE_235337.720000_240197.710000,106.87
WTW_way_798116800,Slaley STW,wastewater_plant,54.9101341,-2.0270138,NODE_398530.590000_557407.040000,214.51
WTW_way_798644814,Unnamed Facility (798644814),wastewater_plant,54.6250486,-3.4073057,NODE_309295.280000_526481.440000,63.62
WTW_way_798737668,Pitsea STW,wastewater_plant,51.5539718,0.50387,NODE_573992.850000_186692.570000,356.94
WTW_way_798789769,Unnamed Facility (798789769),wastewater_plant,57.5574122,-2.9417225,NODE_344077.530000_852225.720000,340.89
WTW_way_799362413,Unnamed Facility (799362413),wastewater_plant,57.2509841,-3.7481963,NODE_294678.540000_819443.900000,284.05
WTW_way_799475121,Unnamed Facility (799475121),wastewater_plant,55.9079924,-3.7017055,NODE_293263.900000_669720.620000,462.01
WTW_way_802163470,Irton Water Treatment Works,water_works,54.2421282,-0.4608343,NODE_500532.000000_484074.330000,136.82
WTW_way_802225766,Unnamed Facility (802225766),wastewater_plant,50.0650745,-5.0803889,NODE_179764.210000_23226.720000,369.66
WTW_way_802431362,Pembridge Wastewater Treatment Works,wastewater_plant,52.2214886,-2.8904593,NODE_339170.640000_258585.690000,119.92
WTW_way_802515030,Unnamed Facility (802515030),water_works,55.712024,-4.3804107,NODE_250753.320000_648771.820000,370.17
WTW_way_803301950,Bodenham Wastewater Treatment Works,wastewater_plant,52.159993,-2.6752245,NODE_353704.820000_251693.430000,268.71
WTW_way_806167813,Croughton Wastewater Treatment Works,wastewater_plant,51.9950525,-1.2015264,NODE_454847.820000_233302.510000,84.69
WTW_way_806644124,Unnamed Facility (806644124),water_works,51.2178633,-0.7862892,NODE_485241.340000_147441.990000,439.97
WTW_way_807671761,Unnamed Facility (807671761),wastewater_plant,54.293239,-1.7960443,NODE_413244.210000_488596.700000,137.15
WTW_way_808366929,Kearby Waste Water Treatment Works,wastewater_plant,53.9161257,-1.5015572,NODE_432938.430000_446675.340000,143.88
WTW_way_808593143,Beckingham STW,wastewater_plant,53.077076,-0.6936568,NODE_487343.680000_353891.940000,345.48
WTW_way_810074640,Unnamed Facility (810074640),water_works,57.5541122,-2.9633873,NODE_342614.900000_851854.890000,201.8
WTW_way_810111453,Unnamed Facility (810111453),wastewater_plant,55.4314007,-4.6944409,NODE_229573.080000_618620.420000,53.27
WTW_way_812606942,Lyonshall Wastewater Treatment Works,wastewater_plant,52.1958735,-2.9648481,NODE_334254.120000_255753.520000,108.45
WTW_way_813597207,Ffostrasol Sewage Works,wastewater_plant,52.1008774,-4.3744936,NODE_237776.470000_247572.550000,366.42
WTW_way_813621614,Chorleywood Pumping Station,water_works,51.6687081,-0.5033447,NODE_503473.820000_197981.360000,290.6
WTW_way_814077035,Whittingham STW,wastewater_plant,55.4024631,-1.8895958,NODE_407323.740000_612304.620000,335.39
WTW_way_814319274,Unnamed Facility (814319274),wastewater_plant,57.3402979,-3.5405488,NODE_307306.210000_829027.910000,232.54
WTW_way_819721300,Great Ponton STW,wastewater_plant,52.8649171,-0.6188404,NODE_492904.470000_330423.490000,250.43
WTW_way_819975181,Unnamed Facility (819975181),wastewater_plant,54.7273146,-1.9333041,NODE_404731.800000_537148.910000,404.53
WTW_way_820147028,Unnamed Facility (820147028),water_works,52.9014434,0.8856918,NODE_594124.630000_337460.480000,220.94
WTW_way_820394311,Sewage Treatment Plant,wastewater_plant,51.0900327,-0.1169567,NODE_532015.090000_133676.390000,315.52
WTW_way_820494414,Pentrefelin STW,wastewater_plant,52.8119272,-3.2498431,NODE_315962.950000_324177.740000,388.52
WTW_way_822652229,Hungerford WwTW,wastewater_plant,51.4113195,-1.4932743,NODE_435306.110000_168251.940000,102.04
WTW_way_823157529,Fovant WwTW,wastewater_plant,51.0701497,-2.0021199,NODE_399914.100000_130408.770000,318.7
WTW_way_823605362,Unnamed Facility (823605362),water_works,54.229273,-2.2017074,NODE_387097.550000_481404.230000,191.37
WTW_way_824380470,Darenth water treatment works,water_works,51.4250462,0.2331474,NODE_555508.830000_171534.350000,420.44
WTW_way_827400777,Unnamed Facility (827400777),wastewater_plant,51.6813894,-3.5509496,NODE_292850.170000_199320.460000,113.76
WTW_way_828196077,Ramsbury STW,wastewater_plant,51.4443746,-1.5868404,NODE_428681.310000_171559.790000,263.88
WTW_way_834823447,Unnamed Facility (834823447),water_works,54.3269113,-2.5460984,NODE_364891.790000_492486.320000,310.85
WTW_way_835055056,Otley STW,wastewater_plant,52.1462859,1.2226853,NODE_620232.710000_254692.810000,357.82
WTW_way_835433919,Unnamed Facility (835433919),wastewater_plant,51.0163673,-3.8231682,NODE_272251.950000_125422.530000,273.12
WTW_way_835811304,Barlby (Selby) Settled sewage discharge,wastewater_plant,53.8135838,-1.0500804,NODE_462645.480000_435390.340000,281.23
WTW_way_836043034,Llangybi (Lampeter) WwTW,wastewater_plant,52.1576233,-4.0400445,NODE_260567.430000_253072.150000,76.07
WTW_way_836166297,Unnamed Facility (836166297),wastewater_plant,55.8160674,-6.1685747,NODE_139260.100000_666083.730000,331.03
WTW_way_839368086,Knighton STW,wastewater_plant,52.3444065,-3.0297227,NODE_330091.540000_272741.600000,452.29
WTW_way_839461326,Unnamed Facility (839461326),water_works,52.0750126,-1.3320497,NODE_445613.440000_241848.590000,335.98
WTW_way_840848293,Unnamed Facility (840848293),wastewater_plant,54.5142269,-3.1620661,NODE_324806.480000_513797.570000,70.42
WTW_way_840972024,Unnamed Facility (840972024),wastewater_plant,50.8659973,-4.206548,NODE_244434.250000_109626.930000,397.62
WTW_way_842839399,Unnamed Facility (842839399),wastewater_plant,57.5232264,-2.1179984,NODE_393079.460000_848157.730000,57.27
WTW_way_843493134,Middleton STW (Norfolk),wastewater_plant,52.6999134,0.4812499,NODE_567926.650000_314064.900000,247.71
WTW_way_844105328,Tetbury Sewage Treatment Works,wastewater_plant,51.6323139,-2.1535554,NODE_389314.170000_192814.580000,246.29
WTW_way_844307287,Cosford (STW),wastewater_plant,52.6389449,-2.3247456,NODE_378051.500000_304621.500000,69.7
WTW_way_844722713,Unnamed Facility (844722713),wastewater_plant,57.5338941,-3.9296561,NODE_284343.570000_851038.800000,239.94
WTW_way_845075224,Unnamed Facility (845075224),water_works,52.865717,-3.0675443,NODE_328337.030000_330199.750000,173.11
WTW_way_845719187,Lampeter WwTW,wastewater_plant,52.1081076,-4.0813999,NODE_257295.610000_247253.310000,413.35
WTW_way_845788069,Unnamed Facility (845788069),water_works,53.0926293,-2.3145421,NODE_378884.230000_355083.490000,148.83
WTW_way_847453193,Graincliffe,wastewater_plant,53.8737236,-1.5323621,NODE_431275.100000_442157.010000,444.23
WTW_way_847453196,Eccup/Wtw STW,wastewater_plant,53.8740668,-1.5305007,NODE_431275.100000_442157.010000,316.32
WTW_way_849041835,Haxby Walbutts Waste Water Treatment Works,wastewater_plant,54.0475344,-1.0136635,NODE_464734.350000_462125.470000,396.0
WTW_way_849092407,Unnamed Facility (849092407),wastewater_plant,50.7762042,-3.718711,NODE_278456.530000_98840.400000,461.52
WTW_way_849890483,Unnamed Facility (849890483),wastewater_plant,51.031315,0.5801483,NODE_581140.830000_129251.030000,336.27
WTW_way_850580711,Unnamed Facility (850580711),wastewater_plant,50.094216,-5.3205389,NODE_162591.360000_26881.290000,34.05
WTW_way_851962296,Unnamed Facility (851962296),wastewater_plant,57.6243733,-3.1054713,NODE_334027.280000_859488.880000,432.05
WTW_way_851962298,Unnamed Facility (851962298),wastewater_plant,57.6244672,-3.1051649,NODE_334277.440000_860305.830000,420.69
WTW_way_851962299,Unnamed Facility (851962299),wastewater_plant,57.6245107,-3.1053708,NODE_334277.440000_860305.830000,421.79
WTW_way_851962300,Unnamed Facility (851962300),wastewater_plant,57.6255421,-3.1049381,NODE_334277.440000_860305.830000,309.23
WTW_way_851962302,Unnamed Facility (851962302),wastewater_plant,57.6248131,-3.1058055,NODE_334277.440000_860305.830000,405.52
WTW_way_851962303,Unnamed Facility (851962303),wastewater_plant,57.6254784,-3.105824,NODE_334277.440000_860305.830000,346.14
WTW_way_851962304,Unnamed Facility (851962304),wastewater_plant,57.625319,-3.1051397,NODE_334277.440000_860305.830000,336.66
WTW_way_851962305,Unnamed Facility (851962305),wastewater_plant,57.6256275,-3.1054828,NODE_334277.440000_860305.830000,320.42
WTW_way_851962306,Unnamed Facility (851962306),wastewater_plant,57.6246517,-3.1052652,NODE_334277.440000_860305.830000,404.95
WTW_way_851962307,Unnamed Facility (851962307),wastewater_plant,57.6252139,-3.1056032,NODE_334277.440000_860305.830000,361.69
WTW_way_851962308,Unnamed Facility (851962308),wastewater_plant,57.624718,-3.1058731,NODE_334277.440000_860305.830000,416.63
WTW_way_851962310,Unnamed Facility (851962310),wastewater_plant,57.6256281,-3.1051884,NODE_334277.440000_860305.830000,309.74
WTW_way_853219268,Unnamed Facility (853219268),wastewater_plant,54.3524119,-3.4075285,NODE_308228.520000_496277.920000,418.34
WTW_way_853548587,Unnamed Facility (853548587),wastewater_plant,56.2872678,-3.3948127,NODE_313998.210000_711600.950000,309.61
WTW_way_855826812,Codford Water Treatment Works,wastewater_plant,51.1601294,-2.0688897,NODE_394905.450000_139971.650000,394.76
WTW_way_856488767,Hillsmoor Sewage Works,wastewater_plant,51.0385426,-3.3039939,NODE_309043.400000_127379.660000,372.09
WTW_way_857285478,Wangford STW,wastewater_plant,52.3513814,1.6174317,NODE_646539.090000_278680.290000,111.5
WTW_way_857493093,Measham (STW),wastewater_plant,52.707503,-1.5375763,NODE_431102.790000_312281.750000,238.41
WTW_way_857493105,Unnamed Facility (857493105),wastewater_plant,52.8438758,-1.2865809,NODE_448102.690000_328048.420000,440.41
WTW_way_858572680,Unnamed Facility (858572680),wastewater_plant,53.1393372,-0.3871051,NODE_508227.250000_361431.620000,238.91
WTW_way_858632757,Unnamed Facility (858632757),wastewater_plant,50.909598,-0.069247,NODE_536139.900000_113648.900000,473.27
WTW_way_859390166,Crake Valley WwTW,wastewater_plant,54.2360379,-3.0553134,NODE_331518.200000_482743.720000,206.7
WTW_way_859457283,Unnamed Facility (859457283),wastewater_plant,54.2516567,-3.0638265,NODE_330901.610000_484248.960000,294.09
WTW_way_859822712,Chew Stoke Sewage Treatment Works,wastewater_plant,51.3553298,-2.618072,NODE_357089.450000_162085.650000,102.56
WTW_way_860108285,Unnamed Facility (860108285),wastewater_plant,51.8160686,0.6732318,NODE_584819.570000_216340.170000,472.96
WTW_way_860392187,Unnamed Facility (860392187),wastewater_plant,52.2911,0.9225297,NODE_599274.530000_270241.860000,362.05
WTW_way_860416998,Jolly Farmers Trunk Sewers Compound,wastewater_plant,51.4557184,0.1967125,NODE_552804.010000_175406.830000,170.7
WTW_way_860643144,Cross Gates Wastewater Treatment Works,wastewater_plant,52.2725824,-3.3369389,NODE_309110.220000_264898.970000,331.74
WTW_way_861091748,Unnamed Facility (861091748),water_works,58.2051176,-6.9682229,NODE_108285.480000_934622.300000,183.73
WTW_way_861204390,Wiveliscombe Styles WwTW,wastewater_plant,51.0469968,-3.3084422,NODE_308490.220000_128423.870000,146.67
WTW_way_862191647,Unnamed Facility (862191647),water_works,58.0883189,-6.5043882,NODE_134968.410000_919960.070000,355.72
WTW_way_862758350,Combrook STW,wastewater_plant,52.1613201,-1.5555575,NODE_430640.580000_251973.780000,455.38
WTW_way_862830669,Unnamed Facility (862830669),wastewater_plant,50.9044687,-0.5584501,NODE_501749.690000_112476.540000,344.24
WTW_way_863424374,Unnamed Facility (863424374),wastewater_plant,50.5539531,-4.6964873,NODE_208924.910000_76350.910000,249.03
WTW_way_866057521,Tarrant Crawford WwTW,wastewater_plant,50.8265701,-2.1195312,NODE_391592.770000_103271.910000,273.86
WTW_way_866325694,Unnamed Facility (866325694),wastewater_plant,58.8276853,-2.9527857,NODE_344609.140000_993605.910000,498.27
WTW_way_867691772,Stourton Caundle Water Works,water_works,50.902761,-2.6315145,NODE_355547.680000_111425.030000,280.81
WTW_way_868389469,Unnamed Facility (868389469),wastewater_plant,56.3208456,-4.3288726,NODE_255920.440000_716931.810000,266.1
WTW_way_868886136,Unnamed Facility (868886136),wastewater_plant,50.73604,-2.9449333,NODE_333348.080000_93268.010000,116.27
WTW_way_870474798,Unnamed Facility (870474798),wastewater_plant,51.0103941,-3.9468011,NODE_263506.930000_125211.130000,42.84
WTW_way_871702297,Lidsey WWtW,wastewater_plant,50.8212732,-0.6600728,NODE_494644.500000_103132.030000,216.11
WTW_way_871722452,Silchester Sewage Treatment Works,wastewater_plant,51.346262,-1.1095172,NODE_461938.410000_161532.340000,399.6
WTW_way_871724071,Dunsford STW Teign Valley,wastewater_plant,50.6885635,-3.6731304,NODE_282014.080000_88767.020000,249.3
WTW_way_871737990,Unnamed Facility (871737990),wastewater_plant,50.7485304,-0.7870469,NODE_485507.500000_95051.260000,162.07
WTW_way_871755261,Brushford STW,wastewater_plant,51.0223865,-3.5323667,NODE_292934.330000_125656.650000,393.52
WTW_way_874219171,Unnamed Facility (874219171),wastewater_plant,52.4346729,-0.9217952,NODE_473587.470000_282226.720000,257.08
WTW_way_875564699,Unnamed Facility (875564699),water_works,52.6388035,1.2674034,NODE_621553.890000_309855.290000,475.31
WTW_way_875576705,Stoke Orchard (STW),wastewater_plant,51.940996,-2.1104492,NODE_392714.580000_226576.180000,427.92
WTW_way_875604793,Unnamed Facility (875604793),wastewater_plant,50.9001415,-3.8259906,NODE_271998.600000_113049.780000,410.07
WTW_way_875875824,Unnamed Facility (875875824),wastewater_plant,50.5144674,-4.1195652,NODE_249872.580000_70409.020000,60.03
WTW_way_875875845,Princetown Sewage Works,wastewater_plant,50.5509665,-3.9812149,NODE_260033.650000_74236.550000,293.06
WTW_way_876221315,Unnamed Facility (876221315),wastewater_plant,55.226925,-1.6321122,NODE_423553.100000_592676.700000,106.91
WTW_way_878034168,Unnamed Facility (878034168),wastewater_plant,50.8788979,-2.4656978,NODE_367174.380000_108512.030000,444.07
WTW_way_878397996,Unnamed Facility (878397996),wastewater_plant,50.9321735,0.82837,NODE_598808.070000_118148.380000,409.19
WTW_way_878765171,Unnamed Facility (878765171),wastewater_plant,50.9372282,-2.5258698,NODE_363168.170000_115562.130000,122.45
WTW_way_880677902,Shifnal (STW),wastewater_plant,52.6515016,-2.3861505,NODE_374093.840000_306134.730000,151.47
WTW_way_881299294,Broughton Wastewater Treatment Works,wastewater_plant,52.0478096,-1.3863899,NODE_442354.050000_239390.760000,428.67
WTW_way_881453780,Musbury & Whitford STW Whitford,wastewater_plant,50.7506711,-3.0438951,NODE_326146.880000_94923.150000,346.8
WTW_way_882009994,Unnamed Facility (882009994),water_works,52.5337203,-2.8129059,NODE_345147.480000_293279.530000,215.39
WTW_way_882856352,Ford (STW),wastewater_plant,52.7226582,-2.8680942,NODE_341897.230000_314487.260000,496.93
WTW_way_884294433,Aberbaiden Wastewater Treatment Works,wastewater_plant,51.8261997,-3.0716443,NODE_326375.690000_214783.000000,148.03
WTW_way_884294434,Llanfoist Wastwater Treatment Works,wastewater_plant,51.8137886,-3.0177265,NODE_330085.270000_213163.070000,190.26
WTW_way_885691265,Unnamed Facility (885691265),wastewater_plant,54.7417109,-2.0734823,NODE_395272.210000_538460.320000,117.5
WTW_way_886275109,Unnamed Facility (886275109),water_works,54.2323818,-0.381079,NODE_505210.350000_483122.100000,419.42
WTW_way_886440815,Unnamed Facility (886440815),wastewater_plant,52.769596,-2.3917344,NODE_373491.100000_319156.640000,177.84
WTW_way_887307723,Asselby Sewage Treatment Works,wastewater_plant,53.733328,-0.8588683,NODE_475787.290000_426785.050000,435.0
WTW_way_887307724,Askrigg STW,wastewater_plant,54.312443,-2.0824556,NODE_394607.960000_490370.890000,411.67
WTW_way_888389444,Unnamed Facility (888389444),wastewater_plant,57.6009464,-2.1903957,NODE_388656.850000_856840.450000,82.12
WTW_way_888714197,Unnamed Facility (888714197),wastewater_plant,51.5220068,-1.7339,NODE_418451.810000_180373.900000,106.45
WTW_way_888931557,Craven Arms STW,wastewater_plant,52.4247376,-2.8296528,NODE_343768.820000_281339.510000,281.3
WTW_way_889035207,Unnamed Facility (889035207),wastewater_plant,54.7249889,-1.9614673,NODE_402306.270000_536847.890000,328.83
WTW_way_889220920,Llanychan WwTW,wastewater_plant,53.147144,-3.3240116,NODE_311607.240000_361465.230000,467.8
WTW_way_890576852,Claverley (STW),wastewater_plant,52.5400256,-2.3035531,NODE_379273.290000_293786.900000,291.05
WTW_way_891679615,Aldershot Sewage Treatment Works,wastewater_plant,51.245287,-0.7370418,NODE_488483.320000_150593.560000,355.55
WTW_way_891924348,Unnamed Facility (891924348),wastewater_plant,53.8350167,-2.4714212,NODE_368991.670000_437305.030000,444.21
WTW_way_892100016,Unnamed Facility (892100016),wastewater_plant,53.6921215,-1.8302053,NODE_411318.010000_421988.360000,235.15
WTW_way_892103180,Salterhebble Waste Water Treatment Works,wastewater_plant,53.6998951,-1.8549567,NODE_409548.940000_422211.720000,421.76
WTW_way_892701410,Unnamed Facility (892701410),water_works,53.7939116,-0.4117553,NODE_504767.120000_434265.180000,56.9
WTW_way_892748330,Unnamed Facility (892748330),wastewater_plant,56.2373222,-4.1987311,NODE_263954.710000_707070.070000,158.94
WTW_way_893067563,Hook Norton WwTW,wastewater_plant,51.9988284,-1.4637429,NODE_436694.830000_233507.880000,217.27
WTW_way_893575947,Unnamed Facility (893575947),wastewater_plant,53.4313552,-2.4203047,NODE_372099.940000_392439.160000,378.24
WTW_way_895166505,Evercreech Sewage Works,wastewater_plant,51.1408725,-2.5090528,NODE_364027.730000_138006.220000,462.06
WTW_way_895554836,Unnamed Facility (895554836),wastewater_plant,53.8053386,-2.5310403,NODE_365043.530000_434314.910000,172.92
WTW_way_895621951,Unnamed Facility (895621951),wastewater_plant,51.2498408,-2.3113007,NODE_378666.800000_150324.890000,360.47
WTW_way_895693263,Unnamed Facility (895693263),wastewater_plant,53.9269767,-2.1883945,NODE_387885.940000_447918.060000,162.35
WTW_way_895697214,Calne STW,wastewater_plant,51.443126,-2.0327497,NODE_397570.740000_171762.320000,314.11
WTW_way_896290335,Unnamed Facility (896290335),wastewater_plant,58.8278768,-2.9531008,NODE_344609.140000_993605.910000,487.98
WTW_way_896290336,Unnamed Facility (896290336),wastewater_plant,58.8276763,-2.9528548,NODE_344609.140000_993605.910000,494.16
WTW_way_897306439,Unnamed Facility (897306439),wastewater_plant,51.9623468,-1.0485627,NODE_465434.230000_229879.780000,139.26
WTW_way_897605791,Chilton Foliat WwTW,wastewater_plant,51.4264623,-1.5394439,NODE_432003.000000_170147.970000,349.03
WTW_way_899188599,Unnamed Facility (899188599),wastewater_plant,51.7022061,0.8753106,NODE_598765.040000_204784.420000,487.45
WTW_way_902475301,Smelt Mill Intake,water_works,53.9539504,-2.5522428,NODE_364037.740000_450763.040000,307.98
WTW_way_902492984,Costy Clough Intake,water_works,53.9779118,-2.5191733,NODE_365834.660000_453700.930000,216.06
WTW_way_903242688,Unnamed Facility (903242688),wastewater_plant,52.9973556,-0.7497163,NODE_483851.160000_345473.840000,337.1
WTW_way_903425818,Wood Eaton (STW),wastewater_plant,52.7674637,-2.2395163,NODE_384091.610000_319016.620000,194.63
WTW_way_903628603,Whitendale Screening Chamber,water_works,53.9899218,-2.5158455,NODE_365965.620000_454951.540000,312.96
WTW_way_903760145,Cheriton Bishop STW Cheriton Bishop,wastewater_plant,50.7288298,-3.7362555,NODE_277374.630000_93942.400000,411.27
WTW_way_904203675,Unnamed Facility (904203675),water_works,51.7342812,-2.4416149,NODE_369681.850000_204482.020000,445.5
WTW_way_904477719,Unnamed Facility (904477719),wastewater_plant,54.9877059,-3.0815142,NODE_330922.020000_566290.590000,148.23
WTW_way_904878790,Roydon Water Treatment Works,wastewater_plant,51.772792,0.0461148,NODE_541388.940000_210517.170000,325.22
WTW_way_905187312,Unnamed Facility (905187312),wastewater_plant,50.9154634,-1.9101641,NODE_406367.400000_113036.440000,149.49
WTW_way_905242270,Unnamed Facility (905242270),water_works,57.5418668,-6.5967497,NODE_124822.340000_859535.530000,222.54
WTW_way_906287767,Esh Winning Sewage Treatment Works,wastewater_plant,54.7749978,-1.6902208,NODE_420195.090000_542206.770000,181.94
WTW_way_906331387,Ampfield Wastewater Treatment Plant,wastewater_plant,51.0072983,-1.4252742,NODE_440332.580000_122820.010000,447.71
WTW_way_907323388,Unnamed Facility (907323388),wastewater_plant,51.3582929,-1.9287651,NODE_405349.050000_162398.900000,391.9
WTW_way_907986770,Allerdean Mill Mine Water Treatment,wastewater_plant,55.7210619,-2.0393224,NODE_397674.140000_647521.640000,45.53
WTW_way_909424440,Brennand Screen Chamber,water_works,53.985538,-2.5531124,NODE_364021.310000_454440.940000,211.96
WTW_way_910639192,Unnamed Facility (910639192),wastewater_plant,58.3352164,-6.6052422,NODE_130507.980000_947698.840000,74.6
WTW_way_911968363,Glaxo Smith Kline,wastewater_plant,54.1863951,-3.0609635,NODE_330695.800000_477227.980000,168.66
WTW_way_913867224,Tackley Wastewater Treatment Works,wastewater_plant,51.8726735,-1.297417,NODE_448343.880000_219405.240000,210.72
WTW_way_914246214,Unnamed Facility (914246214),wastewater_plant,55.5129339,-4.096699,NODE_267998.090000_626423.170000,308.96
WTW_way_914666770,Unnamed Facility (914666770),wastewater_plant,53.9111561,-2.2849342,NODE_381232.370000_446221.590000,165.25
WTW_way_915573004,Environmental protection organization,water_works,51.0396012,1.0200156,NODE_611840.790000_131072.460000,48.25
WTW_way_916498074,Unnamed Facility (916498074),wastewater_plant,53.1565092,-0.7637778,NODE_482855.010000_362448.660000,426.14
WTW_way_916582049,Unnamed Facility (916582049),wastewater_plant,53.5842073,-1.4404072,NODE_437180.090000_410110.980000,234.69
WTW_way_917418491,Unnamed Facility (917418491),water_works,51.628029,-2.9653425,NODE_333523.120000_192634.590000,253.23
WTW_way_918197440,Housing Sewage Treatment Works-Oval Road/Butler's Close,wastewater_plant,51.0334732,-1.572329,NODE_430231.460000_126439.700000,370.24
WTW_way_918198359,Hetton Sewage Treatment Works,wastewater_plant,54.0221246,-2.0599567,NODE_396423.530000_458667.070000,328.59
WTW_way_918259498,Unnamed Facility (918259498),wastewater_plant,54.0568543,-1.6060497,NODE_425879.600000_462346.400000,46.55
WTW_way_918809360,Unnamed Facility (918809360),wastewater_plant,54.311257,-1.8758244,NODE_407816.060000_490953.060000,481.26
WTW_way_919174276,Horley (Oxon) Wastewater Treatment Works,wastewater_plant,52.0870524,-1.3887745,NODE_441792.120000_243460.600000,208.2
WTW_way_920317747,Moylgrove (Nr Cardigan) WwTW,wastewater_plant,52.0709585,-4.7519348,NODE_211778.520000_244753.750000,363.58
WTW_way_920586138,Low Gill WwTW,wastewater_plant,54.0778487,-2.5341279,NODE_364836.800000_464642.670000,346.13
WTW_way_921249828,Bourton-on-the-Water Wastewater Treatment Works,wastewater_plant,51.8786788,-1.735701,NODE_418022.350000_219756.570000,393.05
WTW_way_921744385,Ironsbottom Wastewater Treatment Works,wastewater_plant,51.2037343,-0.211735,NODE_524836.750000_146718.620000,314.98
WTW_way_922753518,Unnamed Facility (922753518),wastewater_plant,55.7117778,-4.5425479,NODE_240285.470000_649454.280000,85.78
WTW_way_923153653,Unnamed Facility (923153653),wastewater_plant,50.2633715,-4.9213855,NODE_191815.530000_44455.790000,73.36
WTW_way_923192951,Unnamed Facility (923192951),wastewater_plant,52.0034182,-0.3714526,NODE_511664.750000_235081.520000,229.09
WTW_way_925509097,Unnamed Facility (925509097),wastewater_plant,50.9019892,-1.2626104,NODE_452100.340000_111725.940000,170.08
WTW_way_926149364,Unnamed Facility (926149364),water_works,52.8093284,-1.5911095,NODE_427817.190000_323632.320000,159.97
WTW_way_926283583,Satterthwaite Wastewater Treatment Plant,wastewater_plant,54.3228357,-3.0234584,NODE_333720.600000_492317.620000,207.55
WTW_way_926865582,Tregaron Wastewater Treatment Works,wastewater_plant,52.216061,-3.943665,NODE_267260.440000_259157.500000,167.91
WTW_way_927712447,Unnamed Facility (927712447),wastewater_plant,55.9866332,-2.7238502,NODE_355219.260000_677346.860000,284.18
WTW_way_928196496,Unnamed Facility (928196496),wastewater_plant,50.9328563,-0.5479081,NODE_502358.910000_115569.400000,341.49
WTW_way_929264027,Ackton Combined Sewage Overflow,wastewater_plant,53.6874745,-1.3758582,NODE_440910.490000_421360.150000,408.58
WTW_way_929329156,Whichford (STW),wastewater_plant,52.0143108,-1.5488108,NODE_431348.430000_235545.820000,454.94
WTW_way_930768326,Chapel Row Wastewater Treatment Works,wastewater_plant,51.4204829,-1.1754955,NODE_457395.270000_169314.220000,68.17
WTW_way_930768339,Burford Wastewater Treatment Works,wastewater_plant,51.8095239,-1.6287674,NODE_425616.950000_212351.220000,80.45
WTW_way_932152841,Spernal Ash Sewage Works,wastewater_plant,52.2627492,-1.8799308,NODE_408503.710000_262925.220000,284.01
WTW_way_933265508,Unnamed Facility (933265508),wastewater_plant,51.4634568,-2.413157,NODE_371324.080000_173979.940000,97.23
WTW_way_935723338,Unnamed Facility (935723338),wastewater_plant,50.9512913,-0.4888585,NODE_506467.900000_118026.210000,234.76
WTW_way_935723344,Unnamed Facility (935723344),wastewater_plant,50.9518001,-0.4889069,NODE_506467.720000_118027.660000,230.04
WTW_way_936326821,Charlton-on-Otmoor Wastewater Treatment Works,wastewater_plant,51.8403617,-1.1790349,NODE_456784.050000_215643.540000,443.61
WTW_way_939091018,Unnamed Facility (939091018),wastewater_plant,55.9328967,-3.4212657,NODE_311269.000000_671862.380000,147.58
WTW_way_939091019,Unnamed Facility (939091019),wastewater_plant,55.9325024,-3.423165,NODE_311269.000000_671862.380000,132.24
WTW_way_941484898,Unnamed Facility (941484898),wastewater_plant,51.1622412,-0.2682155,NODE_521266.920000_142009.150000,262.99
WTW_way_941721982,Pantydwr Wastewater Treatment Works,wastewater_plant,52.3598284,-3.4948794,NODE_298536.920000_274173.390000,472.23
WTW_way_942604637,Unnamed Facility (942604637),wastewater_plant,51.1908414,-3.2258555,NODE_314406.400000_144210.240000,30.85
WTW_way_943009044,Sherfield on Loddon WWTW,wastewater_plant,51.3230782,-1.0286975,NODE_467989.000000_158753.750000,228.1
WTW_way_945486598,Unnamed Facility (945486598),wastewater_plant,51.2696689,-2.7912687,NODE_345098.660000_152563.410000,203.99
WTW_way_945594247,Unnamed Facility (945594247),water_works,56.9551537,-7.4834129,NODE_66900.040000_798066.750000,231.64
WTW_way_946102750,Ampney St Peter Wastewater Treatment Works,wastewater_plant,51.7059258,-1.879413,NODE_408305.840000_200883.890000,146.12
WTW_way_946374224,Unnamed Facility (946374224),water_works,56.9583621,-7.4927762,NODE_65996.800000_798534.010000,286.25
WTW_way_946816439,Unnamed Facility (946816439),wastewater_plant,51.3038884,0.4513511,NODE_571448.770000_158885.190000,479.26
WTW_way_946979420,Unnamed Facility (946979420),wastewater_plant,53.4385012,-2.1211744,NODE_391928.540000_393786.210000,282.53
WTW_way_947247397,Unnamed Facility (947247397),water_works,50.5397547,-3.6424496,NODE_283838.040000_72757.160000,379.96
WTW_way_947295234,Cwm Dulyn Water Works,water_works,53.0279332,-4.2653161,NODE_247736.080000_350262.080000,440.22
WTW_way_947535832,Barkway Wastewater Treatment Works,wastewater_plant,51.9956722,0.0184491,NODE_538698.600000_235415.870000,469.34
WTW_way_948563734,Trimsaran Wastewater Treatment Works,wastewater_plant,51.7312569,-4.2631826,NODE_243838.790000_206142.730000,108.22
WTW_way_948996799,Unnamed Facility (948996799),water_works,50.9485624,-0.1831618,NODE_527827.510000_117848.940000,311.01
WTW_way_949478482,Ullenhall (STW),wastewater_plant,52.2981795,-1.822895,NODE_412251.770000_266309.090000,384.57
WTW_way_952996939,Henley Sewage Treatment Works,wastewater_plant,51.5507039,-0.9054952,NODE_476105.010000_183859.040000,271.12
WTW_way_953966955,Froxfield Wastewater Treatment Works,wastewater_plant,51.4093651,-1.5685126,NODE_430486.320000_167699.460000,431.43
WTW_way_954277880,Unnamed Facility (954277880),water_works,52.681336,-2.1550985,NODE_389482.920000_309251.960000,138.12
WTW_way_955834205,Stanton Harcourt Wastewater Treatment Works,wastewater_plant,51.751105,-1.3895285,NODE_441983.720000_206129.380000,285.62
WTW_way_956166712,Causey Arch STW,wastewater_plant,54.8991904,-1.6833297,NODE_420346.200000_556054.000000,74.11
WTW_way_956226403,Ashton Road,wastewater_plant,53.241861,-2.6705496,NODE_355372.920000_371976.450000,122.37
WTW_way_958162426,Hamptworth/Lover Wastewater Plant,wastewater_plant,50.9797392,-1.6896066,NODE_421783.730000_120117.100000,107.72
WTW_way_960068490,Eversley Cross (Longwater) Wastewater Treatment Works,wastewater_plant,51.3545826,-0.859261,NODE_479565.280000_162286.680000,64.26
WTW_way_960717874,Unnamed Facility (960717874),wastewater_plant,50.7340751,-4.612773,NODE_215786.250000_96154.250000,190.28
WTW_way_961089100,Unnamed Facility (961089100),water_works,51.1391475,-0.5013391,NODE_504838.500000_138959.300000,163.34
WTW_way_961131822,Slinfold WTW,wastewater_plant,51.0771927,-0.4127477,NODE_511577.420000_131720.380000,456.67
WTW_way_962749263,Unnamed Facility (962749263),water_works,51.8546553,0.1361854,NODE_547241.610000_219454.050000,49.51
WTW_way_962931769,Unnamed Facility (962931769),wastewater_plant,56.5316679,-3.4519682,NODE_310979.600000_738952.620000,328.32
WTW_way_963468324,Aylesbury Sewage Treatment Works,wastewater_plant,51.8242332,-0.8548996,NODE_478644.910000_214725.880000,399.91
WTW_way_964405303,Foxfield Wastewater Treatment Plant,wastewater_plant,54.2575843,-3.214453,NODE_320873.480000_485401.530000,126.99
WTW_way_966688515,Unnamed Facility (966688515),wastewater_plant,50.906858,-2.7056334,NODE_350463.550000_112467.220000,297.72
WTW_way_966711017,Beaulieu Village WTW,wastewater_plant,50.8152038,-1.4466984,NODE_439064.750000_102332.750000,446.52
WTW_way_966737275,East Boldre WTW,wastewater_plant,50.8048627,-1.4633907,NODE_438017.130000_100709.170000,110.58
WTW_way_967170117,Unnamed Facility (967170117),wastewater_plant,55.6542567,-1.8927149,NODE_406757.390000_640009.250000,120.43
WTW_way_967252092,Durham University Sewage Treatment Works,wastewater_plant,54.7562768,-1.5761905,NODE_427364.780000_539827.160000,402.21
WTW_way_967924912,Unnamed Facility (967924912),water_works,57.1249813,-7.3678235,NODE_75394.700000_816176.380000,417.93
WTW_way_968766729,Unnamed Facility (968766729),wastewater_plant,52.3547019,-0.5877817,NODE_496068.900000_273792.440000,233.27
WTW_way_969475955,Marloes WwTW,wastewater_plant,51.7307544,-5.1909151,NODE_179827.520000_208344.900000,85.09
WTW_way_971128531,Pennance Mill SPS,wastewater_plant,50.1338727,-5.0944012,NODE_178967.890000_30612.140000,47.39
WTW_way_971139599,Unnamed Facility (971139599),wastewater_plant,51.7885454,-4.8082753,NODE_206323.450000_213741.830000,94.27
WTW_way_971324136,Unnamed Facility (971324136),wastewater_plant,51.1441573,-0.3515377,NODE_515655.740000_139762.200000,289.21
WTW_way_971352987,Unnamed Facility (971352987),wastewater_plant,53.876838,-2.572292,NODE_362615.250000_442412.210000,146.12
WTW_way_971589033,Unnamed Facility (971589033),water_works,52.5234955,-2.7178357,NODE_351737.780000_291942.020000,346.51
WTW_way_972224112,Unnamed Facility (972224112),wastewater_plant,50.8214958,-0.6613725,NODE_494644.500000_103132.030000,304.28
WTW_way_972626138,Llanbrynmair Wastewater Treatment Works,wastewater_plant,52.6105765,-3.6357355,NODE_289274.790000_302522.050000,167.59
WTW_way_972834672,Gretna STW,wastewater_plant,54.9876513,-3.0815934,NODE_330922.020000_566290.590000,143.47
WTW_way_974982444,Four Crosses Sewage Treatment Works,wastewater_plant,52.755427,-3.075228,NODE_327385.060000_317987.090000,169.9
WTW_way_974995432,Llanidloes STW,wastewater_plant,52.4567792,-3.5031716,NODE_298385.150000_285333.820000,429.72
WTW_way_974995433,Tregynon STW,wastewater_plant,52.5761299,-3.3289916,NODE_309986.340000_298400.880000,53.28
WTW_way_974995434,Llys Rhys Rhysnant STW,wastewater_plant,52.7653076,-3.097065,NODE_326319.500000_319351.090000,290.64
WTW_way_974995436,Llandinam STW,wastewater_plant,52.4774776,-3.4345163,NODE_302611.410000_287707.590000,137.0
WTW_way_974995437,Guilsfield Sewage Treatment Works,wastewater_plant,52.7017177,-3.1475173,NODE_322347.370000_312056.800000,240.75
WTW_way_974998479,Bwlch-y-Ffridd Sewage Treatment Works,wastewater_plant,52.5475488,-3.3765357,NODE_306821.950000_295367.900000,95.91
WTW_way_974999515,Carno Treatment Works,wastewater_plant,52.5557559,-3.5265289,NODE_296649.490000_296405.420000,47.77
WTW_way_975009831,Llanfechain Sewage Treatment Works,wastewater_plant,52.7769288,-3.2016017,NODE_318715.180000_320523.660000,335.55
WTW_way_975009832,Knucklas Sewage Treatment Works,wastewater_plant,52.3625827,-3.0960085,NODE_325758.740000_274336.100000,301.92
WTW_way_975009833,Llanwyddyn Sewage Treatment Works,wastewater_plant,52.759734,-3.4509442,NODE_301939.480000_319006.760000,244.83
WTW_way_975009834,Clatter Sewage Treatment Works,wastewater_plant,52.5422802,-3.4745966,NODE_300137.140000_294890.560000,63.02
WTW_way_975010661,Van Sewage Treatment Works,wastewater_plant,52.4741294,-3.5430614,NODE_295181.760000_287356.700000,106.79
WTW_way_975013537,Arddleen Sewage Treatment Works,wastewater_plant,52.7307233,-3.0991061,NODE_325706.960000_315310.280000,174.64
WTW_way_975013538,Llansantffraid Sewage Treatment Works,wastewater_plant,52.7744503,-3.1498026,NODE_322696.600000_320228.070000,170.82
WTW_way_975013539,Deytheur Sewage Treatment Works,wastewater_plant,52.7664575,-3.146077,NODE_322689.320000_319455.690000,111.6
WTW_way_975020295,Pen-y-Bont-Fawr Sewage Treatment Works,wastewater_plant,52.8108976,-3.3482726,NODE_309372.480000_324587.750000,156.69
WTW_way_975021380,Llangynog Sewage Treatment Works,wastewater_plant,52.8213908,-3.4086464,NODE_304991.420000_325748.370000,188.89
WTW_way_975021381,Llangedwyn Sewage Treatment Works,wastewater_plant,52.8088491,-3.2084113,NODE_318835.110000_324522.810000,410.39
WTW_way_975022048,Llansilin Sewage Treatment Works,wastewater_plant,52.8455365,-3.1712535,NODE_321664.590000_328230.460000,452.76
WTW_way_975024416,Pontrobert Sewage Treatment Works,wastewater_plant,52.7006205,-3.3161129,NODE_310894.710000_312668.660000,496.97
WTW_way_975033037,Sarn Sewage Treatment Works,wastewater_plant,52.5072272,-3.1710899,NODE_320684.330000_290583.910000,73.84
WTW_way_975033921,Trefeglwys Sewage Treatment Works,wastewater_plant,52.5022272,-3.5157618,NODE_297518.890000_290517.990000,318.48
WTW_way_975053932,Berriew Sewage Treatment Works,wastewater_plant,52.5965066,-3.1956375,NODE_319099.940000_300497.410000,31.34
WTW_way_975073344,Heniarth Sewage Treatment Works,wastewater_plant,52.6661338,-3.3038257,NODE_312221.440000_308040.570000,466.19
WTW_way_975074208,Llangadfan Banwy Valley Sewage Treatment Works,wastewater_plant,52.6883823,-3.4736404,NODE_300552.800000_310885.160000,218.66
WTW_way_975254333,Abersoch Wastewater Treatment Works,wastewater_plant,52.8131025,-4.5103986,NODE_231307.090000_326947.310000,402.63
WTW_way_975255399,Blaenau Ffestiniog Wastewater Treatment Works,wastewater_plant,52.9809699,-3.9431088,NODE_269618.540000_344011.470000,379.48
WTW_way_975258935,Bryn Du/Rhosneigr Wastewater Treatment Works,wastewater_plant,53.2226304,-4.485945,NODE_234236.220000_372301.290000,136.63
WTW_way_975259557,Buckley Ty Gwyn Treatment Works,wastewater_plant,53.1524278,-3.0748549,NODE_327913.150000_362450.500000,371.01
WTW_way_975260023,Cardiff Rhydlafar Waste Water Treatment Works,wastewater_plant,51.5099686,-3.2833323,NODE_311031.050000_179616.730000,168.81
WTW_way_975260420,Cefn Mawr Waste Water Treatment Works,wastewater_plant,52.9675423,-3.0775974,NODE_327719.610000_341348.930000,324.39
WTW_way_975261942,Unnamed Facility (975261942),water_works,50.5402598,-3.6136001,NODE_285791.200000_72482.290000,79.92
WTW_way_975262809,Cowbridge Waste Water Treatment Works,wastewater_plant,51.4529937,-3.4460911,NODE_299756.490000_173653.900000,140.07
WTW_way_975263228,Creigiau Waste Water Treatment Works,wastewater_plant,51.5175902,-3.3117154,NODE_309147.810000_180682.100000,67.54
WTW_way_975263751,Cwmgwrach Waste Water Treatment Works,wastewater_plant,51.7361665,-3.6464243,NODE_286261.070000_205461.460000,146.6
WTW_way_975264613,Drefach Velindre Water Treatment Works,wastewater_plant,52.0319318,-4.4045051,NODE_235337.720000_240197.710000,451.06
WTW_way_975267368,Holyhead Waste Water Treatment Works,wastewater_plant,53.2982559,-4.6158273,NODE_225933.930000_380864.330000,295.93
WTW_way_975267632,Johnston Waste Water Treatment Works,wastewater_plant,51.7603599,-4.9890973,NODE_193834.540000_211230.250000,151.27
WTW_way_975268920,Llanbedr (Gwynedd) Waste Water Treatment Works,wastewater_plant,52.826595,-4.1064325,NODE_258161.620000_327615.230000,86.14
WTW_way_975268921,Llanasa Waste Water Treatment Works,wastewater_plant,53.3397737,-3.3172724,NODE_312268.900000_383571.500000,253.67
WTW_way_975269703,Llanfaes Waste Water Treatment Works,wastewater_plant,53.2742296,-4.0879306,NODE_261153.930000_377536.570000,381.58
WTW_way_975269860,Llanfaglan Waste Water Treatment Works,wastewater_plant,53.1104965,-4.2902577,NODE_246540.900000_359434.730000,261.0
WTW_way_975269998,Llanfairpwll Waste Water Treatment Works,wastewater_plant,53.2162027,-4.2025602,NODE_253015.010000_371009.410000,49.53
WTW_way_975272174,Llanrwst Waste Water Treatment Works,wastewater_plant,53.1400132,-3.8028198,NODE_279640.910000_361606.190000,266.84
WTW_way_975276788,Milford Haven Wastewater Treatment Works,wastewater_plant,51.7175772,-5.0412726,NODE_189996.600000_206438.050000,41.0
WTW_way_975278499,Nefyn West Wastewater Treatment Works,wastewater_plant,52.9286241,-4.5597691,NODE_227996.850000_339775.970000,100.96
WTW_way_975278999,Neyland Wastewater Treatment Works,wastewater_plant,51.7098395,-4.9573472,NODE_195717.680000_205511.030000,151.29
WTW_way_975281722,Resolven Wastewater Treatment Works,wastewater_plant,51.7095088,-3.7030792,NODE_282517.240000_203031.040000,470.31
WTW_way_975282307,St.Davids Wastewater Treatment Works,wastewater_plant,51.8736328,-5.2826026,NODE_174120.900000_224164.200000,380.79
WTW_way_975282838,Usk Wastewater Treatment Works,wastewater_plant,51.6912677,-2.8846603,NODE_338952.590000_199394.030000,144.75
WTW_way_975305951,Llwyncelyn Wastewater Treatment Works,wastewater_plant,52.209035,-4.2851481,NODE_243944.800000_259162.760000,56.23
WTW_way_975305985,Llangeitho Wastewater Treatment Works,wastewater_plant,52.2091558,-4.0335985,NODE_260933.610000_258669.790000,216.9
WTW_way_975306589,Old Radnor Wastewater Treatment Works,wastewater_plant,52.2248536,-3.1033118,NODE_324420.520000_259358.090000,412.14
WTW_way_975306905,Llanyre Wastewater Treatment Works,wastewater_plant,52.2513411,-3.3909211,NODE_305330.570000_262402.280000,187.66
WTW_way_975307359,Llanwrthwl Wastewater Treatment Works,wastewater_plant,52.259489,-3.4994372,NODE_297810.420000_263372.780000,76.73
WTW_way_975307903,Elan Valley (Hotel) Wastewater Treatment Works,wastewater_plant,52.2785661,-3.556188,NODE_294186.770000_265664.500000,260.13
WTW_way_975307958,Pontrhydfendigaid Wastewater Treatment Works,wastewater_plant,52.284174,-3.8663815,NODE_273040.340000_266493.600000,365.44
WTW_way_975308426,Llanddewi Ystraden Wastewater Treatment Works,wastewater_plant,52.3049945,-3.3111213,NODE_310535.650000_268183.900000,173.73
WTW_way_975309924,Llanbister Wastewater Treatment Works,wastewater_plant,52.3527345,-3.310963,NODE_310867.310000_273656.980000,123.78
WTW_way_975310035,Llanilar Wastewater Treatment Works,wastewater_plant,52.3599875,-4.0254982,NODE_262361.470000_275444.280000,196.75
WTW_way_975310084,Llanfarian Wastewater Treatment Works,wastewater_plant,52.3785685,-4.070963,NODE_259053.630000_277404.720000,239.76
WTW_way_975310145,Rhydfelin Wastewater Treatment Works,wastewater_plant,52.3910482,-4.0721915,NODE_259074.570000_279177.080000,155.67
WTW_way_975310147,Capel Bangor Wastewater Treatment Works,wastewater_plant,52.4040521,-3.9853213,NODE_265056.890000_280285.690000,25.37
WTW_way_975310428,Llangurig Wastewater Treatment Works,wastewater_plant,52.4049279,-3.6045979,NODE_290661.650000_279783.180000,277.69
WTW_way_975310440,Ponterwyd Wastewater Treatment Works,wastewater_plant,52.41196,-3.8372983,NODE_274922.040000_280769.220000,253.46
WTW_way_975310513,Talybont (Dyfed) Wastewater Treatment Works,wastewater_plant,52.4834091,-3.977724,NODE_265384.670000_289122.040000,411.45
WTW_way_975310801,Pennal Wastewater Treatment Works,wastewater_plant,52.5840208,-3.9161914,NODE_270044.020000_299936.410000,341.55
WTW_way_975310802,Derwenlas Wastewater Treatment Works,wastewater_plant,52.5760672,-3.8888263,NODE_272220.270000_299270.140000,118.93
WTW_way_975310838,Llan - Llanbrynmair Wastewater Treatment Works,wastewater_plant,52.5902121,-3.6451342,NODE_288629.180000_300182.970000,244.56
WTW_way_975310962,Commins Coch Wastewater Treatment Works,wastewater_plant,52.6265688,-3.7473545,NODE_281722.450000_304639.400000,101.78
WTW_way_975311512,Llanfachreth Wastewater Treatment Works,wastewater_plant,52.7845216,-3.8493388,NODE_275282.300000_322155.970000,235.72
WTW_way_975312449,Aberdaron Wastewater Treatment Works,wastewater_plant,52.8087981,-4.7118393,NODE_217293.070000_326441.400000,476.87
WTW_way_975312480,Mynytho Wastewater Treatment Works,wastewater_plant,52.841791,-4.5161547,NODE_230684.800000_330104.860000,54.16
WTW_way_975312534,Botwnnog Wastewater Treatment Works,wastewater_plant,52.8427987,-4.5762107,NODE_226436.260000_330186.660000,234.16
WTW_way_975312682,Sarn Council Houses Wastewater Treatment Works,wastewater_plant,52.8548706,-4.6069461,NODE_224677.660000_331515.760000,285.47
WTW_way_975345229,Sarn Meillteyrn Wastewater Treatment Works,wastewater_plant,52.8584837,-4.6167589,NODE_224061.250000_332182.340000,139.53
WTW_way_975345543,Llaniestyn Wastewater Treatment Works,wastewater_plant,52.8725624,-4.5735466,NODE_226737.310000_333558.970000,185.57
WTW_way_975345869,Penrhod Camp Wastewater Treatment Works,wastewater_plant,52.8762984,-4.4688016,NODE_234342.880000_333680.470000,420.72
WTW_way_975345893,Pwllheli Riverside Wastewater Treatment Works,wastewater_plant,52.8826689,-4.4364154,NODE_236258.120000_334479.480000,104.07
WTW_way_975346012,Llanarmon DC Wastewater Treatment Works,wastewater_plant,52.8863622,-3.2500165,NODE_315792.140000_332904.320000,208.66
WTW_way_975346167,Efailnewydd Wastewater Treatment Works,wastewater_plant,52.8927878,-4.4535157,NODE_235066.140000_335310.400000,323.61
WTW_way_975346385,Tregeiriog Wastewater Treatment Works,wastewater_plant,52.8949723,-3.218451,NODE_317733.230000_333546.070000,444.94
WTW_way_975346558,Trawsfynydd (Frongaled) Wastewater Treatment Works,wastewater_plant,52.8984077,-3.9166505,NODE_271241.220000_335134.430000,74.07
WTW_way_975346713,Ynys Wastewater Treatment Works,wastewater_plant,52.8993423,-4.0852756,NODE_259999.650000_335598.100000,167.66
WTW_way_975346863,Abererch Wastewater Treatment Works,wastewater_plant,52.9044785,-4.3859428,NODE_239470.710000_337020.600000,288.9
WTW_way_975346952,Llannor Wastewater Treatment Works,wastewater_plant,52.9050997,-4.4530275,NODE_235227.850000_337009.650000,105.96
WTW_way_975347923,Tudweiliog Wastewater Treatment Works,wastewater_plant,52.9089643,-4.6241753,NODE_223658.210000_338294.560000,457.36
WTW_way_975351333,Pandy (S of Llangollen) Wastewater Treatment Works,wastewater_plant,52.9141219,-3.1968198,NODE_319548.470000_335898.360000,80.67
WTW_way_975351381,Chwilog Wastewater Treatment Works,wastewater_plant,52.9176451,-4.3262784,NODE_243491.570000_338428.550000,373.08
WTW_way_975355111,Pentreuchaf Wastewater Treatment Works,wastewater_plant,52.9220528,-4.4452008,NODE_235572.570000_338534.750000,362.27
WTW_way_975355191,Llandrillo Wastewater Treatment Works,wastewater_plant,52.9261446,-3.4374278,NODE_303922.250000_337437.380000,459.09
WTW_way_975355217,Dolywern Wastewater Treatment Works,wastewater_plant,52.9267308,-3.1553185,NODE_322403.220000_337190.100000,37.36
WTW_way_975357181,Y Ffor Wastewater Treatment Works,wastewater_plant,52.9269585,-4.3781953,NODE_240164.920000_339397.420000,151.42
WTW_way_975357950,Penprys Wastewater Treatment Works,wastewater_plant,52.9295862,-4.4577998,NODE_234973.880000_339593.680000,162.56
WTW_way_975360075,Llangybi (North West) Wastewater Treatment Works,wastewater_plant,52.9375241,-4.3366666,NODE_242980.050000_340536.520000,207.8
WTW_way_975360106,Pencaenewydd Wastewater Treatment Works,wastewater_plant,52.9406976,-4.3690784,NODE_241169.560000_340987.790000,347.65
WTW_way_975360474,Rhoslan Wastewater Treatment Works,wastewater_plant,52.9428219,-4.2600588,NODE_248353.160000_340492.650000,304.17
WTW_way_975360533,Maentwrog Wastewater Treatment Works,wastewater_plant,52.944005,-3.993928,NODE_266023.020000_340195.050000,199.78
WTW_way_975362308,Prenteg Wastewater Treatment Works,wastewater_plant,52.951456,-4.0997291,NODE_259042.390000_341881.970000,478.05
WTW_way_975362673,Whitehurst Wastewater Treatment Works,wastewater_plant,52.9529361,-3.0577527,NODE_329110.160000_340304.000000,285.98
WTW_way_975362850,Llithfaen Wastewater Treatment Works,wastewater_plant,52.9543925,-4.4422665,NODE_235876.200000_342454.800000,156.23
WTW_way_975363261,Llan Ffestiniog Wastewater Treatment Works,wastewater_plant,52.9563307,-3.9364998,NODE_269809.040000_341458.500000,269.5
WTW_way_975363316,Rhyd Wastewater Treatment Works,wastewater_plant,52.9567411,-4.0306682,NODE_263628.720000_342341.220000,486.32
WTW_way_975363580,Halton Wastewater Treatment Works,wastewater_plant,52.957566,-3.0372793,NODE_330876.510000_340358.840000,489.38
WTW_way_975365169,Cynwyd Wastewater Treatment Works,wastewater_plant,52.9585005,-3.4106357,NODE_305198.090000_340998.810000,151.03
WTW_way_975365373,Gardolbenmaen Wastewater Treatment Works,wastewater_plant,52.9622813,-4.2400823,NODE_249284.030000_342645.060000,433.87
WTW_way_975366231,Bryncir Wastewater Treatment Works,wastewater_plant,52.9743531,-4.2649953,NODE_247993.550000_344193.300000,96.24
WTW_way_975367672,Glyndyfrdwy Wastewater Treatment Works,wastewater_plant,52.9766252,-3.2640741,NODE_315185.510000_343002.740000,119.43
WTW_way_975367998,Llanaelhearn Wastewater Treatment Works,wastewater_plant,52.9815665,-4.407717,NODE_238138.860000_345457.200000,320.23
WTW_way_975371112,Dinmael Wastewater Treatment Works,wastewater_plant,52.9903709,-3.4814792,NODE_300651.080000_344576.600000,119.7
WTW_way_975373012,Nantmor Wastewater Treatment Works,wastewater_plant,52.9931443,-4.0891551,NODE_260006.650000_345878.990000,192.36
WTW_way_975432405,Unnamed Facility (975432405),wastewater_plant,58.400932,-6.4913468,NODE_137699.760000_954669.720000,61.32
WTW_way_975670805,Dutton Wastewaster Treatment Works,wastewater_plant,53.3055923,-2.6391408,NODE_357512.660000_378735.040000,192.63
WTW_way_976007527,Llanbedr (Powys) SWK WwTW,wastewater_plant,51.8740667,-3.1070428,NODE_323599.170000_220280.960000,349.47
WTW_way_976105481,Andoversford Wastewater Treatment Works,wastewater_plant,51.877608,-1.9644662,NODE_402436.670000_219589.960000,321.08
WTW_way_976106770,Barford (St Michael) Wastewater Treatment Works,wastewater_plant,51.9902996,-1.3576001,NODE_444481.630000_232990.670000,460.15
WTW_way_976120505,Bourton WwTW,wastewater_plant,51.5847433,-1.6756685,NODE_422359.880000_187726.530000,412.19
WTW_way_976121658,Boxford Wastewater Treatment Works,wastewater_plant,51.4446988,-1.3819897,NODE_442724.350000_171617.630000,446.03
WTW_way_976124565,Castle Eaton Wastewater Treatment Works,wastewater_plant,51.663958,-1.7828939,NODE_414941.590000_196372.800000,278.32
WTW_way_976129956,Charwelton Wastewater Treatment Works,wastewater_plant,52.1969949,-1.2132487,NODE_453588.330000_255906.140000,344.97
WTW_way_976129994,Charney Bassett Wastewater Treatment Works,wastewater_plant,51.649523,-1.449286,NODE_438009.560000_194527.070000,235.59
WTW_way_976130315,Chienes Wastewater Treatment Works,wastewater_plant,51.6768822,-0.5288472,NODE_501907.780000_198764.330000,194.92
WTW_way_976223396,Clifton Wastewater Treatment Works,wastewater_plant,51.9801382,-1.286545,NODE_449403.020000_231477.270000,311.13
WTW_way_976224505,Coberley Wastewater Treatment Works,wastewater_plant,51.8420238,-2.0539485,NODE_396535.000000_216019.980000,176.58
WTW_way_976224767,Coleshill Wastewater Treatment Works,wastewater_plant,51.6394795,-1.6623762,NODE_423434.220000_193461.730000,25.97
WTW_way_976226877,Cuddington Wastewater Treatment Works,wastewater_plant,51.7993268,-0.9309357,NODE_473434.000000_211785.950000,386.65
WTW_way_976249651,Eaton Hastings Wastewater Treatment Works,wastewater_plant,51.6706878,-1.6357541,NODE_425166.660000_196927.640000,119.36
WTW_way_976285924,Farnborough (North) Wastewater Treatment Works,wastewater_plant,52.1417926,-1.3755575,NODE_442859.940000_249220.290000,241.52
WTW_way_976289338,Foscot Wastewater Treatment Works,wastewater_plant,51.8938798,-1.6414408,NODE_424476.150000_221863.400000,310.59
WTW_way_976352300,Llanfyrnach WwTW,wastewater_plant,51.9493215,-4.5914751,NODE_222048.400000_231050.520000,48.46
WTW_way_976408352,Great Milton Wastewater Treatment Works,wastewater_plant,51.7258145,-1.0962027,NODE_462653.340000_203643.420000,280.22
WTW_way_976409172,Guiting Power Wastewater Treatment Works,wastewater_plant,51.9224887,-1.8612533,NODE_409779.810000_224876.570000,142.88
WTW_way_976477960,Lower Basildon Sewage Treatment Works,wastewater_plant,51.5034769,-1.1172313,NODE_461777.000000_178848.200000,454.56
WTW_way_976480765,Little Compton Wastewater Treatment Works,wastewater_plant,51.9678831,-1.6292191,NODE_425555.390000_230324.910000,327.22
WTW_way_976582302,Moreton Pinkney Wastewater Treatment Works,wastewater_plant,52.1431794,-1.162504,NODE_457442.290000_249862.610000,107.2
WTW_way_976632199,Eversley New Mill Wastewater Treatment Works,wastewater_plant,51.3598748,-0.9104286,NODE_476178.770000_162872.510000,220.47
WTW_way_976633771,Nuneham Courtenay Wastewater Treatment Works,wastewater_plant,51.6879765,-1.1975858,NODE_455884.670000_198904.890000,377.87
WTW_way_976635049,Rowsham Wastewater Treatment Works,wastewater_plant,51.8514869,-0.769195,NODE_484718.040000_217593.400000,188.15
WTW_way_976638475,Sandford St Martin Wastewater Treatment Works,wastewater_plant,51.9337853,-1.3860841,NODE_442283.070000_226075.490000,244.04
WTW_way_976638676,Selborne Wastewater Treatment Works,wastewater_plant,51.0979688,-0.9355881,NODE_474341.450000_133853.820000,315.21
WTW_way_976639569,Sevenhampton Wastewater Treatment Works,wastewater_plant,51.6087144,-1.6991976,NODE_420954.180000_190082.190000,59.77
WTW_way_976665930,Shellingford Wastewater Treatment Works,wastewater_plant,51.6379285,-1.5392951,NODE_432125.170000_193195.610000,202.89
WTW_way_976686465,Croesgoch WwTW,wastewater_plant,51.9311785,-5.1626943,NODE_182612.400000_230918.900000,345.71
WTW_way_976686492,Tetsworth Wastewater Treatment Works,wastewater_plant,51.7169342,-1.0097846,NODE_468305.200000_202596.270000,226.59
WTW_way_976696578,Warmington Wastewater Treatment Works,wastewater_plant,52.1283751,-1.3950331,NODE_441823.410000_247941.200000,314.35
WTW_way_976696719,Warwick Wold Wastewater Treatment Works,wastewater_plant,51.259568,-0.1201348,NODE_531469.200000_152484.000000,405.51
WTW_way_976700322,Withington Wastewater Treatment Works,wastewater_plant,51.8386053,-1.9493698,NODE_403475.570000_215484.000000,130.51
WTW_way_976728249,Ash Vale Wastewater Treatment Works,wastewater_plant,51.2774342,-0.7304688,NODE_488582.940000_153759.910000,161.6
WTW_way_976750882,Bordon Wastewater Treatment Works,wastewater_plant,51.118702,-0.8531959,NODE_480313.350000_135764.370000,354.98
WTW_way_976783703,Byfield Wastewater Treatment Works,wastewater_plant,52.16849,-1.2358064,NODE_452526.350000_252577.340000,173.62
WTW_way_976807059,Leahom Waste Water Treatment Works,wastewater_plant,54.4577953,-0.8212253,NODE_476512.070000_507506.270000,66.28
WTW_way_976887195,Unnamed Facility (976887195),water_works,50.162335,-5.1131927,NODE_177703.760000_33788.570000,47.75
WTW_way_976887196,Unnamed Facility (976887196),water_works,50.1625157,-5.1125,NODE_177703.760000_33788.570000,98.96
WTW_way_976945918,Chobham Wastewater Treatment Works,wastewater_plant,51.3404285,-0.6002272,NODE_497402.320000_160620.050000,498.42
WTW_way_977640372,Laugharne WwTW,wastewater_plant,51.7664468,-4.4594215,NODE_230333.500000_210476.830000,101.39
WTW_way_978169027,Unnamed Facility (978169027),wastewater_plant,51.1776459,-2.0910252,NODE_393818.560000_141621.150000,437.54
WTW_way_978739187,Morville (STW),wastewater_plant,52.5396513,-2.4845835,NODE_367076.810000_293718.720000,172.18
WTW_way_978751158,High Bickington STW,wastewater_plant,50.9644403,-4.0023819,NODE_259127.380000_120222.650000,359.43
WTW_way_979785931,South Wingfield STW,wastewater_plant,53.0934922,-1.4325154,NODE_438283.880000_355100.830000,264.59
WTW_way_979829871,Unnamed Facility (979829871),wastewater_plant,57.4509156,-2.776655,NODE_353820.390000_840676.980000,474.55
WTW_way_980555270,Weston-Super-Mare WwTW,wastewater_plant,51.3054015,-2.9907782,NODE_331108.340000_157039.100000,328.09
WTW_way_981242049,Leatherhead Wastewater Treatment Works,wastewater_plant,51.3082241,-0.353642,NODE_514783.370000_158123.030000,277.44
WTW_way_981833964,Unnamed Facility (981833964),water_works,51.936458,-2.1131406,NODE_392714.580000_226576.180000,418.0
WTW_way_985430956,Unnamed Facility (985430956),wastewater_plant,54.2853355,-1.5819805,NODE_427023.590000_488052.020000,367.9
WTW_way_985503783,Unnamed Facility (985503783),wastewater_plant,57.9077648,-5.1598122,NODE_212987.680000_895335.160000,110.02
WTW_way_986594497,WTW,water_works,55.8003874,-2.5142584,NODE_368019.270000_656535.190000,174.57
WTW_way_986594523,WTW,water_works,55.7995788,-2.5159685,NODE_368019.270000_656535.190000,311.63
WTW_way_989385488,Unnamed Facility (989385488),wastewater_plant,50.9098729,-0.2726613,NODE_521726.500000_113722.850000,193.95
WTW_way_989385498,Unnamed Facility (989385498),wastewater_plant,50.9099041,-0.2726019,NODE_521726.500000_113722.850000,189.3
WTW_way_990867117,Unnamed Facility (990867117),wastewater_plant,56.4338002,-5.2373122,NODE_200485.930000_731785.480000,237.79
WTW_way_990933096,Unnamed Facility (990933096),wastewater_plant,56.5604787,-5.355253,NODE_194110.640000_746000.880000,194.55
WTW_way_990959562,Unnamed Facility (990959562),wastewater_plant,56.6445375,-5.2737379,NODE_199451.950000_755097.680000,81.83
WTW_way_991709001,Brockdish / Bungay Road STW,wastewater_plant,52.3678517,1.2441847,NODE_621165.690000_279212.780000,263.69
WTW_way_992072249,Long Wittenham Wastewater Treatment Works,wastewater_plant,51.6464654,-1.2035609,NODE_454825.950000_194337.890000,404.06
WTW_way_993324857,Dinnington (STW),wastewater_plant,53.3690027,-1.2286122,NODE_451771.270000_386226.580000,381.6
WTW_way_995563199,Unnamed Facility (995563199),wastewater_plant,51.7776896,-1.0618198,NODE_465085.940000_208826.370000,454.09
WTW_way_996061040,Unnamed Facility (996061040),water_works,50.3606676,-4.3688931,NODE_231430.930000_53907.960000,175.6
WTW_way_999740440,Chillington STW,wastewater_plant,50.2718008,-3.7084352,NODE_278603.130000_42656.120000,258.82
WTW_way_1000447487,Bonchester Bridge WWTW,wastewater_plant,55.40346,-2.6543103,NODE_358707.440000_612388.530000,50.51
WTW_way_1000641422,Bancyfelin WwTW,wastewater_plant,51.8345545,-4.4324264,NODE_232525.080000_217860.840000,46.79
WTW_way_1001174428,Unnamed Facility (1001174428),wastewater_plant,50.8665002,-3.071497,NODE_324758.070000_107832.580000,172.06
WTW_way_1001476145,Dean (Lower) STW,wastewater_plant,52.3081284,-0.456379,NODE_505309.050000_269127.120000,229.63
WTW_way_1002414704,Unnamed Facility (1002414704),wastewater_plant,50.773848,-1.8213487,NODE_412653.320000_97012.690000,149.64
WTW_way_1005021221,Ashover (STW),wastewater_plant,53.1621431,-1.4832603,NODE_434402.180000_363079.870000,302.06
WTW_way_1005287583,Tilbrook STW,wastewater_plant,52.3149532,-0.4096831,NODE_508853.440000_269475.440000,430.9
WTW_way_1006501076,Rockliffe STW,wastewater_plant,54.8602961,-3.7890526,NODE_285618.170000_553306.060000,376.41
WTW_way_1007123166,United Utilities WWTW,water_works,53.4972499,-2.4554129,NODE_369574.200000_399795.030000,476.77
WTW_way_1007283516,Powerstock Sewage Treatment Works,wastewater_plant,50.7613802,-2.6868947,NODE_351559.930000_95972.200000,89.68
WTW_way_1007485941,Unnamed Facility (1007485941),wastewater_plant,50.8200584,-3.8124885,NODE_272346.700000_103529.360000,326.63
WTW_way_1008405047,Upper Rissington STW,wastewater_plant,51.8739906,-1.6922128,NODE_421681.140000_219808.830000,481.14
WTW_way_1009671823,Horsebridge Water Works,water_works,51.0722294,-1.5096838,NODE_434404.080000_130488.690000,67.85
WTW_way_1009722098,Unnamed Facility (1009722098),wastewater_plant,54.3099978,-2.1012164,NODE_393538.010000_490775.950000,284.65
WTW_way_1009851240,Hitchin STW,wastewater_plant,51.9680544,-0.2694646,NODE_518545.130000_231473.990000,448.92
WTW_way_1010246428,Unnamed Facility (1010246428),wastewater_plant,56.2800622,-3.7277483,NODE_292975.920000_711012.510000,162.88
WTW_way_1010510482,Lighthorne Heath (STW),wastewater_plant,52.2060822,-1.4734293,NODE_436166.510000_256991.700000,442.73
WTW_way_1011196068,Unnamed Facility (1011196068),wastewater_plant,55.9156687,-3.662433,NODE_296230.970000_670564.220000,144.97
WTW_way_1011202672,Works,water_works,52.4935263,-3.4436808,NODE_302260.700000_289330.240000,186.26
WTW_way_1011237711,Chephurst Copse Rudgwick WTW,wastewater_plant,51.0767147,-0.4602235,NODE_507961.400000_131599.920000,349.05
WTW_way_1011996371,WWTW,wastewater_plant,55.7617206,-3.6791059,NODE_295147.040000_653209.650000,426.3
WTW_way_1012157659,Bomere Heath (STW),wastewater_plant,52.7599396,-2.7824833,NODE_347263.450000_318211.500000,114.82
WTW_way_1014558998,Newcastleton STW,wastewater_plant,55.1712379,-2.815174,NODE_348234.430000_586479.220000,161.1
WTW_way_1015254694,Bradwell (STW),wastewater_plant,53.3367645,-1.7319113,NODE_418060.470000_382449.880000,239.29
WTW_way_1016520623,Unnamed Facility (1016520623),water_works,53.5162633,-2.4739359,NODE_368652.380000_402233.040000,49.73
WTW_way_1017462713,Unnamed Facility (1017462713),water_works,56.0331153,-4.3629036,NODE_253070.590000_684838.840000,217.1
WTW_way_1017463721,Unnamed Facility (1017463721),water_works,56.2537796,-4.5766473,NODE_240619.410000_709972.690000,233.64
WTW_way_1017897892,Michaelwood STW,wastewater_plant,51.6548905,-2.4394942,NODE_369486.130000_195197.420000,207.32
WTW_way_1019062835,Dolbenmaen Water Treatment Works,water_works,52.963363,-4.2355111,NODE_250148.970000_342998.460000,198.31
WTW_way_1020642851,Hilmarton WwTW,wastewater_plant,51.480155,-1.9800554,NODE_401341.980000_175843.950000,208.27
WTW_way_1020877759,Unnamed Facility (1020877759),wastewater_plant,53.8130321,-2.2649704,NODE_382730.650000_434883.680000,350.68
WTW_way_1020970139,Litchborough STW,wastewater_plant,52.1903805,-1.0880075,NODE_462191.810000_254968.000000,269.08
WTW_way_1021509190,Litcham STW,wastewater_plant,52.7201414,0.7991915,NODE_589076.430000_317465.070000,196.52
WTW_way_1021613172,Llanfechell WwTW,wastewater_plant,53.3948039,-4.4461767,NODE_237516.110000_391554.480000,126.38
WTW_way_1022216211,Unnamed Facility (1022216211),wastewater_plant,54.9117191,-2.8241552,NODE_347247.300000_557612.350000,144.33
WTW_way_1023229107,Unnamed Facility (1023229107),wastewater_plant,52.2739996,-2.8254485,NODE_343653.670000_264112.910000,225.37
WTW_way_1023964432,East Marton Sewage Treatment Works,wastewater_plant,53.9510727,-2.1397336,NODE_391045.340000_450366.450000,226.82
WTW_way_1024185303,Milton Under Wychwood WwTW,wastewater_plant,51.8636328,-1.6043507,NODE_427440.970000_218445.080000,105.68
WTW_way_1025275350,Melling Wastewater Treatment Works,wastewater_plant,53.4836937,-2.921501,NODE_339073.300000_398737.250000,244.2
WTW_way_1025277502,Barton STW,wastewater_plant,53.8159616,-2.7382564,NODE_351495.290000_435677.910000,93.43
WTW_way_1025277503,Formby Sewage Treatment Works,wastewater_plant,53.5461757,-3.0628135,NODE_329451.320000_405584.680000,496.12
WTW_way_1025496371,Saddlers Close Sutton Scotney WTW,wastewater_plant,51.1550091,-1.3381299,NODE_446596.300000_139935.670000,290.27
WTW_way_1025504461,Chilham STW,wastewater_plant,51.2393926,0.9702488,NODE_607285.060000_153196.730000,170.0
WTW_way_1025514432,valve house,water_works,56.5847455,-4.4299928,NODE_250849.540000_746307.090000,16.76
WTW_way_1025516422,Unnamed Facility (1025516422),water_works,56.5876893,-4.4323905,NODE_250537.250000_746401.810000,286.6
WTW_way_1025523113,outflow,water_works,56.5689383,-4.5051815,NODE_246081.830000_744417.940000,294.79
WTW_way_1025526827,outlet,water_works,56.5214974,-4.6544519,NODE_236610.500000_739669.500000,211.82
WTW_way_1025543991,Unnamed Facility (1025543991),water_works,56.4402725,-4.5062165,NODE_245277.270000_730041.910000,461.34
WTW_way_1025543999,Unnamed Facility (1025543999),water_works,56.4372005,-4.4864192,NODE_246681.050000_729658.450000,357.88
WTW_way_1026076049,Kingston Bagpuize WWTW,wastewater_plant,51.6749031,-1.4183726,NODE_440214.460000_197441.490000,119.79
WTW_way_1026076051,Cricklade WWTW,wastewater_plant,51.6442423,-1.8486087,NODE_410666.160000_193859.390000,130.1
WTW_way_1026344286,Unnamed Facility (1026344286),wastewater_plant,50.9035032,-4.5208866,NODE_222889.770000_114482.740000,111.87
WTW_way_1027373655,Unnamed Facility (1027373655),wastewater_plant,54.0943791,-2.6662368,NODE_356838.920000_466915.100000,380.42
WTW_way_1028449309,Blaenffos WwTW,wastewater_plant,52.004947,-4.6499888,NODE_218030.860000_237498.840000,216.1
WTW_way_1028458092,Unnamed Facility (1028458092),wastewater_plant,50.5614499,-4.4417063,NODE_227192.610000_75955.290000,416.18
WTW_way_1028767809,Preseli Water Treatment Works,water_works,51.9179832,-4.8180883,NODE_206350.920000_228100.640000,66.29
WTW_way_1029418026,Staindrop Sewage Treatment Works,wastewater_plant,54.5735915,-1.7813891,NODE_414301.500000_519729.150000,131.71
WTW_way_1030332437,Tetford STW,wastewater_plant,53.2481378,0.0045132,NODE_533879.570000_374231.540000,37.3
WTW_way_1030333639,Brechfa WwTW,wastewater_plant,51.9508489,-4.1401715,NODE_252661.650000_230228.220000,356.43
WTW_way_1030341306,Combe Martin STW,wastewater_plant,51.2011038,-4.0342588,NODE_257853.390000_147077.760000,472.13
WTW_way_1030342554,Coreley - Clee Hill (STW),wastewater_plant,52.3638073,-2.579608,NODE_360576.830000_274409.680000,285.12
WTW_way_1030417859,Molland West STW Molland,wastewater_plant,51.0420513,-3.7068161,NODE_280575.690000_128162.730000,234.13
WTW_way_1030688074,Unnamed Facility (1030688074),wastewater_plant,54.6284586,-1.7633298,NODE_415204.790000_525918.350000,175.93
WTW_way_1031142480,Great Oak WwTW,wastewater_plant,51.7867031,-2.8948573,NODE_338358.400000_210184.350000,26.71
WTW_way_1031309208,Clarbeston Road WwTW,wastewater_plant,51.8517009,-4.8890655,NODE_200748.680000_221067.990000,389.51
WTW_way_1031309739,Llanpumsaint WwTW,wastewater_plant,51.938065,-4.3057635,NODE_241757.520000_229124.900000,164.02
WTW_way_1031311298,Cellan WwTW,wastewater_plant,52.1220062,-4.0428615,NODE_260264.910000_249382.590000,339.12
WTW_way_1031311529,Hundred House WwTW,wastewater_plant,52.1802769,-3.3024055,NODE_311206.360000_254223.510000,209.25
WTW_way_1031311894,Conwyl Elfed WwTW,wastewater_plant,51.9176683,-4.3617602,NODE_237857.170000_226888.480000,209.21
WTW_way_1031313626,Cwrt Newydd WwTW,wastewater_plant,52.1020388,-4.1992933,NODE_249389.910000_247153.850000,75.51
WTW_way_1031313627,Llanover WwTW,wastewater_plant,51.7765564,-2.9946699,NODE_331469.370000_209170.030000,48.13
WTW_way_1031313735,Gwalchmai WwTW,wastewater_plant,53.252417,-4.4072289,NODE_239740.940000_375709.010000,302.88
WTW_way_1031314354,Erwood WwTW,wastewater_plant,52.0801397,-3.315065,NODE_309680.960000_243167.440000,304.83
WTW_way_1031314943,Dingestow WwTW,wastewater_plant,51.7863779,-2.7870877,NODE_345924.320000_210069.580000,123.08
WTW_way_1031386584,Pentrefoelas WwTW,wastewater_plant,53.0479059,-3.6861764,NODE_287231.600000_351401.560000,167.59
WTW_way_1031387482,Ysbyty Ifan WwTW,wastewater_plant,53.0259571,-3.7241936,NODE_284327.360000_348997.880000,131.33
WTW_way_1031387672,Bwlch Wastewater Treatment Works,wastewater_plant,51.8787495,-3.2300502,NODE_315239.220000_220289.270000,482.94
WTW_way_1031461061,Horncastle STW,wastewater_plant,53.1895565,-0.1149595,NODE_525620.860000_367338.120000,449.54
WTW_way_1031461883,Rosebush WwTW,wastewater_plant,51.9277012,-4.8035875,NODE_207400.210000_229260.850000,106.12
WTW_way_1031462321,Cynghordy WwTW,wastewater_plant,52.0448149,-3.7469113,NODE_280466.050000_239546.150000,422.14
WTW_way_1031463650,Twynllanan WwTW,wastewater_plant,51.9029087,-3.8121178,NODE_275713.110000_224106.390000,323.9
WTW_way_1031494093,Llanmadoc Wastewater Treatment Works,wastewater_plant,51.6176878,-4.2456331,NODE_244637.470000_193408.260000,35.83
WTW_way_1031494800,Stackpole Wastewater Treatment Works,wastewater_plant,51.6311028,-4.9172796,NODE_198146.060000_196503.830000,52.41
WTW_way_1031495829,Llansteffan WwTW,wastewater_plant,51.775244,-4.3841686,NODE_235791.720000_210975.250000,285.57
WTW_way_1031585528,Knossington STW,wastewater_plant,52.662252,-0.8084406,NODE_480707.920000_307814.840000,29.32
WTW_way_1031587514,Thurleigh STW,wastewater_plant,52.2197853,-0.4562331,NODE_505436.770000_258962.820000,163.11
WTW_way_1031589253,Carew WwTW,wastewater_plant,51.6967476,-4.8206418,NODE_205215.180000_203561.520000,51.2
WTW_way_1031593017,Gisburn WwTW,wastewater_plant,53.9416884,-2.275982,NODE_382075.170000_449544.580000,93.7
WTW_way_1031699664,Black Torrington STW,wastewater_plant,50.8328939,-4.1746489,NODE_246536.360000_106015.070000,426.39
WTW_way_1031942903,Brinkley STW,wastewater_plant,52.1659094,0.3874747,NODE_563684.370000_254718.290000,310.11
WTW_way_1031943421,Alston WwTW,wastewater_plant,54.8195451,-2.4461345,NODE_371440.950000_547081.000000,198.21
WTW_way_1031944602,Rosedale Abbey Sewage Treatment Works,wastewater_plant,54.3662558,-0.9033366,NODE_471384.640000_497376.280000,81.53
WTW_way_1032353304,Keld/STW,wastewater_plant,54.4058618,-2.1653861,NODE_389606.200000_501042.380000,273.75
WTW_way_1032385958,Milton Abbot STW,wastewater_plant,50.5906172,-4.2562594,NODE_240325.480000_79232.560000,75.26
WTW_way_1032387431,Clawddnewydd WwTW,wastewater_plant,53.0630307,-3.3702238,NODE_308221.690000_352788.380000,166.79
WTW_way_1032388721,Kingscott STW,wastewater_plant,50.942575,-4.0791678,NODE_254226.310000_117853.680000,228.39
WTW_way_1032603973,Laxfield-Fr Hsw WwTW,wastewater_plant,52.2958834,1.3487521,NODE_628343.120000_272176.630000,490.64
WTW_way_1032615221,Brailsford (STW),wastewater_plant,52.9635909,-1.6202715,NODE_425773.440000_340688.630000,183.86
WTW_way_1033064068,Westerdale/STW,wastewater_plant,54.4463275,-0.9774426,NODE_466239.340000_506135.880000,169.49
WTW_way_1033066346,Carbrooke-Drury Lane STW,wastewater_plant,52.5803487,0.8688882,NODE_594299.850000_302026.210000,202.53
WTW_way_1033092591,Lanebottom WwTW,wastewater_plant,53.8180368,-2.1897943,NODE_387581.260000_435979.670000,214.62
WTW_way_1033158563,Ponsworthy STW,wastewater_plant,50.5499415,-3.8336518,NODE_270090.790000_73916.000000,120.3
WTW_way_1033418836,Duggleby Sewage Treatment Works,wastewater_plant,54.0937612,-0.6540522,NODE_487948.540000_467193.220000,191.49
WTW_way_1033590976,Unnamed Facility (1033590976),wastewater_plant,55.7977841,-3.2146706,NODE_324141.520000_656959.630000,306.44
WTW_way_1033592524,Unnamed Facility (1033592524),water_works,53.3876472,-2.6149604,NODE_359139.000000_388315.100000,279.22
WTW_way_1033616534,Fincham STW,wastewater_plant,52.6265623,0.4852827,NODE_568227.210000_306226.570000,153.8
WTW_way_1033626767,Shillingford STW Bampton,wastewater_plant,51.0050364,-3.4560303,NODE_297718.380000_123780.530000,234.2
WTW_way_1033629175,Garth WwTW,wastewater_plant,52.1314984,-3.5335811,NODE_295525.630000_249281.620000,402.66
WTW_way_1033772433,Seaton And Downderry STW,wastewater_plant,50.3769208,-4.3929366,NODE_230064.920000_55658.640000,140.08
WTW_way_1033978084,Painscastle WwTW,wastewater_plant,52.1083058,-3.2135023,NODE_317018.770000_245817.140000,430.88
WTW_way_1033979344,Old Bolingbroke STW,wastewater_plant,53.1603689,0.0205779,NODE_535035.620000_364778.350000,331.62
WTW_way_1033979696,Stagsden STW,wastewater_plant,52.1360177,-0.5521341,NODE_498969.230000_249475.250000,266.19
WTW_way_1033979834,Melchbourne STW,wastewater_plant,52.2797381,-0.4916987,NODE_502790.470000_265841.490000,253.91
WTW_way_1033989779,Unnamed Facility (1033989779),water_works,52.1940032,-0.8824429,NODE_476576.520000_255779.930000,141.15
WTW_way_1033989786,Pitsford Water Treatment Works,water_works,52.3103321,-0.8893842,NODE_475666.340000_268858.250000,294.2
WTW_way_1033990311,Middleton-In-Teesdale STW,wastewater_plant,54.64108,-2.1321166,NODE_391391.740000_527261.470000,194.81
WTW_way_1034659483,Kirkinner STW,wastewater_plant,54.8352838,-4.4581037,NODE_242108.260000_551531.470000,211.37
WTW_way_1034765003,Unnamed Facility (1034765003),water_works,51.2430055,-0.320355,NODE_517433.780000_150807.020000,180.13
WTW_way_1034779636,Throwleigh STW,wastewater_plant,50.6993458,-3.8761005,NODE_267362.170000_90509.980000,243.58
WTW_way_1034780817,Brayford STW,wastewater_plant,51.0949238,-3.8802847,NODE_268469.520000_134500.490000,48.77
WTW_way_1034819091,Sourton Down STW,wastewater_plant,50.7032272,-4.064757,NODE_254069.440000_91297.900000,226.37
WTW_way_1034845909,High Newton WwTW,wastewater_plant,54.2381225,-2.9237958,NODE_339556.910000_482842.320000,334.24
WTW_way_1034847813,Bridgetown STW,wastewater_plant,51.087922,-3.5388167,NODE_292321.080000_133214.690000,20.34
WTW_way_1034850859,Marske Sewage Treatment Works,wastewater_plant,54.3994249,-1.8425596,NODE_409992.000000_500675.150000,397.67
WTW_way_1034851811,Staunton-On-Wye WwTW,wastewater_plant,52.0970464,-2.9300505,NODE_335951.980000_244757.770000,436.46
WTW_way_1034852135,Ffarmers WwTW,wastewater_plant,52.082717,-3.9741117,NODE_264750.140000_244660.370000,138.49
WTW_way_1034859177,Lamberhurst WTW,wastewater_plant,51.098517,0.3952074,NODE_567609.040000_136287.750000,369.14
WTW_way_1034886156,Nun Monkton/STW,wastewater_plant,54.0124248,-1.2217247,NODE_451321.900000_457883.520000,317.28
WTW_way_1034887652,Belton STW,wastewater_plant,52.6020473,-0.7907018,NODE_482201.070000_300721.970000,480.74
WTW_way_1035006028,Wenhaston STW,wastewater_plant,52.3140206,1.5634623,NODE_642999.690000_274476.740000,67.53
WTW_way_1035022819,Hempnall-Fritton Rd STW,wastewater_plant,52.5036229,1.2874477,NODE_623239.420000_294793.140000,192.52
WTW_way_1035400081,Westbury (STW),wastewater_plant,51.8186016,-2.4124513,NODE_371373.530000_213413.630000,293.16
WTW_way_1035400971,Middlesmoor,wastewater_plant,54.1620948,-1.8600569,NODE_409603.440000_474322.990000,464.12
WTW_way_1035401814,Sedbergh Wastewater Treatment Works,wastewater_plant,54.314897,-2.5388114,NODE_364786.390000_491027.940000,293.91
WTW_way_1035402155,Manmoel WwTW,wastewater_plant,51.7210335,-3.1884036,NODE_318189.870000_202811.640000,382.82
WTW_way_1035449446,Shawbury (STW),wastewater_plant,52.7923226,-2.646978,NODE_356088.990000_322017.610000,421.93
WTW_way_1035590599,Lynmouth STW,wastewater_plant,51.2316841,-3.8267646,NODE_272374.970000_149478.950000,242.21
WTW_way_1035592814,Settrington Sewage Treatment Works,wastewater_plant,54.1339386,-0.7334595,NODE_482589.710000_471255.230000,464.91
WTW_way_1036256540,West Down STW,wastewater_plant,51.1597307,-4.1270479,NODE_251095.620000_142430.520000,347.65
WTW_way_1036257716,Dolton STW,wastewater_plant,50.8895734,-4.0291869,NODE_257167.600000_111739.770000,311.64
WTW_way_1036329798,Unnamed Facility (1036329798),wastewater_plant,56.1605788,-3.6875738,NODE_295504.940000_697920.870000,298.06
WTW_way_1036669547,Armathwaite WwTW,wastewater_plant,54.8099549,-2.7635242,NODE_351274.480000_546512.180000,278.52
WTW_way_1036671023,Northchapel WTW,wastewater_plant,51.0528815,-0.6430334,NODE_494889.220000_129415.460000,485.6
WTW_way_1036770957,Odell STW,wastewater_plant,52.2139549,-0.5661902,NODE_498144.600000_257792.250000,486.77
WTW_way_1036773820,Canon Pyon WwTW,wastewater_plant,52.1383196,-2.7856652,NODE_346460.950000_249426.550000,279.75
WTW_way_1036926137,North Petherwin STW,wastewater_plant,50.6781024,-4.4233945,NODE_228879.590000_89412.080000,115.19
WTW_way_1037180244,Unnamed Facility (1037180244),water_works,50.6817608,-3.3174668,NODE_307374.490000_87632.100000,368.68
WTW_way_1037315559,Syresham STW,wastewater_plant,52.0716236,-1.0780984,NODE_463562.060000_241959.840000,290.6
WTW_way_1037316335,Wells Farm STW North Tamerton,wastewater_plant,50.7514123,-4.390233,NODE_231915.500000_97297.350000,434.88
WTW_way_1037316641,Stoodleigh STW Stoodleigh,wastewater_plant,50.9604,-3.5328126,NODE_292859.900000_119085.810000,419.0
WTW_way_1037320968,Llansannan WwTW,wastewater_plant,53.1800495,-3.5918548,NODE_293555.730000_365835.450000,196.93
WTW_way_1037321831,Llangynderyn WwTW,wastewater_plant,51.8009035,-4.2427974,NODE_245904.520000_213876.450000,472.74
WTW_way_1037322079,Llanddewi Velfrey WwTW,wastewater_plant,51.8193648,-4.6969196,NODE_213744.280000_216914.030000,479.49
WTW_way_1037322227,Trellech (N Of Chepstow) WwTW,wastewater_plant,51.7469634,-2.7272008,NODE_349900.940000_205743.680000,131.21
WTW_way_1037393014,Unnamed Facility (1037393014),wastewater_plant,54.8074758,-2.8629617,NODE_344947.320000_546334.250000,349.29
WTW_way_1037416219,Loveclough,water_works,53.7441941,-2.2800383,NODE_381785.760000_427775.630000,259.0
WTW_way_1037770612,Meadowhead WWTW,wastewater_plant,55.5885645,-4.6380415,NODE_234175.420000_635712.620000,398.42
WTW_way_1037806538,Boldre Wastewater Plant,wastewater_plant,50.788634,-1.5449772,NODE_431949.600000_99161.770000,354.31
WTW_way_1037811658,Unnamed Facility (1037811658),wastewater_plant,50.7329657,-3.0573039,NODE_325449.510000_92872.620000,258.2
WTW_way_1037917448,Dorrington (STW),wastewater_plant,52.6185553,-2.7701319,NODE_348047.580000_302618.420000,95.29
WTW_way_1037918301,Llanymawddwy WwTW,wastewater_plant,52.7560756,-3.6280476,NODE_290533.280000_318954.350000,326.23
WTW_way_1037918676,Kershopefoot Village WwTW,wastewater_plant,55.1377755,-2.8240996,NODE_347476.530000_582968.630000,102.59
WTW_way_1037941972,Anthorn WwTW,wastewater_plant,54.9135953,-3.244486,NODE_320187.770000_558243.290000,177.63
WTW_way_1037961473,Calbourne WTW,wastewater_plant,50.6790786,-1.4062727,NODE_441854.090000_86782.400000,191.27
WTW_way_1037985192,Hornby WwTW,wastewater_plant,54.1092626,-2.6430326,NODE_357863.130000_468173.140000,257.94
WTW_way_1037985865,Farleton WwTW,wastewater_plant,54.0976914,-2.6554078,NODE_356838.920000_466915.100000,423.63
WTW_way_1038046394,Laithes WwTW,wastewater_plant,54.688007,-2.8274861,NODE_346339.730000_532883.150000,414.9
WTW_way_1038353538,Barlestone (STW),wastewater_plant,52.6426008,-1.3707722,NODE_442596.430000_305061.280000,131.45
WTW_way_1038355182,Woolhope (Village) WwTW,wastewater_plant,52.0177129,-2.5634074,NODE_361497.220000_235945.760000,326.57
WTW_way_1038356860,Barnham Broom STW,wastewater_plant,52.6262354,1.0628903,NODE_607566.580000_307536.150000,170.87
WTW_way_1038363263,Great Smeaton/No 1 STW,wastewater_plant,54.4324913,-1.4713426,NODE_434292.290000_504009.110000,257.33
WTW_way_1038365065,Tal Y Bont (Conwy) WwTW,wastewater_plant,53.2018588,-3.8388897,NODE_277365.970000_368805.440000,102.8
WTW_way_1038378327,Outhgill WwTW,wastewater_plant,54.4094572,-2.3385311,NODE_378122.790000_501489.930000,117.7
WTW_way_1038385448,Llanboidy WwTW,wastewater_plant,51.8750631,-4.5873148,NODE_221999.120000_222796.230000,22.91
WTW_way_1038692345,Murton East WwTW,wastewater_plant,54.5896185,-2.4293362,NODE_372143.730000_521682.190000,210.2
WTW_way_1038699455,Barnside Estate WwTW,wastewater_plant,53.8652073,-2.109268,NODE_392815.420000_440724.320000,295.05
WTW_way_1038807034,Abbeycwmhir WwTW,wastewater_plant,52.3292237,-3.3884065,NODE_305080.340000_270989.440000,404.74
WTW_way_1038809766,Madresfield - Rectory Lane (STW),wastewater_plant,52.1232667,-2.2895851,NODE_380175.020000_247018.790000,255.26
WTW_way_1038855296,Lastingham/STW,wastewater_plant,54.3034099,-0.8758717,NODE_473309.690000_490267.790000,92.2
WTW_way_1038857898,Nebo WwTW,wastewater_plant,53.089888,-3.7411714,NODE_283286.060000_356603.680000,491.29
WTW_way_1038858705,Altarnun STW Altarnun,wastewater_plant,50.60462,-4.5111031,NODE_222329.430000_81308.880000,82.62
WTW_way_1038866004,Nant Gwynant WwTW,wastewater_plant,53.0401786,-4.0390514,NODE_263276.600000_351197.240000,118.45
WTW_way_1038866176,Roughton STW,wastewater_plant,52.8732074,1.2996429,NODE_622315.330000_335753.200000,158.8
WTW_way_1038869599,Mydroilyn Wastewater Treatment Works,wastewater_plant,52.1756658,-4.2561197,NODE_245773.500000_255333.590000,122.64
WTW_way_1038870763,Ilton WwTW,wastewater_plant,50.9626265,-2.9151716,NODE_335748.970000_119017.980000,490.76
WTW_way_1038886481,Askham WwTW,wastewater_plant,54.6059147,-2.7475515,NODE_351815.920000_523962.270000,289.93
WTW_way_1039089573,Shimpling Dickleburgh Rd STW,wastewater_plant,52.4022595,1.1703501,NODE_615580.750000_283322.120000,391.2
WTW_way_1039090194,Rushall Bio Unit At Rushws STW,wastewater_plant,52.4042467,1.2302703,NODE_619664.330000_282937.270000,470.15
WTW_way_1039177698,Scotter (STW),wastewater_plant,53.4886179,-0.6580877,NODE_489521.040000_399656.260000,477.4
WTW_way_1039192531,Greenhead WwTW,wastewater_plant,54.9766208,-2.5293647,NODE_366458.970000_564809.300000,244.04
WTW_way_1039193708,Walsall Wood (STW),wastewater_plant,52.6347947,-1.9450477,NODE_403572.820000_304091.650000,244.08
WTW_way_1039282363,Netheravon WwTW,wastewater_plant,51.2342646,-1.7820819,NODE_415008.170000_148530.010000,344.18
WTW_way_1039292261,Burton Agnes Sewage Treatment Works,wastewater_plant,54.0471644,-0.3132646,NODE_510684.180000_462483.040000,165.38
WTW_way_1039397949,Legbourne STW,wastewater_plant,53.3368771,0.0563692,NODE_536881.050000_384038.570000,203.57
WTW_way_1039538549,Higher Clovelly STW Clovelly Cross,wastewater_plant,51.0010917,-4.4135742,NODE_231007.400000_125572.200000,465.9
WTW_way_1039554439,Cowesby/STW,wastewater_plant,54.2995937,-1.2877696,NODE_446421.310000_489066.960000,497.49
WTW_way_1039560195,Wrington WwTW,wastewater_plant,51.360038,-2.7708653,NODE_346261.050000_162273.650000,375.99
WTW_way_1039689910,STW Serving Gaveston Hall,wastewater_plant,51.0119534,-0.310251,NODE_518832.650000_124846.200000,239.22
WTW_way_1039821048,Tathwell STW,wastewater_plant,53.3273137,-0.0177428,NODE_532024.850000_383026.650000,100.38
WTW_way_1039918367,Baldwins Gate (STW),wastewater_plant,52.9553983,-2.2936159,NODE_380252.850000_339940.840000,170.18
WTW_way_1039922442,Longney (STW),wastewater_plant,51.8062482,-2.3435761,NODE_376171.630000_211724.370000,371.9
WTW_way_1039927695,Westhorpe STW,wastewater_plant,52.2825553,1.0034648,NODE_605151.510000_269135.110000,190.95
WTW_way_1039927696,Cotton STW,wastewater_plant,52.2732742,1.0359711,NODE_607564.410000_268099.040000,366.99
WTW_way_1039929672,Danby Sewage Treatment Works,wastewater_plant,54.4652622,-0.9075335,NODE_470827.000000_508296.250000,84.11
WTW_way_1039930181,Ladock Valley STW Tresillian,wastewater_plant,50.2843754,-4.985298,NODE_187420.950000_47093.520000,115.93
WTW_way_1040001857,Grimscott STW Grimscott,wastewater_plant,50.8328337,-4.4723638,NODE_225909.000000_106457.090000,180.17
WTW_way_1040002336,Cockley Cley STW,wastewater_plant,52.6068767,0.6500957,NODE_579926.550000_304239.780000,387.82
WTW_way_1040003606,Martin STW,wastewater_plant,53.1205811,-0.3217397,NODE_512388.300000_359071.290000,398.47
WTW_way_1040003787,Bridestowe STW Bridestowe,wastewater_plant,50.6839497,-4.1238313,NODE_250073.190000_89233.460000,64.56
WTW_way_1040005013,Quethiock STW Quethiock,wastewater_plant,50.4570024,-4.3778714,NODE_231173.210000_64231.730000,402.8
WTW_way_1040005112,Birch STW,wastewater_plant,51.8425526,0.812787,NODE_594179.570000_220026.950000,435.0
WTW_way_1040006319,St.ishmaels WwTW,wastewater_plant,51.7179556,-5.1398734,NODE_182880.210000_206635.790000,371.38
WTW_way_1040040818,Hellington Low Common STW,wastewater_plant,52.5788507,1.4138769,NODE_631681.270000_303684.500000,428.34
WTW_way_1040154378,Station Road STW Menheniot,wastewater_plant,50.4243024,-4.4092633,NODE_229057.020000_61508.670000,470.75
WTW_way_1040158824,Godolphin Crescent STW Godolphin Cross,wastewater_plant,50.1344969,-5.3506724,NODE_160827.650000_31628.960000,266.92
WTW_way_1040164931,Swanage Wastewater Treatment Works,wastewater_plant,50.6073261,-1.9509608,NODE_403173.940000_78842.830000,448.12
WTW_way_1040258771,Cornish Hall End STW,wastewater_plant,52.0031207,0.4544373,NODE_568472.260000_237146.780000,461.85
WTW_way_1040259280,Cribyn WwTW,wastewater_plant,52.1389126,-4.1703589,NODE_251572.070000_251090.230000,87.81
WTW_way_1040261088,North Molton STW North Molton,wastewater_plant,51.0528317,-3.7917383,NODE_274592.160000_129433.280000,271.1
WTW_way_1040283284,Blackstone WTW,wastewater_plant,50.9355312,-0.2326079,NODE_524440.800000_116593.000000,158.45
WTW_way_1040284564,Bucknall STW,wastewater_plant,53.202752,-0.2474164,NODE_517135.250000_368401.270000,328.03
WTW_way_1040286889,West Buckland STW West Buckland,wastewater_plant,51.0639709,-3.9155236,NODE_266163.430000_130762.840000,484.47
WTW_way_1040287197,Hockering-By A47 STW,wastewater_plant,52.6726033,1.0728956,NODE_607757.140000_312541.910000,230.35
WTW_way_1040368922,Kingscliffe STW,wastewater_plant,52.5649263,-0.507706,NODE_501237.430000_297243.900000,144.3
WTW_way_1040369514,Brinkworth WwTW,wastewater_plant,51.5549496,-1.9857547,NODE_401301.670000_183970.170000,220.98
WTW_way_1040373114,Toller Porcorum WwTW,wastewater_plant,50.7801566,-2.61679,NODE_356689.580000_97931.540000,121.84
WTW_way_1040373165,Mickleby Sewage Treatment Works,wastewater_plant,54.5032511,-0.7550613,NODE_481158.550000_512573.370000,460.38
WTW_way_1040373930,Longtown WwTW,wastewater_plant,51.950817,-2.9856587,NODE_332761.280000_228728.210000,467.97
WTW_way_1040462815,Malltraeth (Anglesey) WwTW,wastewater_plant,53.189547,-4.3988635,NODE_239908.390000_368421.830000,125.4
WTW_way_1040463178,Blencarn WwTW,wastewater_plant,54.6771212,-2.5674561,NODE_363951.050000_531599.170000,457.83
WTW_way_1040463338,Dormington WwTW,wastewater_plant,52.0571506,-2.6145449,NODE_357957.440000_240034.980000,6.39
WTW_way_1040463636,Bodffordd WwTW,wastewater_plant,53.265245,-4.3571573,NODE_243269.550000_376929.430000,392.58
WTW_way_1040467521,Homersfield STW,wastewater_plant,52.4223446,1.3580775,NODE_628377.930000_285778.560000,49.24
WTW_way_1040548970,Grinton Sewage Treatment Works,wastewater_plant,54.382392,-1.9264111,NODE_404664.530000_498517.840000,215.01
WTW_way_1040548971,Horsehouse/STW,wastewater_plant,54.2262397,-1.9280804,NODE_404773.870000_481074.050000,97.18
WTW_way_1040555058,Marden WwTW,wastewater_plant,51.3188448,-1.8708254,NODE_408860.320000_157957.430000,311.01
WTW_way_1040556361,Mareham Le Fen STW,wastewater_plant,53.1254173,-0.0877095,NODE_528123.190000_360291.760000,126.6
WTW_way_1040556559,W'ham Mortimer Post Office Rd WwTW,wastewater_plant,51.711032,0.62415,NODE_581286.100000_204565.710000,121.64
WTW_way_1040760385,New Ellerby Sewage Treatment Works,wastewater_plant,53.8449158,-0.2282023,NODE_516821.080000_440229.830000,157.31
WTW_way_1040760669,Deenethorpe STW,wastewater_plant,52.515936,-0.592787,NODE_495566.390000_292157.020000,334.79
WTW_way_1040764466,North Fal STW St Stephens,wastewater_plant,50.3221195,-4.8927837,NODE_194535.790000_51201.360000,457.18
WTW_way_1040764936,Foggathorpe Sewage Treatment Works,wastewater_plant,53.82262,-0.8569756,NODE_475359.730000_436835.360000,34.0
WTW_way_1040765307,Kingsland WwTW,wastewater_plant,52.2405426,-2.8013583,NODE_345204.970000_260479.940000,191.49
WTW_way_1040780121,Fletching WTW,wastewater_plant,50.9918892,0.0299087,NODE_542449.710000_122982.230000,381.76
WTW_way_1040780629,Hardham Water Works,water_works,50.9501193,-0.5286724,NODE_503429.940000_117959.330000,186.42
WTW_way_1040930958,Ashwater STW Ashwater,wastewater_plant,50.7366563,-4.2829299,NODE_239197.080000_95075.280000,458.63
WTW_way_1040930959,Sutcombe Mill STW Sutcombe,wastewater_plant,50.875349,-4.3523032,NODE_234756.510000_110972.160000,181.26
WTW_way_1040932391,Gasthorpe STW,wastewater_plant,52.3898967,0.9035948,NODE_597576.810000_280449.780000,401.94
WTW_way_1040932704,Bradworthy STW Bradworthy,wastewater_plant,50.8971613,-4.376657,NODE_233017.660000_113228.210000,321.27
WTW_way_1040933123,Coles Green (STW),wastewater_plant,52.1630617,-2.3419922,NODE_376623.550000_252156.470000,466.03
WTW_way_1040954184,Trelech WwTW,wastewater_plant,51.9446683,-4.5029756,NODE_227826.880000_230457.170000,278.51
WTW_way_1040956295,Snetterton STW,wastewater_plant,52.4898551,0.9388526,NODE_599657.850000_292440.910000,391.46
WTW_way_1040956989,Moortown STW,wastewater_plant,53.4751252,-0.3832011,NODE_507078.540000_399108.680000,440.77
WTW_way_1041034257,Unnamed Facility (1041034257),water_works,53.3548812,-2.6721542,NODE_355636.420000_384466.610000,280.09
WTW_way_1041074890,Dunford Bridge Sewage Treatment Works,wastewater_plant,53.5183885,-1.7580204,NODE_416205.060000_402405.180000,71.08
WTW_way_1041077169,Sampford Courtenay STW Sampford Courteny,wastewater_plant,50.7938251,-3.9404013,NODE_263362.370000_100884.140000,275.07
WTW_way_1041199796,Swanton Abbott STW,wastewater_plant,52.7766925,1.3567948,NODE_626707.730000_325131.680000,209.28
WTW_way_1041546222,Lelly Sewage Treatment Works,wastewater_plant,53.7774053,-0.1656273,NODE_521128.810000_432670.630000,191.24
WTW_way_1041549540,Buckden Sewage Treatment Works,wastewater_plant,54.1883596,-2.092772,NODE_393852.580000_477108.090000,243.93
WTW_way_1041553945,Stibbard-Moors End Rd HSW WwTW,wastewater_plant,52.8183692,0.9381745,NODE_598041.860000_328552.440000,52.6
WTW_way_1041554476,Blackawton STW Blackawton,wastewater_plant,50.3415889,-3.6802885,NODE_280615.790000_50674.250000,261.98
WTW_way_1041630644,Moulton Sewage Treatment Works,wastewater_plant,54.4292235,-1.6334958,NODE_423982.940000_503749.580000,126.28
WTW_way_1041631059,Beals Mill STW Rezare,wastewater_plant,50.5706403,-4.3184362,NODE_235826.820000_77005.790000,142.29
WTW_way_1041682759,Hemingby-Main Rd STW,wastewater_plant,53.2517018,-0.150403,NODE_523460.680000_374312.930000,44.83
WTW_way_1041719073,Good Intent Cottages Egerton WTW,wastewater_plant,51.1999185,0.7350517,NODE_591525.450000_148270.740000,399.32
WTW_way_1041761784,Cilycwm WwTW,wastewater_plant,52.0407838,-3.817585,NODE_275445.200000_239647.280000,47.19
WTW_way_1041762053,Drewsteignton STW Chagford,wastewater_plant,50.70802,-3.7893894,NODE_273594.440000_91532.990000,241.45
WTW_way_1041762271,Hilborough STW,wastewater_plant,52.5671129,0.6899989,NODE_582457.200000_300219.320000,240.04
WTW_way_1041765366,East End WTW,wastewater_plant,50.773695,-1.4835836,NODE_436581.190000_97147.570000,126.48
WTW_way_1041880388,Unnamed Facility (1041880388),wastewater_plant,57.1250154,-2.8516046,NODE_348799.250000_803978.750000,292.04
WTW_way_1042391096,Ebrington WwTW,wastewater_plant,52.0572415,-1.7534084,NODE_416851.640000_240045.020000,209.7
WTW_way_1042609068,Llanrhidian WwTW,wastewater_plant,51.6132479,-4.1732591,NODE_249605.680000_192731.500000,18.97
WTW_way_1042740217,Christchurch WwTW,wastewater_plant,51.6085583,-2.9502349,NODE_334060.960000_190064.570000,406.19
WTW_way_1043432297,Halland WTW,wastewater_plant,50.9334363,0.1378312,NODE_549945.840000_117371.640000,482.22
WTW_way_1043434830,Highbridge East Chiltington WTW,wastewater_plant,50.9272152,-0.0383594,NODE_538032.850000_116066.800000,86.16
WTW_way_1043439673,Church Lawford (STW),wastewater_plant,52.3875713,-1.3415268,NODE_445144.330000_276914.090000,252.91
WTW_way_1043440899,Brinklow (STW),wastewater_plant,52.4194224,-1.3730486,NODE_442876.520000_280617.060000,309.88
WTW_way_1043445482,Bramcote (STW),wastewater_plant,52.4949578,-1.3974002,NODE_441106.120000_289184.380000,465.14
WTW_way_1043454812,Bronnington WwTW,wastewater_plant,52.9572383,-2.7633718,NODE_348664.200000_340655.680000,426.98
WTW_way_1043455810,Tilston WwTW,wastewater_plant,53.0591611,-2.8137269,NODE_345454.080000_351683.140000,119.05
WTW_way_1043455835,Clutton - Tattenhall WwTW,wastewater_plant,53.0848817,-2.8068327,NODE_345762.000000_354351.240000,323.68
WTW_way_1043467352,Nantwich WwTW,wastewater_plant,53.0840996,-2.5117816,NODE_366026.880000_354203.040000,210.18
WTW_way_1043469608,Wheatley Wastewater Treatment Works,wastewater_plant,51.7415197,-1.1206764,NODE_461194.870000_205222.360000,397.94
WTW_way_1043477768,Chailey Roeheath WTW,wastewater_plant,50.9610868,-0.010763,NODE_540108.160000_119630.640000,381.44
WTW_way_1043479769,Streat WTW,wastewater_plant,50.9188394,-0.0785208,NODE_535288.070000_114541.530000,498.45
WTW_way_1043480276,Slaugham WWTW,wastewater_plant,51.0370658,-0.2111336,NODE_525791.240000_127774.290000,316.75
WTW_way_1043484748,Reading Street WTW,wastewater_plant,51.0412097,0.7406763,NODE_592633.560000_130441.790000,407.34
WTW_way_1043492608,Kington (STW),wastewater_plant,52.2019697,-2.0267028,NODE_398288.250000_255953.810000,23.34
WTW_way_1043498817,Defford Village (STW),wastewater_plant,52.0833641,-2.119255,NODE_391922.530000_242498.600000,285.74
WTW_way_1043499111,Church Lench (STW),wastewater_plant,52.1626456,-1.9565287,NODE_403032.240000_251180.980000,417.41
WTW_way_1043514861,Baythorne End STW,wastewater_plant,52.0586577,0.5143913,NODE_572400.380000_243050.310000,83.75
WTW_way_1043521434,Lidgate STW,wastewater_plant,52.1969561,0.5067776,NODE_571817.740000_258417.750000,398.37
WTW_way_1043526368,Gestingthorpe STW,wastewater_plant,52.0206833,0.6476088,NODE_582018.990000_238803.290000,404.52
WTW_way_1043527351,Wimbish STW,wastewater_plant,52.0010743,0.3173828,NODE_558948.650000_236605.470000,499.68
WTW_way_1043539438,Halstead - Boxmill La STW,wastewater_plant,51.9491529,0.6315817,NODE_580927.670000_231086.050000,40.67
WTW_way_1043540992,Long Melford STW,wastewater_plant,52.0806823,0.7049504,NODE_585250.220000_245787.730000,242.34
WTW_way_1043541404,Shimpling STW,wastewater_plant,52.1258631,0.7186761,NODE_586010.980000_251299.810000,361.97
WTW_way_1043542300,Swaffham Prior STW,wastewater_plant,52.2549109,0.2902695,NODE_556238.630000_264409.050000,200.98
WTW_way_1043546166,Halstead STW,wastewater_plant,51.9352724,0.6695539,NODE_583514.280000_229819.490000,178.28
WTW_way_1043546996,Pebmarsh STW,wastewater_plant,51.9638405,0.6951487,NODE_585014.040000_232917.350000,242.24
WTW_way_1043549033,Audley End STW,wastewater_plant,52.0181504,0.2199299,NODE_552305.700000_237761.990000,150.8
WTW_way_1043553255,Great Cornard STW,wastewater_plant,52.0125085,0.7459334,NODE_588538.430000_238248.490000,207.33
WTW_way_1043559078,Wendens Ambo STW,wastewater_plant,52.0068772,0.2135412,NODE_552257.480000_236602.660000,230.37
WTW_way_1043559664,Newport STW,wastewater_plant,51.9881103,0.2175683,NODE_552297.450000_234465.920000,80.47
WTW_way_1043584879,Roxwell STW,wastewater_plant,51.7537427,0.3870912,NODE_565021.760000_208640.660000,234.41
WTW_way_1045128508,Shelbrook Water Treatment Works,water_works,51.0402033,-0.0978183,NODE_533483.090000_128613.830000,134.84
WTW_way_1045544675,Cilcain WwTW,wastewater_plant,53.1617211,-3.211071,NODE_319311.640000_363204.760000,282.16
WTW_way_1045879748,Graemar Cottages Sherfield English WTW,wastewater_plant,51.0003594,-1.5969584,NODE_428042.040000_122169.030000,411.71
WTW_way_1046101941,Etwall (STW),wastewater_plant,52.8781297,-1.6063651,NODE_426371.270000_330805.910000,499.28
WTW_way_1046102501,Sutton On The Hill (STW),wastewater_plant,52.8985718,-1.655587,NODE_423194.200000_333502.680000,71.86
WTW_way_1046103787,Weston Underwood (STW),wastewater_plant,52.9786403,-1.5707544,NODE_428503.460000_342198.960000,485.29
WTW_way_1046104307,Turnditch (STW),wastewater_plant,53.015276,-1.5488559,NODE_430584.110000_346686.680000,267.92
WTW_way_1046105188,Overseal (STW),wastewater_plant,52.7311465,-1.5705877,NODE_428933.260000_315136.900000,271.23
WTW_way_1046113815,Ravenstone (STW),wastewater_plant,52.7137319,-1.4139747,NODE_439610.170000_313180.070000,145.29
WTW_way_1046207173,Hognaston (STW),wastewater_plant,53.0465455,-1.6475338,NODE_423550.390000_349745.460000,290.06
WTW_way_1046208565,Elford (STW),wastewater_plant,52.6902289,-1.7190973,NODE_418861.130000_310338.540000,223.18
WTW_way_1046209141,Worthington Sewage Treatment Works,wastewater_plant,52.7855723,-1.3982737,NODE_440741.850000_321104.660000,79.09
WTW_way_1046216531,Cattal Sewage Treatment Works,wastewater_plant,53.9804647,-1.3208974,NODE_444601.910000_453942.070000,98.03
WTW_way_1046322839,Long Marston Sewage Treatment Works,wastewater_plant,53.9532624,-1.2252923,NODE_450659.660000_451096.250000,279.12
WTW_way_1046326450,Ryther Sewage Treatment Works,wastewater_plant,53.8441458,-1.1664998,NODE_454615.140000_438996.750000,323.98
WTW_way_1046334278,West Haddlesey Sewage Treatment Works,wastewater_plant,53.7328246,-1.1421839,NODE_456376.360000_426415.910000,366.67
WTW_way_1046340171,Chapel Haddlesey Sewage Treatment Works,wastewater_plant,53.7206944,-1.0990146,NODE_459578.320000_425158.400000,139.13
WTW_way_1046351125,Stretton On Fosse (STW),wastewater_plant,52.0462213,-1.6732463,NODE_422511.300000_238734.400000,38.4
WTW_way_1046467280,Broughton Beck WwTW,wastewater_plant,54.2297322,-3.0968459,NODE_328505.520000_482382.090000,284.3
WTW_way_1046629674,Alford WwTW,wastewater_plant,51.0896345,-2.5667612,NODE_360604.510000_132853.310000,485.62
WTW_way_1046630360,Podimore WwTW,wastewater_plant,51.0197354,-2.6509168,NODE_354038.490000_124959.900000,485.77
WTW_way_1046630678,Winscombe WwTW,wastewater_plant,51.3160254,-2.8618442,NODE_340149.220000_157842.640000,129.0
WTW_way_1046678429,Wanstrow WwTW,wastewater_plant,51.1754325,-2.4077667,NODE_371401.780000_141956.120000,204.07
WTW_way_1046682739,Mells WwTW,wastewater_plant,51.2386883,-2.3838836,NODE_373388.400000_148903.540000,91.27
WTW_way_1046684739,Haselbury Plucknett WwTW,wastewater_plant,50.8986034,-2.7508394,NODE_347195.320000_111525.680000,261.67
WTW_way_1046686075,Norton St Philip WwTW,wastewater_plant,51.3033109,-2.3344506,NODE_376775.540000_156139.310000,64.79
WTW_way_1046686589,Yenston WwTW,wastewater_plant,50.9888574,-2.4029342,NODE_371857.480000_121119.280000,43.59
WTW_way_1046688400,Eakring (STW),wastewater_plant,53.1539511,-0.990323,NODE_467585.530000_362593.570000,253.28
WTW_way_1046690013,Norton (STW),wastewater_plant,53.2389678,-1.1419564,NODE_457029.890000_371338.030000,469.08
WTW_way_1046802385,Harby (STW),wastewater_plant,52.8695435,-0.9013895,NODE_473764.220000_330815.590000,284.77
WTW_way_1046836167,Gamston (STW),wastewater_plant,53.2801937,-0.9379443,NODE_470797.640000_376284.660000,189.46
WTW_way_1046963215,Beeston-Bitt-Dykewood Farm STW,wastewater_plant,52.7072567,0.8372481,NODE_591564.920000_316231.830000,351.29
WTW_way_1046967495,Necton STW,wastewater_plant,52.6487892,0.7511195,NODE_586448.280000_309397.960000,299.24
WTW_way_1047868315,East Bilney STW,wastewater_plant,52.7401425,0.8838937,NODE_594660.880000_319752.200000,119.7
WTW_way_1049101314,Little Snoring STW,wastewater_plant,52.8529325,0.8886445,NODE_594708.900000_332109.020000,211.5
WTW_way_1049105047,Great Cressingham STW,wastewater_plant,52.5834974,0.7307643,NODE_584966.630000_302006.710000,168.35
WTW_way_1049136982,East Langton STW,wastewater_plant,52.5195163,-0.9293782,NODE_472712.920000_291569.900000,261.06
WTW_way_1049142251,Sewage Works,wastewater_plant,50.9917536,-0.4043231,NODE_512303.420000_122639.310000,227.26
WTW_way_1049142440,Fittleworth WTW,wastewater_plant,50.9547532,-0.5580029,NODE_501261.340000_118187.360000,131.98
WTW_way_1049148456,The How WwTW,wastewater_plant,54.898143,-2.7758591,NODE_350202.190000_556263.370000,148.9
WTW_way_1049153192,Westwood Brook (STW),wastewater_plant,53.1322469,-1.3758981,NODE_441726.330000_360033.940000,420.05
WTW_way_1049587023,Whitehaven WwTW,wastewater_plant,54.5747133,-3.5787236,NODE_297928.980000_521147.630000,129.79
WTW_way_1049618741,Asby WwTW,wastewater_plant,54.5722139,-3.4477383,NODE_306699.800000_520328.380000,357.85
WTW_way_1049909306,Uldale WwTW,wastewater_plant,54.7221971,-3.1733793,NODE_324342.500000_537125.390000,225.55
WTW_way_1050106448,Unnamed Facility (1050106448),water_works,58.0379681,-4.3755187,NODE_260170.760000_907720.920000,367.9
WTW_way_1050657042,Unnamed Facility (1050657042),water_works,50.3470619,-3.8938109,NODE_265580.110000_51237.830000,277.86
WTW_way_1050725816,Manorbier Wastewater Works,wastewater_plant,51.6467319,-4.79911,NODE_206407.610000_197908.350000,38.09
WTW_way_1050833430,Unnamed Facility (1050833430),wastewater_plant,51.6458742,-4.8016546,NODE_206407.610000_197908.350000,162.25
WTW_way_1051242034,Treforce,wastewater_plant,51.6338185,-4.972563,NODE_194775.610000_196918.690000,392.84
WTW_way_1051780521,Castlemartin Sewage Treatment Works,wastewater_plant,51.6510638,-5.0233745,NODE_190656.800000_199203.300000,342.16
WTW_way_1052102621,Brandsby Water Tretment Works,wastewater_plant,54.1426979,-1.0895043,NODE_459861.720000_472140.550000,306.18
WTW_way_1052286928,Filter Bed,wastewater_plant,51.025268,-0.395915,NODE_512856.140000_126416.360000,279.94
WTW_way_1052286929,Filter Bed,wastewater_plant,51.02526,-0.3956198,NODE_512856.140000_126416.360000,260.62
WTW_way_1056055963,Unnamed Facility (1056055963),wastewater_plant,56.3850206,-2.9881395,NODE_339210.870000_721887.350000,130.84
WTW_way_1056221538,Unnamed Facility (1056221538),wastewater_plant,51.8066573,-4.0153444,NODE_261142.960000_214051.230000,128.87
WTW_way_1058941998,Sewage Plant,wastewater_plant,51.0472365,-0.3870574,NODE_513010.100000_129080.040000,334.49
WTW_way_1059540801,Lethangie Wastewater Treatment Works,wastewater_plant,56.2205903,-3.4061461,NODE_312976.810000_703923.850000,110.16
WTW_way_1060661186,Exford,wastewater_plant,51.1319551,-3.6370596,NODE_285383.390000_138359.230000,206.81
WTW_way_1060671931,Unnamed Facility (1060671931),wastewater_plant,50.6107295,-4.1450213,NODE_248408.740000_81112.630000,117.5
WTW_way_1061068607,Unnamed Facility (1061068607),wastewater_plant,52.864913,-1.6198946,NODE_425624.250000_329570.430000,218.6
WTW_way_1061377669,Halton West WTW,wastewater_plant,54.0755634,-2.7656278,NODE_349948.900000_464606.850000,84.98
WTW_way_1067311750,Foreland Place WWPS,wastewater_plant,54.9095369,-5.0368714,NODE_205424.470000_561498.560000,73.26
WTW_way_1069088512,Unnamed Facility (1069088512),water_works,50.7761303,-1.9112314,NODE_405930.510000_97225.190000,458.57
WTW_way_1069647578,Unnamed Facility (1069647578),wastewater_plant,50.28687,-3.8931902,NODE_264892.650000_44944.580000,411.51
WTW_way_1070426457,Ingatestone STW,wastewater_plant,51.6660009,0.4011788,NODE_566098.470000_198667.300000,423.7
WTW_way_1071303333,Cardiff St Fagans Waste Water Treatment Works,wastewater_plant,51.4863132,-3.2640316,NODE_312253.390000_177069.750000,98.49
WTW_way_1072265616,Newton Ferrers Waste Water Treatment Works,wastewater_plant,50.3184226,-4.0147331,NODE_256306.520000_48357.260000,368.52
WTW_way_1074337558,Romaldkirk STW,wastewater_plant,54.5961748,-2.0037107,NODE_400003.220000_522618.380000,321.22
WTW_way_1075131620,Unnamed Facility (1075131620),wastewater_plant,54.5418924,-3.4711836,NODE_304450.070000_517417.840000,487.81
WTW_way_1076536938,Unnamed Facility (1076536938),wastewater_plant,50.3666016,-4.529857,NODE_219861.200000_54591.600000,455.48
WTW_way_1078581438,Unnamed Facility (1078581438),wastewater_plant,53.3715107,-1.9960729,NODE_400175.530000_385772.230000,349.83
WTW_way_1078746346,Newton Under Roseberry STW,wastewater_plant,54.5102583,-1.1240179,NODE_456630.880000_512921.930000,273.42
WTW_way_1080512641,Blisland STW Blisland,wastewater_plant,50.526124,-4.6837469,NODE_209697.910000_72881.800000,236.34
WTW_way_1082829236,Waltham Abbey Water Treatment Works,water_works,51.6846195,-0.0120198,NODE_537630.940000_200359.940000,121.8
WTW_way_1082996227,Aspull Sough Mine Water Treatment Scheme,wastewater_plant,53.558775,-2.6114235,NODE_359442.270000_406950.070000,199.65
WTW_way_1083239431,Unnamed Facility (1083239431),wastewater_plant,50.9023765,-3.4070599,NODE_300798.660000_112705.200000,485.26
WTW_way_1084505742,Unnamed Facility (1084505742),wastewater_plant,50.6810506,-3.5482998,NODE_290654.440000_87794.500000,180.87
WTW_way_1085060506,Hyndburn WwTW,wastewater_plant,53.7956142,-2.3724531,NODE_375735.870000_433151.410000,240.54
WTW_way_1085067884,Unnamed Facility (1085067884),wastewater_plant,54.0265419,-1.586543,NODE_426969.240000_458948.420000,228.17
WTW_way_1085075683,Crookhall STW,wastewater_plant,54.8491766,-1.8070685,NODE_412709.600000_550449.600000,228.86
WTW_way_1085105056,Chapel-en-le-Frith Wastewater Treatment Works,wastewater_plant,53.3335826,-1.9276891,NODE_404842.210000_381998.500000,161.54
WTW_way_1085349157,Bolsover/STW,wastewater_plant,53.2262769,-1.3122394,NODE_445717.970000_370061.460000,303.18
WTW_way_1085351051,Unnamed Facility (1085351051),wastewater_plant,53.2063022,-1.3128344,NODE_445907.810000_367882.940000,90.7
WTW_way_1085353146,South Hykeham STW,wastewater_plant,53.1721038,-0.5920859,NODE_494147.230000_364696.290000,129.15
WTW_way_1085361061,Rhandirmwyn WwTW,wastewater_plant,52.0739316,-3.7796502,NODE_277836.100000_243512.780000,409.81
WTW_way_1085376439,Holt STW,wastewater_plant,52.9078578,1.0741612,NODE_606450.830000_339228.370000,486.96
WTW_way_1085379272,Grimston STW,wastewater_plant,52.759642,0.5361668,NODE_571244.990000_320749.830000,267.45
WTW_way_1085547318,Aylsham STW,wastewater_plant,52.7937026,1.2713952,NODE_620792.350000_327129.980000,349.57
WTW_way_1085550437,Mattishall STW,wastewater_plant,52.6686239,0.9946082,NODE_602462.070000_312082.050000,119.81
WTW_way_1085577703,Stone STW,wastewater_plant,51.7925493,-0.8667798,NODE_478308.660000_210662.390000,381.21
WTW_way_1085593822,Stanbridgeford STW,wastewater_plant,51.894739,-0.6033555,NODE_496491.010000_222979.500000,389.88
WTW_way_1086678888,Mordiford (Sufton) WwTW,wastewater_plant,52.0434162,-2.6271042,NODE_356759.360000_238180.940000,471.29
WTW_way_1088240464,West Ham Depot and Pumping Station,water_works,51.2668452,-1.1055705,NODE_462320.740000_152127.260000,280.83
WTW_way_1088407909,Nags Head Lane STW,wastewater_plant,51.5563763,0.3164485,NODE_560825.260000_186749.100000,148.9
WTW_way_1088429328,Unnamed Facility (1088429328),wastewater_plant,51.9072352,0.8070095,NODE_592883.040000_227122.260000,367.22
WTW_way_1088429329,CLOPHILL STW,wastewater_plant,52.0261266,-0.4144212,NODE_508710.820000_237849.400000,304.8
WTW_way_1088429330,Tisbury STW,wastewater_plant,51.067793,-2.0631013,NODE_395728.700000_129741.850000,104.84
WTW_way_1088429334,Ham Hill STW,wastewater_plant,51.3263594,0.4552968,NODE_571276.780000_161410.740000,118.34
WTW_way_1088429336,Wroxall STW,wastewater_plant,50.625953,-1.2267765,NODE_454700.180000_80941.410000,96.97
WTW_way_1088429337,Sandown STW,wastewater_plant,50.6641494,-1.149304,NODE_460081.750000_85342.950000,148.44
WTW_way_1088459549,Overton Wastewater Treatment Plant,wastewater_plant,51.247083,-1.2784607,NODE_450488.560000_149695.070000,321.66
WTW_way_1088502203,North Tawton STW,wastewater_plant,50.8015798,-3.9072533,NODE_265624.310000_101692.810000,276.81
WTW_way_1088502204,Seaton STW,wastewater_plant,50.7123864,-3.0653106,NODE_324904.380000_90736.060000,114.97
WTW_way_1088759242,Ivybridge STW,wastewater_plant,50.3847028,-3.9264559,NODE_263128.300000_55540.420000,104.54
WTW_way_1088759243,Uffculme STW,wastewater_plant,50.8981365,-3.3345784,NODE_305962.070000_112073.040000,384.97
WTW_way_1088759245,Callington (new) STW,wastewater_plant,50.496498,-4.3407609,NODE_233842.100000_68564.520000,426.99
WTW_way_1088759246,Ponsanooth STW,wastewater_plant,50.1977131,-5.1333056,NODE_176468.870000_37909.020000,131.86
WTW_way_1088759247,Porthtowan STW,wastewater_plant,50.280395,-5.2233567,NODE_170021.320000_47041.600000,475.99
WTW_way_1089187259,Unnamed Facility (1089187259),water_works,57.581229,-5.076538,NODE_216166.570000_858486.190000,262.45
WTW_way_1090752562,Sutton Whitestoneclf/STW,wastewater_plant,54.2337544,-1.2650367,NODE_447754.460000_481888.610000,442.6
WTW_way_1092040673,Stamford Bridge Sewage Treatment Works,wastewater_plant,53.9894745,-0.9241677,NODE_470734.850000_455301.920000,113.05
WTW_way_1092081045,Watchet STW,wastewater_plant,51.1773632,-3.3427832,NODE_306416.790000_142785.790000,202.42
WTW_way_1092153767,Hirwaun Waste Water Treatment Works,wastewater_plant,51.7491069,-3.5437575,NODE_293399.440000_206808.770000,149.92
WTW_way_1092183750,Corringham STW,wastewater_plant,53.4046376,-0.687817,NODE_487031.050000_390696.900000,333.38
WTW_way_1092225411,Llanddewi Rhydderch WwTW,wastewater_plant,51.8125558,-2.9410847,NODE_334964.380000_213380.370000,397.24
WTW_way_1092225569,Wolfscastle WwTW,wastewater_plant,51.9009094,-4.9694896,NODE_195889.600000_226520.750000,154.56
WTW_way_1092284090,Kempley (STW),wastewater_plant,51.9723864,-2.4854577,NODE_366510.160000_230428.570000,265.49
WTW_way_1092288581,St Helens WTW,wastewater_plant,50.6930502,-1.115668,NODE_462251.980000_88416.520000,326.93
WTW_way_1092290306,Crugybar WwTW,wastewater_plant,52.0206161,-3.9600811,NODE_265611.780000_237639.840000,29.13
WTW_way_1092293769,Dishforth/STW,wastewater_plant,54.3765726,-1.8288933,NODE_411322.800000_497951.560000,117.74
WTW_way_1093186692,Unnamed Facility (1093186692),wastewater_plant,54.4259838,-3.3495973,NODE_312460.820000_503892.920000,348.68
WTW_way_1096125396,Wastewater Treatment Works Tyndrum,wastewater_plant,56.4338195,-4.7093917,NODE_233004.430000_730133.740000,32.37
WTW_way_1096973997,Unnamed Facility (1096973997),wastewater_plant,56.3927536,-4.6160027,NODE_238734.040000_725472.180000,168.59
WTW_way_1097239996,Unnamed Facility (1097239996),water_works,51.2522849,-0.06244,NODE_535420.770000_152469.050000,356.5
WTW_way_1097249268,Unnamed Facility (1097249268),wastewater_plant,55.7016726,-3.9683269,NODE_276377.670000_646983.880000,131.93
WTW_way_1098651615,Unnamed Facility (1098651615),wastewater_plant,52.8667521,-1.6760453,NODE_422265.370000_329652.820000,477.44
WTW_way_1098688942,Unnamed Facility (1098688942),wastewater_plant,57.3353605,-2.8285399,NODE_350577.180000_827781.920000,449.56
WTW_way_1099317318,Unnamed Facility (1099317318),wastewater_plant,51.304871,-2.6143784,NODE_356929.590000_156249.250000,360.87
WTW_way_1102661229,Unnamed Facility (1102661229),wastewater_plant,51.0393549,-0.7238444,NODE_489527.320000_127372.380000,80.08
WTW_way_1103636435,Hulland Ward (STW),wastewater_plant,53.0259951,-1.6164789,NODE_426244.430000_347628.240000,430.06
WTW_way_1103657566,Rushbury (STW),wastewater_plant,52.5211258,-2.7161957,NODE_351737.780000_291942.020000,330.09
WTW_way_1103659833,Ditton Priors (STW),wastewater_plant,52.4995721,-2.5680125,NODE_361262.680000_288991.960000,359.71
WTW_way_1103660357,Droxford WTW,wastewater_plant,50.9628489,-1.1389281,NODE_460834.050000_118360.180000,307.97
WTW_way_1103662048,Culmington - Corve View (STW),wastewater_plant,52.4363279,-2.7476477,NODE_349404.100000_282347.330000,142.04
WTW_way_1103664296,Trecastle WwTW,wastewater_plant,51.9471514,-3.6308229,NODE_288304.490000_228795.070000,308.36
WTW_way_1103665457,Talgarreg WwTW,wastewater_plant,52.1354347,-4.3025863,NODE_242527.620000_251170.470000,102.34
WTW_way_1103681798,Suckley - Rectory Lane (STW),wastewater_plant,52.1662031,-2.407915,NODE_371992.890000_251945.210000,238.61
WTW_way_1103761970,Llangunllo (W Of Knighton) WwTW,wastewater_plant,52.33045,-3.1536003,NODE_321303.690000_271320.010000,468.99
WTW_way_1103765469,Llys-y-frân WwTW,wastewater_plant,51.8822372,-4.8495149,NODE_203728.910000_224298.500000,255.1
WTW_way_1103783389,Stanton St Bernard WwTW,wastewater_plant,51.3585886,-1.8748391,NODE_408931.120000_162246.400000,139.13
WTW_way_1106720972,Widegates STW Looe,wastewater_plant,50.391571,-4.4121668,NODE_228596.850000_57372.170000,59.8
WTW_way_1106721027,Cardinham STW Cardinham,wastewater_plant,50.4895741,-4.6524592,NODE_212082.590000_69145.280000,285.85
WTW_way_1106771846,Cowley STW Exeter,wastewater_plant,50.7490231,-3.5532721,NODE_290790.810000_95585.470000,278.55
WTW_way_1106772589,Dulford STW Dulford,wastewater_plant,50.8457373,-3.3240448,NODE_307182.540000_106087.000000,323.08
WTW_way_1106775936,Nancegollan STW Nancegollan,wastewater_plant,50.145766,-5.3119179,NODE_163180.080000_32773.660000,370.92
WTW_way_1106776057,Bratton Fleming STW Bratton Fleming,wastewater_plant,51.1154315,-3.9494368,NODE_263787.590000_136854.620000,160.93
WTW_way_1106776564,St Anns Chapel STW St Annes Chapel,wastewater_plant,50.3111159,-3.876126,NODE_266698.520000_47627.230000,316.85
WTW_way_1106785874,Ashwell STW,wastewater_plant,52.0523018,-0.1711998,NODE_525332.900000_241256.870000,391.58
WTW_way_1107048261,Duloe STW,wastewater_plant,52.2290874,-0.2989086,NODE_516596.430000_260373.000000,318.83
WTW_way_1107059071,Weare Giffard STW Weare Giffard,wastewater_plant,50.9776421,-4.1779599,NODE_247159.790000_122084.810000,47.02
WTW_way_1107061907,Wortley East/STW,wastewater_plant,53.4939473,-1.5293454,NODE_431641.700000_399711.990000,329.76
WTW_way_1107095603,Ditch End STW East Portlemouth,wastewater_plant,50.2364601,-3.7567052,NODE_274693.110000_39070.820000,242.22
WTW_way_1107194371,West Hall WwTW,wastewater_plant,54.99983,-2.6789479,NODE_356842.650000_567324.370000,223.34
WTW_way_1107195991,Westlake STW Ivybridge,wastewater_plant,50.36568,-3.9375773,NODE_262098.350000_53126.170000,466.89
WTW_way_1107198119,Yeo Mill STW West Anstey,wastewater_plant,51.0250287,-3.653211,NODE_284237.920000_126391.540000,84.72
WTW_way_1107211382,Coton - West View (STW),wastewater_plant,52.8995809,-2.7065539,NODE_352405.250000_334254.620000,480.06
WTW_way_1107212036,West Malvern (STW),wastewater_plant,52.1111935,-2.3587843,NODE_375602.960000_245697.760000,248.23
WTW_way_1107310468,Westleton-Off B1125 STW,wastewater_plant,52.2565121,1.5758489,NODE_644071.010000_267599.990000,465.27
WTW_way_1107310804,Westhall-Nr Manor Frm STW,wastewater_plant,52.375769,1.5381015,NODE_640642.790000_281128.960000,281.29
WTW_way_1107429156,Northorpe (STW),wastewater_plant,53.462942,-0.6489615,NODE_489946.900000_397108.290000,154.05
WTW_way_1107437066,Raggot Hill STW North Tamerton,wastewater_plant,50.7537237,-4.3894503,NODE_231915.500000_97297.350000,491.56
WTW_way_1107442452,North Tawton STW North Tawton,wastewater_plant,50.7994672,-3.907335,NODE_265624.310000_101692.810000,69.46
WTW_way_1107463803,Commondale/STW,wastewater_plant,54.4828772,-0.9780019,NODE_466297.780000_509996.350000,208.67
WTW_way_1107463948,Glaisdale/STW,wastewater_plant,54.4393745,-0.799253,NODE_477845.740000_505497.810000,139.75
WTW_way_1108549781,Old Water Works (Danger Deep Water),water_works,56.3506904,-3.9942949,NODE_276931.030000_719514.310000,154.08
WTW_way_1110245194,Eglwysbach WwTW,wastewater_plant,53.2221287,-3.7967501,NODE_280096.310000_370655.780000,305.79
WTW_way_1110246482,Severn Stoke Wks (STW),wastewater_plant,52.1016764,-2.2110949,NODE_385202.550000_244655.280000,470.46
WTW_way_1110544145,Unnamed Facility (1110544145),wastewater_plant,52.9132599,-2.4868819,NODE_367451.130000_335041.250000,186.91
WTW_way_1110599938,Unnamed Facility (1110599938),water_works,51.0069219,-1.3312708,NODE_447133.910000_123159.890000,164.68
WTW_way_1111023809,Redmain WwTW,wastewater_plant,54.6971463,-3.3220402,NODE_314921.280000_534297.440000,77.8
WTW_way_1111163898,Unnamed Facility (1111163898),wastewater_plant,51.1462582,-0.8281698,NODE_481836.790000_139034.580000,286.2
WTW_way_1111623807,Basildon STW,wastewater_plant,51.5889939,0.5070326,NODE_573702.840000_190593.970000,188.26
WTW_way_1111720329,Stretton Grandison WwTW,wastewater_plant,52.0929318,-2.5371605,NODE_363264.750000_243516.470000,462.67
WTW_way_1111893717,Efford Farm Cottages Lymington WTW,wastewater_plant,50.7466362,-1.5683785,NODE_430662.990000_94133.400000,135.21
WTW_way_1111894725,Brede Waterworks WTW,wastewater_plant,50.9310412,0.5789325,NODE_581483.570000_117667.500000,205.11
WTW_way_1111972580,Angle WwTW,wastewater_plant,51.6865313,-5.0845016,NODE_186628.370000_202952.380000,323.88
WTW_way_1111973419,Cwmgwilli WwTW,wastewater_plant,51.7738115,-4.0634138,NODE_257989.800000_210156.300000,328.86
WTW_way_1111974108,Maenclochog WwTW,wastewater_plant,51.9073476,-4.7990505,NODE_207546.290000_226979.400000,77.34
WTW_way_1111976185,Meidrim WwTW,wastewater_plant,51.8561179,-4.4850507,NODE_228978.740000_220871.340000,449.46
WTW_way_1111977058,Panteg WwTW,wastewater_plant,51.9735663,-5.018239,NODE_192954.480000_234428.150000,469.83
WTW_way_1111979835,Pantyrathro WwTW,wastewater_plant,51.7967336,-4.3675846,NODE_237026.760000_213558.530000,193.58
WTW_way_1111982527,Uzmaston WwTW,wastewater_plant,51.7890016,-4.9412551,NODE_197312.170000_214118.220000,66.12
WTW_way_1111984512,Talley WwTW,wastewater_plant,51.9683309,-3.9802845,NODE_264045.270000_231839.680000,12.38
WTW_way_1111990268,Hereford River View WwTW,wastewater_plant,52.0202943,-2.649198,NODE_355110.510000_236034.190000,443.66
WTW_way_1112146350,Newton Bromswold STW,wastewater_plant,52.2809778,-0.5372565,NODE_499797.250000_265365.330000,409.06
WTW_way_1112146857,Capel Curig WwTW,wastewater_plant,53.0939171,-3.8876035,NODE_273685.250000_356816.370000,39.39
WTW_way_1112146982,Henryd WwTW,wastewater_plant,53.2559261,-3.8476967,NODE_276885.160000_374689.420000,125.74
WTW_way_1112147687,Clarach WwTW,wastewater_plant,52.4354333,-4.0616846,NODE_260426.200000_283817.390000,498.06
WTW_way_1112152137,Hanbury - Worcestershire (STW),wastewater_plant,52.2602941,-2.0634969,NODE_395914.820000_262542.260000,173.59
WTW_way_1112295621,Playford STW,wastewater_plant,52.0836152,1.2347268,NODE_621290.710000_247706.870000,435.14
WTW_way_1112296518,Redisham-Station Rd STW,wastewater_plant,52.402332,1.5411798,NODE_640871.000000_284251.000000,146.07
WTW_way_1112296837,Reedham STW,wastewater_plant,52.5586848,1.5824127,NODE_642670.330000_301414.710000,363.88
WTW_way_1112313285,Hook WwTW,wastewater_plant,51.7615927,-4.9219841,NODE_198797.580000_211043.720000,344.12
WTW_way_1112313807,Lampeter Velfrey WwTW,wastewater_plant,51.8006131,-4.6742812,NODE_215485.490000_214473.070000,323.59
WTW_way_1112314176,Llanddarog WwTW,wastewater_plant,51.8248856,-4.1885778,NODE_249097.040000_216105.100000,256.05
WTW_way_1112314484,Llanfair Clydogau WwTW,wastewater_plant,52.1422179,-4.0145045,NODE_262072.470000_251326.720000,191.99
WTW_way_1112316605,Pencader WwTW,wastewater_plant,52.0052701,-4.2669323,NODE_244578.010000_236310.160000,223.98
WTW_way_1112320106,Pentrecwrt WwTW,wastewater_plant,52.0267559,-4.3494693,NODE_238714.560000_239145.960000,202.33
WTW_way_1112320264,Porthgain WwTW,wastewater_plant,51.9475269,-5.1808189,NODE_181577.980000_232387.860000,99.85
WTW_way_1112326736,Rhoshill WwTW,wastewater_plant,52.0299597,-4.6342367,NODE_219817.030000_240252.520000,451.4
WTW_way_1112326874,Rhossili WwTW,wastewater_plant,51.5658751,-4.268545,NODE_242891.240000_187862.230000,203.01
WTW_way_1112327715,Rosemarket WwTW,wastewater_plant,51.7330933,-4.9649101,NODE_195393.560000_207889.720000,95.32
WTW_way_1112327988,St. Florence WwTW,wastewater_plant,51.6748671,-4.7680873,NODE_209052.830000_201243.160000,440.15
WTW_way_1112328391,Templeton WwTW,wastewater_plant,51.7651916,-4.7341945,NODE_211519.730000_211012.860000,127.57
WTW_way_1112330370,Tiers Cross WwTW,wastewater_plant,51.7564825,-5.0395136,NODE_190122.910000_210890.200000,221.1
WTW_way_1112333703,Llanedi Wastewater Treatment Works,wastewater_plant,51.7514989,-4.0563871,NODE_258243.370000_207969.490000,138.96
WTW_way_1112336050,Pentrecoed WwTW,wastewater_plant,52.9317981,-2.9583611,NODE_335430.880000_337608.040000,249.13
WTW_way_1112683603,Rhosfawr WwTW,wastewater_plant,52.9243492,-4.3966375,NODE_239058.240000_338904.660000,131.37
WTW_way_1112685885,Llanfor WwTW,wastewater_plant,52.915057,-3.578734,NODE_294227.500000_336203.850000,383.35
WTW_way_1112686364,Talybont Bangor WwTW,wastewater_plant,53.2145285,-4.0934812,NODE_260217.640000_370848.150000,214.81
WTW_way_1112687995,Graianrhyd WwTW,wastewater_plant,53.0969679,-3.1740831,NODE_321269.430000_356081.950000,229.01
WTW_way_1112688037,Gwytherin WwTW,wastewater_plant,53.1392042,-3.6776061,NODE_287855.490000_361631.290000,92.38
WTW_way_1112699030,Brancepeth STW,wastewater_plant,54.7320419,-1.6518948,NODE_422467.380000_537547.490000,63.5
WTW_way_1112706543,Bishop Monkton/No 2 STW,wastewater_plant,54.097437,-1.4858081,NODE_433592.003000_466874.949500,157.18
WTW_way_1112713939,Bolton-By-Bowland WwTW,wastewater_plant,53.9394098,-2.3300938,NODE_378341.420000_449010.610000,306.04
WTW_way_1112714272,Bouth WwTW,wastewater_plant,54.2577292,-3.0316642,NODE_333002.830000_484738.230000,439.85
WTW_way_1112743953,Little Casterton STW,wastewater_plant,52.6785428,-0.494487,NODE_502080.350000_310257.380000,292.57
WTW_way_1112746540,Levington STW,wastewater_plant,52.003254,1.2574196,NODE_623630.800000_238517.090000,363.18
WTW_way_1112764883,Sea View Cottages WwTW,wastewater_plant,52.9959841,-4.4049007,NODE_238551.960000_346776.760000,266.1
WTW_way_1112765474,Rhydwyn WwTW,wastewater_plant,53.3693963,-4.538761,NODE_231153.310000_388836.730000,35.94
WTW_way_1112765708,Rhydymain WwTW,wastewater_plant,52.7804445,-3.7764399,NODE_280288.140000_321753.010000,44.42
WTW_way_1112767909,Kirklevington STW,wastewater_plant,54.4846719,-1.3407634,NODE_442883.100000_510580.930000,463.2
WTW_way_1112768401,Eppleby STW,wastewater_plant,54.5128708,-1.721035,NODE_418230.610000_513062.130000,79.38
WTW_way_1112781504,Newfield STW,wastewater_plant,54.695948,-1.6900962,NODE_419988.410000_533834.740000,366.8
WTW_way_1112782380,Fir Tree STW,wastewater_plant,54.7024751,-1.7887239,NODE_413390.230000_533893.980000,432.31
WTW_way_1112783292,Skinningrove STW,wastewater_plant,54.5718484,-0.9048356,NODE_470997.920000_520450.670000,292.44
WTW_way_1112791636,South Wraxall WwTW,wastewater_plant,51.3747116,-2.2369785,NODE_383595.260000_163691.630000,297.24
WTW_way_1112792914,Urchfont WwTW,wastewater_plant,51.3165666,-1.9449151,NODE_404160.010000_157360.030000,263.46
WTW_way_1112793086,Sydling St Nicholas WwTW,wastewater_plant,50.7863833,-2.5245192,NODE_363251.700000_98860.200000,233.14
WTW_way_1112793741,Stourton Caundle WwTW,wastewater_plant,50.9022402,-2.6323938,NODE_355547.680000_111425.030000,201.31
WTW_way_1112794307,South Perrott WwTW,wastewater_plant,50.8636504,-2.7538942,NODE_347023.310000_107308.080000,92.29
WTW_way_1112796200,Rode WwTW,wastewater_plant,51.2900471,-2.2818713,NODE_380527.380000_154826.370000,257.21
WTW_way_1112796468,Iwerne Minster WwTW,wastewater_plant,50.9246165,-2.1996213,NODE_386361.510000_114040.290000,317.0
WTW_way_1112796591,Halstock WwTW,wastewater_plant,50.8711384,-2.6513316,NODE_354251.630000_107743.330000,419.8
WTW_way_1112796650,Halse WwTW,wastewater_plant,51.0449997,-3.2251013,NODE_314431.470000_128298.380000,361.7
WTW_way_1112796846,Combe St Nicholas WwTW,wastewater_plant,50.8938589,-2.9685283,NODE_331877.380000_110831.360000,144.88
WTW_way_1112796983,Chewton Keynsham WwTW,wastewater_plant,51.397176,-2.4992965,NODE_365635.660000_166982.910000,489.02
WTW_way_1112797235,Charmouth WwTW,wastewater_plant,50.7397175,-2.8919763,NODE_336949.890000_93509.740000,298.93
WTW_way_1112797417,Burrowbridge WwTW,wastewater_plant,51.0689833,-2.9173696,NODE_335839.500000_130196.330000,167.49
WTW_way_1112797477,Barford St Martin WwTW,wastewater_plant,51.0779366,-1.9146699,NODE_406233.840000_131102.790000,213.8
WTW_way_1112800893,Sutton Bingham Supply WwTW,wastewater_plant,50.9029283,-2.6325297,NODE_355547.680000_111425.030000,270.88
WTW_way_1112895449,Roanhead WwTW,wastewater_plant,54.1695104,-3.2258831,NODE_319920.030000_475932.320000,409.29
WTW_way_1113110713,Barnham STW,wastewater_plant,52.381135,0.7496592,NODE_587379.170000_279551.700000,168.64
WTW_way_1113113592,Fenton Pump Lane STW,wastewater_plant,53.0481623,-0.6820829,NODE_488468.060000_350855.340000,58.69
WTW_way_1113113918,Fersfield STW,wastewater_plant,52.4089863,1.0382619,NODE_606577.840000_283280.100000,180.61
WTW_way_1113115664,Wormingford STW,wastewater_plant,51.9622237,0.817182,NODE_593240.590000_233060.630000,404.95
WTW_way_1113116255,Weston-Kings La STW,wastewater_plant,52.4219602,1.554573,NODE_642020.070000_286816.460000,493.48
WTW_way_1113117116,Yoxford STW,wastewater_plant,52.2652745,1.5178353,NODE_639976.070000_268917.460000,177.1
WTW_way_1113117726,Tyddyn Hywel WwTW,wastewater_plant,53.0035032,-4.3983395,NODE_238930.030000_347943.380000,265.23
WTW_way_1113119722,Waunfawr WwTW,wastewater_plant,53.1075429,-4.1993804,NODE_252784.750000_358930.470000,91.17
WTW_way_1113131853,Ganllwyd WwTW,wastewater_plant,52.7995291,-3.8886785,NODE_272753.010000_324279.910000,168.54
WTW_way_1113171990,Ashwellthorpe STW,wastewater_plant,52.5340002,1.1731514,NODE_615405.640000_297617.060000,96.51
WTW_way_1113174131,Wappenham STW,wastewater_plant,52.1108327,-1.0772172,NODE_463268.210000_246479.250000,246.1
WTW_way_1113174205,Warmington STW,wastewater_plant,52.5094527,-0.4222887,NODE_507141.320000_291522.830000,184.62
WTW_way_1113175089,Thorington Street STW,wastewater_plant,51.9852494,0.9218471,NODE_601211.140000_235784.640000,491.8
WTW_way_1113176247,Twyford STW,wastewater_plant,51.9327433,-1.0253929,NODE_467193.040000_226727.560000,269.3
WTW_way_1113288822,Bickleigh Waste Water Treatment Works,wastewater_plant,50.8525495,-3.5071977,NODE_293982.430000_106926.400000,53.66
WTW_way_1113332157,Warthill/STW,wastewater_plant,53.9916237,-0.9772609,NODE_467138.010000_455575.270000,32.37
WTW_way_1113355366,Hexton STW,wastewater_plant,51.9671188,-0.3873804,NODE_511051.300000_230617.300000,488.48
WTW_way_1113389029,Gratton Close Sutton Scotney WTW,wastewater_plant,51.1537479,-1.3335188,NODE_446596.300000_139935.670000,354.5
WTW_way_1113475790,Thorns Beach WTW,wastewater_plant,50.7643856,-1.4404754,NODE_439271.330000_96176.730000,292.15
WTW_way_1113486411,Lydney-The Barracks (STW),wastewater_plant,51.7809831,-2.5333894,NODE_363729.030000_209478.780000,472.6
WTW_way_1113578235,Acklam/STW,wastewater_plant,54.043802,-0.8105749,NODE_477931.590000_461327.740000,201.28
WTW_way_1113578407,Hayton/STW,wastewater_plant,53.9012972,-0.7560242,NODE_482088.610000_445731.970000,255.21
WTW_way_1113684089,Warninglid WWTW,wastewater_plant,51.0258805,-0.2201151,NODE_525370.010000_126604.850000,457.17
WTW_way_1113702089,Monks Gate WWTW,wastewater_plant,51.0341958,-0.2900419,NODE_519902.800000_127002.450000,489.94
WTW_way_1113732336,Newbridge STW Penzance,wastewater_plant,50.1273588,-5.6040545,NODE_142686.720000_31390.320000,193.29
WTW_way_1113733285,Drift STW Penzance,wastewater_plant,50.1029482,-5.582263,NODE_143707.970000_28885.370000,304.85
WTW_way_1114729408,Ivinghoe Aston STW,wastewater_plant,51.8590921,-0.6259065,NODE_494915.130000_218528.470000,274.41
WTW_way_1114739547,Unnamed Facility (1114739547),wastewater_plant,58.442989,-3.061561,NODE_338111.210000_951429.380000,417.91
WTW_way_1114739548,Unnamed Facility (1114739548),wastewater_plant,58.4429025,-3.0608136,NODE_338111.210000_951429.380000,432.16
WTW_way_1114739549,Unnamed Facility (1114739549),wastewater_plant,58.442906,-3.0603362,NODE_338111.210000_951429.380000,437.0
WTW_way_1115093513,Whiteways STW Hele,wastewater_plant,50.809573,-3.426471,NODE_299328.460000_102341.600000,368.46
WTW_way_1115093977,Wiggins Teape STW Hele,wastewater_plant,50.8118532,-3.4308683,NODE_299328.460000_102341.600000,41.01
WTW_way_1115094812,Huntsham STW Huntsham,wastewater_plant,50.9732711,-3.4196545,NODE_300215.150000_120357.860000,222.51
WTW_way_1115095054,Yettington STW East Budleigh,wastewater_plant,50.662079,-3.336867,NODE_305529.410000_85388.470000,194.56
WTW_way_1115096931,Winsham STW Winsham,wastewater_plant,50.8504965,-2.8888703,NODE_337709.310000_105999.230000,190.73
WTW_way_1115738340,Millrise STW Luppitt,wastewater_plant,50.841871,-3.1778574,NODE_317043.420000_105181.100000,222.69
WTW_way_1115789026,Upottery STW Upottery,wastewater_plant,50.8616185,-3.1320396,NODE_320620.010000_107854.230000,393.25
WTW_way_1115789164,Ashill STW Ashill,wastewater_plant,50.8982615,-3.3003104,NODE_308513.690000_111402.100000,405.52
WTW_way_1115789574,Offwell STW Offwell,wastewater_plant,50.7838353,-3.147811,NODE_319189.270000_98800.180000,80.9
WTW_way_1115946509,Payhembury STW Payhembury,wastewater_plant,50.80346,-3.2963292,NODE_308677.730000_101068.810000,181.82
WTW_way_1115960149,Bryn Terrace WwTW,wastewater_plant,51.5845284,-3.6140498,NODE_288184.140000_188348.800000,201.28
WTW_way_1115976419,Little Mill WwTW,wastewater_plant,51.7161358,-2.9606729,NODE_333781.350000_202318.400000,74.15
WTW_way_1115976913,Cwmyoy WwTW,wastewater_plant,51.8892909,-3.0013573,NODE_331196.560000_221529.330000,137.67
WTW_way_1115977629,Rockfield WwTW,wastewater_plant,51.8287146,-2.748965,NODE_348246.390000_214922.350000,311.18
WTW_way_1115997521,Felindre WwTW,wastewater_plant,51.7071827,-3.9811688,NODE_263133.330000_202786.100000,73.85
WTW_way_1115998242,Llangarron Herberts Hill WwTW,wastewater_plant,51.8903308,-2.6876214,NODE_352947.400000_221656.120000,212.83
WTW_way_1116372550,Llanynys WwTW,wastewater_plant,53.1560357,-3.344476,NODE_309929.170000_363321.880000,462.11
WTW_way_1116373809,Llanbedr Dc WwTW,wastewater_plant,53.1263679,-3.2852764,NODE_313998.510000_359722.440000,179.26
WTW_way_1116374523,Groes Bronallt WwTW,wastewater_plant,53.1730534,-3.4879134,NODE_300645.220000_365075.200000,49.14
WTW_way_1116376761,Nant Glyn WwTW,wastewater_plant,53.1484424,-3.4857018,NODE_300743.400000_362277.970000,12.06
WTW_way_1116377032,Pwllglas WwTW,wastewater_plant,53.0818,-3.3166804,NODE_311493.610000_354380.960000,488.7
WTW_way_1116486394,Backford WwTW,wastewater_plant,53.2378654,-2.9025437,NODE_339707.010000_371481.590000,182.98
WTW_way_1116623256,River Itchen Works,water_works,50.9397127,-1.3506843,NODE_445914.000000_115599.500000,271.29
WTW_way_1116783218,Thorpe Morieux-Blacksmith STW,wastewater_plant,52.1388421,0.828101,NODE_594127.970000_252700.390000,497.73
WTW_way_1116784037,Blackwater WTW,wastewater_plant,50.6729646,-1.2840906,NODE_450605.000000_86396.640000,242.14
WTW_way_1116784206,Blackawton S T Septnk Blackawton WwTW,wastewater_plant,50.3453663,-3.6855727,NODE_279866.880000_50920.580000,305.13
WTW_way_1116790011,Black Dog STW Black Dog,wastewater_plant,50.8777099,-3.706669,NODE_280120.830000_110233.480000,180.56
WTW_way_1116839850,Blackbrook (STW),wastewater_plant,52.7565616,-1.3237193,NODE_445779.850000_317829.250000,60.93
WTW_way_1116849834,Lydgate WwTW (Blackstone Edge Old Rd),wastewater_plant,53.6449669,-2.0691711,NODE_395764.170000_416544.230000,244.32
WTW_way_1117555187,Unnamed Facility (1117555187),wastewater_plant,51.133299,-3.1605456,NODE_318499.110000_138017.020000,474.42
WTW_way_1118592812,Unnamed Facility (1118592812),water_works,53.4500497,-2.7257183,NODE_351573.340000_395021.100000,329.25
WTW_way_1119241095,Unnamed Facility (1119241095),water_works,50.9867447,-1.5070292,NODE_434819.170000_121035.670000,159.32
WTW_way_1122780881,Unnamed Facility (1122780881),wastewater_plant,52.6386934,-1.4659396,NODE_436359.800000_304285.650000,414.51
WTW_way_1122927948,Pentrefelin Dwyfor WwTW,wastewater_plant,52.9331314,-4.1900706,NODE_252747.030000_339633.280000,175.16
WTW_way_1122928447,Builth Road WwTW,wastewater_plant,52.1677607,-3.4319309,NODE_302058.410000_252946.440000,212.62
WTW_way_1122968297,Rushton STW,wastewater_plant,52.4347856,-0.758997,NODE_483972.900000_282601.930000,491.82
WTW_way_1122968389,Saddington STW,wastewater_plant,52.5181592,-1.025339,NODE_466501.740000_291590.610000,268.61
WTW_way_1122968727,Salcott STW,wastewater_plant,51.7849125,0.831132,NODE_595741.010000_213412.830000,372.22
WTW_way_1122970315,South Elmham St Cross-Hsw WwTW,wastewater_plant,52.4048879,1.378501,NODE_630299.180000_284192.070000,484.21
WTW_way_1123019495,Caerfachell WwTW,wastewater_plant,51.89816,-5.2050567,NODE_179954.780000_227014.080000,363.2
WTW_way_1123027677,Lamphey WwTW,wastewater_plant,51.6708758,-4.8660854,NODE_202243.060000_200587.850000,385.79
WTW_way_1123199502,Trefor North-West WwTW,wastewater_plant,52.9962651,-4.4275528,NODE_237191.270000_346854.190000,228.39
WTW_way_1123199976,Titley WwTW,wastewater_plant,52.2344856,-2.9781066,NODE_333393.370000_259715.090000,335.98
WTW_way_1123203852,Bryncroes WwTW,wastewater_plant,52.8511405,-4.6330532,NODE_223041.040000_331404.290000,245.35
WTW_way_1123339669,Dalton Piercy Water Treatment Works,water_works,54.6784433,-1.2815638,NODE_446289.920000_531603.790000,179.09
WTW_way_1123450414,Forncett St Peter Low Road STW,wastewater_plant,52.4932992,1.18889,NODE_616526.200000_293308.240000,162.25
WTW_way_1123451232,Foxcote STW,wastewater_plant,52.015833,-0.9626035,NODE_471315.350000_235734.150000,47.55
WTW_way_1123469570,Menheniot STW Menheniot,wastewater_plant,50.4344419,-4.4163366,NODE_228426.870000_62000.920000,202.64
WTW_way_1123469656,Egloskerry STW Egloskerry,wastewater_plant,50.651635,-4.4486847,NODE_227118.940000_86253.610000,200.61
WTW_way_1123754568,Llansantffraid STW,wastewater_plant,52.7744895,-3.1458785,NODE_322696.600000_320228.070000,107.56
WTW_way_1124932276,WWTW,wastewater_plant,55.7965116,-3.9062039,NODE_280835.170000_657556.370000,242.52
WTW_way_1125183402,Salters Lode Watermans Way STW,wastewater_plant,52.588944,0.3393772,NODE_558631.240000_301626.020000,72.57
WTW_way_1125400203,Loggerheads - Sanatorium (STW),wastewater_plant,52.9160055,-2.4005157,NODE_372987.170000_335393.470000,194.79
WTW_way_1125559197,WWTW,wastewater_plant,55.8753635,-3.9246817,NODE_279836.570000_666618.810000,299.44
WTW_way_1125576200,Strubby STW,wastewater_plant,53.2890517,0.1693812,NODE_544606.700000_378821.240000,286.56
WTW_way_1125582151,Swineshead STW (Beds),wastewater_plant,52.2808718,-0.4481706,NODE_506378.310000_265610.420000,496.21
WTW_way_1125737556,Roadford Cafe STW Roadford,wastewater_plant,50.687344,-4.2332621,NODE_242186.100000_89964.890000,169.62
WTW_way_1125802939,Knowle STW Braunton,wastewater_plant,51.1250472,-4.1561913,NODE_249188.520000_138373.050000,40.44
WTW_way_1125803164,Gunnislake STW Gunnislake,wastewater_plant,50.5166846,-4.2099235,NODE_243504.200000_70842.940000,85.53
WTW_way_1125804074,Bedlam (STW),wastewater_plant,52.3915854,-2.6129315,NODE_358643.000000_277119.500000,283.05
WTW_way_1125865962,Llangybi (Usk) WwTW,wastewater_plant,51.6644735,-2.9023668,NODE_337997.430000_196913.540000,461.06
WTW_way_1125866935,Pontneddfechan WwTW,wastewater_plant,51.7554842,-3.5905204,NODE_290245.880000_207421.830000,109.04
WTW_way_1125920455,Preston-On-Wye WwTW,wastewater_plant,52.0756262,-2.8991174,NODE_338769.370000_242158.960000,325.86
WTW_way_1125941165,Bathpool STW Bathpool,wastewater_plant,50.5466664,-4.4232776,NODE_228443.370000_74564.550000,123.44
WTW_way_1125942156,Carmel & Pantllyn WwTW,wastewater_plant,51.8381931,-4.0321793,NODE_259921.720000_217320.720000,218.25
WTW_way_1126079956,Chillaton STW Chillaton,wastewater_plant,50.6201253,-4.2183813,NODE_243274.670000_82192.090000,229.53
WTW_way_1126109204,Woodtown STW Bideford,wastewater_plant,50.9907233,-4.2621653,NODE_241468.010000_123812.750000,177.31
WTW_way_1126113169,Golden Grove WwTW,wastewater_plant,51.8633325,-4.0479685,NODE_259269.320000_220475.120000,266.87
WTW_way_1126348472,Common Moor STW Common Moor,wastewater_plant,50.4964418,-4.4902292,NODE_223679.480000_69464.510000,286.88
WTW_way_1126348829,Beulah (Nr Llanwrtyd Wells) WwTW,wastewater_plant,52.1479318,-3.5755438,NODE_292160.580000_251358.850000,263.93
WTW_way_1126360642,Etton STW,wastewater_plant,52.6297752,-0.3134719,NODE_514614.760000_304915.610000,371.02
WTW_way_1126571936,Low Marnham (STW),wastewater_plant,53.2176804,-0.7952757,NODE_480335.600000_369766.580000,244.33
WTW_way_1126577731,Gunness (STW),wastewater_plant,53.6006928,-0.7323747,NODE_483711.750000_412096.940000,347.85
WTW_way_1127869506,Unnamed Facility (1127869506),wastewater_plant,55.5337239,-3.8879459,NODE_281105.120000_628437.030000,223.36
WTW_way_1128034873,Unnamed Facility (1128034873),wastewater_plant,57.488776,-2.858784,NODE_348796.820000_844469.640000,229.71
WTW_way_1130605492,Unnamed Facility (1130605492),water_works,55.6010665,-3.3869825,NODE_312455.980000_634859.720000,305.38
WTW_way_1131071212,Unnamed Facility (1131071212),wastewater_plant,51.7176896,-5.0413002,NODE_189996.600000_206438.050000,51.31
WTW_way_1134177894,Unnamed Facility (1134177894),water_works,55.5599019,-3.847129,NODE_283490.870000_631327.760000,224.05
WTW_way_1135670504,Unnamed Facility (1135670504),water_works,57.003553,-7.4498011,NODE_68935.870000_803329.130000,357.58
WTW_way_1138104993,Unnamed Facility (1138104993),wastewater_plant,54.3481765,-2.9752637,NODE_336587.050000_495209.190000,121.51
WTW_way_1143879421,Unnamed Facility (1143879421),wastewater_plant,55.9195342,-3.9074365,NODE_280889.120000_671431.030000,181.16
WTW_way_1144193819,Unnamed Facility (1144193819),wastewater_plant,51.1839703,-0.7543798,NODE_487358.520000_143525.510000,207.35
WTW_way_1149466266,Bland Hill/STW,wastewater_plant,53.9733828,-1.6865018,NODE_420460.560000_452971.290000,227.69
WTW_way_1151600851,Unnamed Facility (1151600851),water_works,58.1637185,-7.0006464,NODE_105942.410000_929943.530000,409.07
WTW_way_1153369525,Bodedern (Anglesey) STW,wastewater_plant,53.2978079,-4.501426,NODE_233415.350000_380681.820000,109.94
WTW_way_1153586011,Unnamed Facility (1153586011),wastewater_plant,52.1488608,-0.3851399,NODE_510327.920000_251177.490000,284.1
WTW_way_1153602628,Unnamed Facility (1153602628),wastewater_plant,56.2778236,-2.8895398,NODE_344958.120000_709933.350000,110.55
WTW_way_1154350494,East Tanfield STW,wastewater_plant,54.8887723,-1.6985542,NODE_419518.860000_555104.760000,191.14
WTW_way_1155841059,Fradswell - The Duttons (STW),wastewater_plant,52.877992,-2.0078639,NODE_399411.370000_331446.470000,319.71
WTW_way_1155858820,Longden Common (STW),wastewater_plant,52.6338318,-2.8240747,NODE_344544.170000_304354.720000,220.75
WTW_way_1155970209,Parkgate S T STW Umberleigh,wastewater_plant,50.9911374,-3.982423,NODE_260857.580000_123161.690000,110.72
WTW_way_1155972166,Camrose WwTW,wastewater_plant,51.8407177,-5.0135458,NODE_192467.210000_220050.320000,47.28
WTW_way_1156001335,Four Roads WwTW,wastewater_plant,51.7605174,-4.252898,NODE_244678.480000_208789.390000,486.1
WTW_way_1156002502,Reynoldston WwTW,wastewater_plant,51.596424,-4.2157371,NODE_246564.710000_190856.970000,108.38
WTW_way_1157145717,Unnamed Facility (1157145717),wastewater_plant,54.9535532,-3.2069678,NODE_322546.790000_563040.150000,372.9
WTW_way_1157701976,Unnamed Facility (1157701976),wastewater_plant,51.1848812,-0.6631742,NODE_493632.130000_143421.880000,296.91
WTW_way_1159255996,Unnamed Facility (1159255996),wastewater_plant,50.3844776,-3.5988499,NODE_286839.030000_54812.210000,483.34
WTW_way_1160955123,Goathland Waste Water Treatment Works,wastewater_plant,54.4040258,-0.7254455,NODE_482817.820000_502169.820000,472.19
WTW_way_1161537639,Albury Borehole No 3,water_works,51.2034317,-0.4660852,NODE_507038.170000_146273.000000,326.73
WTW_way_1162427357,Unnamed Facility (1162427357),wastewater_plant,50.5151767,-4.9376291,NODE_191816.940000_72308.360000,192.87
WTW_way_1164107377,Unnamed Facility (1164107377),water_works,52.7779965,-2.7076198,NODE_352116.410000_320220.700000,254.36
WTW_way_1166249357,Unnamed Facility (1166249357),water_works,51.7535058,-3.4444186,NODE_300045.050000_206727.900000,493.31
WTW_way_1168293365,Unnamed Facility (1168293365),wastewater_plant,55.8500529,-3.2239173,NODE_323409.740000_663024.670000,478.35
WTW_way_1168576978,Unnamed Facility (1168576978),wastewater_plant,52.9425136,-2.3465647,NODE_376963.920000_338630.210000,276.98
WTW_way_1169657316,Unnamed Facility (1169657316),water_works,55.7067483,-4.0989392,NODE_268014.230000_648092.930000,260.3
WTW_way_1169809196,Unnamed Facility (1169809196),wastewater_plant,51.9322688,-0.5043426,NODE_502778.090000_226892.610000,202.24
WTW_way_1169809197,Unnamed Facility (1169809197),wastewater_plant,51.9321129,-0.5049116,NODE_502778.090000_226892.610000,161.83
WTW_way_1169809198,Unnamed Facility (1169809198),wastewater_plant,51.9324864,-0.5035645,NODE_502778.090000_226892.610000,259.04
WTW_way_1169809199,Unnamed Facility (1169809199),wastewater_plant,51.9321354,-0.5033329,NODE_502778.090000_226892.610000,251.38
WTW_way_1169809200,Unnamed Facility (1169809200),wastewater_plant,51.9326348,-0.5029803,NODE_502778.090000_226892.610000,301.21
WTW_way_1169809201,Unnamed Facility (1169809201),wastewater_plant,51.931921,-0.5040906,NODE_502778.090000_226892.610000,194.21
WTW_way_1169809202,Unnamed Facility (1169809202),wastewater_plant,51.9322862,-0.5027432,NODE_502778.090000_226892.610000,295.09
WTW_way_1169809203,Unnamed Facility (1169809203),wastewater_plant,51.9317708,-0.5046574,NODE_502778.090000_226892.610000,152.07
WTW_way_1169809567,Unnamed Facility (1169809567),wastewater_plant,51.9312026,-0.5043398,NODE_502778.090000_226892.610000,153.44
WTW_way_1169809568,Unnamed Facility (1169809568),wastewater_plant,51.9313852,-0.5034679,NODE_502778.090000_226892.610000,215.51
WTW_way_1169809569,Unnamed Facility (1169809569),wastewater_plant,51.9316835,-0.5032819,NODE_502778.090000_226892.610000,235.45
WTW_way_1169809570,Unnamed Facility (1169809570),wastewater_plant,51.9316006,-0.5036128,NODE_502778.090000_226892.610000,211.02
WTW_way_1169809571,Unnamed Facility (1169809571),wastewater_plant,51.931295,-0.50383,NODE_502778.090000_226892.610000,189.42
WTW_way_1169809572,Unnamed Facility (1169809572),wastewater_plant,51.9314795,-0.5031223,NODE_502778.090000_226892.610000,240.74
WTW_way_1169809573,Unnamed Facility (1169809573),wastewater_plant,51.9315013,-0.5039784,NODE_502778.090000_226892.610000,183.84
WTW_way_1170948594,Unnamed Facility (1170948594),wastewater_plant,53.3173582,-3.0408438,NODE_330424.510000_380711.320000,370.15
WTW_way_1178631220,Unnamed Facility (1178631220),wastewater_plant,57.2267324,-2.521473,NODE_368810.280000_815266.830000,200.11
WTW_way_1179405632,Corsehouse Water Treatment Works,water_works,55.7188856,-4.4304366,NODE_247207.990000_649876.240000,234.31
WTW_way_1180152349,Unnamed Facility (1180152349),wastewater_plant,56.8458864,-2.5647854,NODE_365659.010000_772793.340000,66.48
WTW_way_1181890609,Unnamed Facility (1181890609),wastewater_plant,56.778154,-2.5128527,NODE_368572.800000_765013.060000,336.95
WTW_way_1181978924,Unnamed Facility (1181978924),water_works,51.6276078,-3.4658357,NODE_298298.930000_192823.650000,437.71
WTW_way_1182273967,Unnamed Facility (1182273967),wastewater_plant,55.7463134,-4.1176847,NODE_267613.020000_652417.780000,451.49
WTW_way_1183010716,Unnamed Facility (1183010716),water_works,51.2840615,-2.8092901,NODE_343581.650000_154164.880000,78.77
WTW_way_1184298845,Knockin (STW),wastewater_plant,52.7924885,-2.9886491,NODE_333508.520000_322012.060000,129.38
WTW_way_1184594236,Unnamed Facility (1184594236),wastewater_plant,52.9528816,-2.5003952,NODE_366231.510000_339438.910000,303.57
WTW_way_1186546340,Unnamed Facility (1186546340),wastewater_plant,51.8764027,-1.7417243,NODE_417905.660000_219739.060000,58.84
WTW_way_1189578959,Unnamed Facility (1189578959),water_works,53.2002737,-2.4501282,NODE_370006.600000_367031.990000,85.59
WTW_way_1192832738,Wendron Water Treatment Works,water_works,50.13034,-5.2508349,NODE_167564.950000_31071.730000,469.95
WTW_way_1193509929,East Wreatham STW,wastewater_plant,52.4800553,0.8299056,NODE_592309.680000_290700.080000,51.93
WTW_way_1195622297,Unnamed Facility (1195622297),water_works,56.1396223,-4.3750906,NODE_252664.000000_696349.310000,329.81
WTW_way_1196020675,Unnamed Facility (1196020675),water_works,51.2842218,-0.4114302,NODE_510903.780000_155124.690000,35.69
WTW_way_1196754945,Unnamed Facility (1196754945),wastewater_plant,51.3948471,-3.3215109,NODE_308126.550000_167088.300000,65.04
WTW_way_1196899639,Unnamed Facility (1196899639),wastewater_plant,51.9527336,-2.0708299,NODE_394857.590000_228285.270000,372.58
WTW_way_1198664828,Reservoir Water Works,water_works,50.7169212,-4.0050674,NODE_258877.250000_92581.910000,358.48
WTW_way_1199724758,Unnamed Facility (1199724758),water_works,51.7400499,-2.4017953,NODE_372195.870000_204695.320000,159.17
WTW_way_1202584960,Unnamed Facility (1202584960),water_works,55.9868343,-4.5927741,NODE_238437.370000_680348.390000,232.88
WTW_way_1202729138,Unnamed Facility (1202729138),wastewater_plant,57.5465741,-2.0153321,NODE_399034.490000_850619.180000,177.83
WTW_way_1203186382,Unnamed Facility (1203186382),wastewater_plant,55.9372402,-4.5508808,NODE_240446.680000_674828.120000,443.2
WTW_way_1203471807,Unnamed Facility (1203471807),water_works,51.0251775,-4.2032827,NODE_245568.740000_126922.530000,478.65
WTW_way_1207141170,Casterton WwTW,wastewater_plant,54.2101734,-2.5874203,NODE_361881.190000_479712.920000,197.51
WTW_way_1207196863,Ellingham STW,wastewater_plant,55.524542,-1.7307678,NODE_417090.820000_625686.920000,11.39
WTW_way_1207249828,Stow Bedon-Station Road STW,wastewater_plant,52.5307754,0.8646299,NODE_594299.870000_296735.080000,352.18
WTW_way_1207287867,Hilton - Stratford Lane (STW),wastewater_plant,52.5593081,-2.3320995,NODE_377251.160000_295506.810000,422.89
WTW_way_1207306430,Hethe STW,wastewater_plant,51.9601933,-1.1335698,NODE_459938.360000_229049.430000,491.33
WTW_way_1207306931,Evenley STW,wastewater_plant,52.0095668,-1.1412677,NODE_459078.650000_234885.220000,52.77
WTW_way_1207374159,Newcastle-On-Clun (STW),wastewater_plant,52.4337531,-3.1033614,NODE_325061.550000_282028.770000,296.25
WTW_way_1207377215,Great Bromley STW,wastewater_plant,51.893038,1.025811,NODE_608495.680000_226212.900000,342.03
WTW_way_1207497272,Newton Stewart WWTW,wastewater_plant,54.9522042,-4.4781505,NODE_241443.730000_564876.360000,124.48
WTW_way_1207545509,Bubwith/STW,wastewater_plant,53.8137271,-0.921041,NODE_471194.800000_436080.370000,277.19
WTW_way_1207570462,Llanddeusant WwTW,wastewater_plant,53.3359882,-4.4845689,NODE_234925.870000_384607.460000,468.84
WTW_way_1207571706,Llanfachraeth STW,wastewater_plant,53.3090854,-4.5318509,NODE_231553.470000_382154.920000,147.99
WTW_way_1207572868,Llanfaethlu WwTW,wastewater_plant,53.3540189,-4.5293795,NODE_231880.300000_387406.160000,325.32
WTW_way_1207573525,St Teath STW St Teath,wastewater_plant,50.5927676,-4.7428112,NODE_205887.820000_80429.440000,185.22
WTW_way_1207575124,Gorran Churchtown STW St Austell,wastewater_plant,50.2480784,-4.8049799,NODE_200394.760000_42853.490000,494.04
WTW_way_1207714817,Doctor Fold WwTW,wastewater_plant,53.571991,-2.2235289,NODE_385744.030000_408491.940000,458.97
WTW_way_1207796508,Temple Guiting WwTW,wastewater_plant,51.9505878,-1.8657693,NODE_409318.950000_227888.900000,129.15
WTW_way_1207800374,Furnace End (STW),wastewater_plant,52.5197096,-1.6380405,NODE_424608.790000_291339.130000,59.51
WTW_way_1207802011,Whitacre Heath - Watery Lane (STW),wastewater_plant,52.5163756,-1.6852649,NODE_421176.810000_291073.860000,290.48
WTW_way_1207860136,Sneachill (STW),wastewater_plant,52.1783284,-2.1391368,NODE_390292.770000_252948.940000,494.19
WTW_way_1207864096,Broomhall (STW),wastewater_plant,52.1583197,-2.2001665,NODE_386801.530000_250836.490000,496.97
WTW_way_1207876749,Poolhay Close (STW),wastewater_plant,51.9756501,-2.2516353,NODE_383214.750000_230576.700000,474.54
WTW_way_1207968327,Penrhos (W Of Pwllheli) WwTW,wastewater_plant,52.8804792,-4.4554745,NODE_234762.000000_334688.980000,432.43
WTW_way_1208916566,Llangammarch Wells SWK WwTW,wastewater_plant,52.1136762,-3.5537848,NODE_293839.310000_247429.400000,198.36
WTW_way_1208917625,Tirabad SWK WwTW,wastewater_plant,52.0599368,-3.6364452,NODE_287980.120000_241476.250000,84.92
WTW_way_1208918236,Llanychaer WwTW,wastewater_plant,51.9816415,-4.9349092,NODE_198581.080000_235549.600000,37.09
WTW_way_1209006256,Helstone STW Helstone,wastewater_plant,50.6030489,-4.7050925,NODE_208464.860000_81818.450000,275.62
WTW_way_1209009812,Ganton/STW,wastewater_plant,54.1927585,-0.4982982,NODE_498110.800000_478954.390000,472.51
WTW_way_1209011068,Summerhouse STW,wastewater_plant,54.5658272,-1.6874867,NODE_419956.350000_518988.040000,349.19
WTW_way_1209033685,Unnamed Facility (1209033685),water_works,58.0178625,-6.432441,NODE_137986.620000_911689.600000,365.16
WTW_way_1209213244,Hurst Green WTW,wastewater_plant,51.0094239,0.4594938,NODE_572671.850000_126191.090000,44.71
WTW_way_1209213676,Upper Sapey (STW),wastewater_plant,52.2669579,-2.4630566,NODE_368432.090000_263472.840000,184.84
WTW_way_1209214133,Llanfair Kilgeddin (W Of Raglan) WwTW,wastewater_plant,51.7560101,-2.9436137,NODE_335014.770000_206865.310000,90.36
WTW_way_1209215329,Capton STW Capton,wastewater_plant,50.3669475,-3.6405909,NODE_283303.090000_53044.210000,179.95
WTW_way_1209561032,Unnamed Facility (1209561032),water_works,51.4910711,-0.6039474,NODE_497034.770000_178040.450000,214.76
WTW_way_1209561033,Unnamed Facility (1209561033),water_works,51.4912255,-0.6036523,NODE_497034.770000_178040.450000,196.66
WTW_way_1209871859,Swinford (STW),wastewater_plant,52.4036471,-1.1638499,NODE_456648.390000_278772.320000,335.9
WTW_way_1209874180,Glebe Farm (STW),wastewater_plant,52.4296219,-1.0624193,NODE_463717.820000_281561.770000,191.2
WTW_way_1209874902,Marston Trussell STW,wastewater_plant,52.4680396,-0.9751042,NODE_469814.110000_286152.010000,132.1
WTW_way_1210009251,Appersett/STW,wastewater_plant,54.3127947,-2.2175114,NODE_385929.980000_490849.590000,33.46
WTW_way_1210596973,Bunbury Wastewater Treatment Works,wastewater_plant,53.1181984,-2.6384742,NODE_357304.980000_358054.930000,65.16
WTW_way_1211582808,Unnamed Facility (1211582808),wastewater_plant,55.1675125,-1.7300916,NODE_417340.500000_585900.910000,63.86
WTW_way_1211808775,Unnamed Facility (1211808775),wastewater_plant,53.5177942,-2.5912078,NODE_361013.930000_402414.080000,150.13
WTW_way_1212609270,Bonnyton Sewage Works,wastewater_plant,57.3396493,-2.1727355,NODE_389569.500000_827609.280000,157.91
WTW_way_1213145687,Unnamed Facility (1213145687),wastewater_plant,57.3263739,-2.1960855,NODE_388084.600000_826077.860000,252.22
WTW_way_1213850417,Unnamed Facility (1213850417),water_works,55.3742355,-3.9212007,NODE_278484.300000_610886.700000,318.66
WTW_way_1216148225,Unnamed Facility (1216148225),wastewater_plant,50.8138252,-3.0306143,NODE_327532.060000_102077.850000,46.18
WTW_way_1216455057,Helwith Bridge WTW,water_works,54.1222135,-2.2838733,NODE_381152.360000_469436.890000,437.06
WTW_way_1216497160,Unnamed Facility (1216497160),wastewater_plant,52.2001906,-2.0220744,NODE_398288.250000_255953.810000,350.35
WTW_way_1217786619,Unnamed Facility (1217786619),wastewater_plant,57.5573691,-2.6217833,NODE_362901.840000_852008.490000,83.23
WTW_way_1219633245,Unnamed Facility (1219633245),wastewater_plant,50.9279882,-0.4704055,NODE_508059.540000_115517.210000,482.62
WTW_way_1219633246,Unnamed Facility (1219633246),wastewater_plant,50.9277606,-0.4704099,NODE_508059.540000_115517.210000,489.38
WTW_way_1219633247,Unnamed Facility (1219633247),wastewater_plant,50.9284437,-0.4707247,NODE_508059.540000_115517.210000,495.76
WTW_way_1220076272,Unnamed Facility (1220076272),wastewater_plant,50.6140887,-2.4617657,NODE_367486.310000_79556.130000,98.91
WTW_way_1220382213,Unnamed Facility (1220382213),wastewater_plant,57.6169803,-2.7006302,NODE_358452.160000_858949.130000,272.68
WTW_way_1222640028,Unnamed Facility (1222640028),wastewater_plant,50.951781,-0.4886238,NODE_506467.720000_118027.660000,210.23
WTW_way_1222640029,Unnamed Facility (1222640029),wastewater_plant,50.9513509,-0.4885513,NODE_506467.900000_118026.210000,212.2
WTW_way_1222640030,Unnamed Facility (1222640030),wastewater_plant,50.9513302,-0.4882602,NODE_506467.900000_118026.210000,193.16
WTW_way_1222640031,Unnamed Facility (1222640031),wastewater_plant,50.9511651,-0.4885842,NODE_506467.900000_118026.210000,220.57
WTW_way_1222640032,Unnamed Facility (1222640032),wastewater_plant,50.9511461,-0.4882923,NODE_506467.900000_118026.210000,202.2
WTW_way_1223266439,Unnamed Facility (1223266439),wastewater_plant,52.5207463,-2.144209,NODE_390254.850000_291128.550000,314.41
WTW_way_1224034844,Unnamed Facility (1224034844),wastewater_plant,57.4191768,-2.2311914,NODE_386268.140000_836659.970000,114.37
WTW_way_1225311724,Unnamed Facility (1225311724),water_works,57.3406994,-2.5438211,NODE_367244.400000_828381.230000,466.63
WTW_way_1225509269,Unnamed Facility (1225509269),water_works,50.8061333,-1.8134117,NODE_413404.190000_101024.080000,318.94
WTW_way_1227178979,Unnamed Facility (1227178979),wastewater_plant,52.0672849,0.1931141,NODE_550083.300000_242978.590000,440.08
WTW_way_1228238833,Unnamed Facility (1228238833),wastewater_plant,52.8619073,-2.5195905,NODE_365138.160000_329040.190000,465.43
WTW_way_1232541909,Unnamed Facility (1232541909),wastewater_plant,57.2668695,-3.6614037,NODE_299769.310000_820779.640000,131.44
WTW_way_1232554221,Unnamed Facility (1232554221),wastewater_plant,52.0628691,0.1919824,NODE_550504.570000_242621.420000,203.36
WTW_way_1234377080,Drift STW Penzance,water_works,50.103476,-5.5841524,NODE_143707.970000_28885.370000,165.79
WTW_way_1235061422,Unnamed Facility (1235061422),wastewater_plant,57.3062481,-2.6257971,NODE_362641.740000_824096.760000,249.71
WTW_way_1235282670,Unnamed Facility (1235282670),wastewater_plant,55.8468904,-3.8811735,NODE_282427.410000_663135.050000,114.24
WTW_way_1236588485,Unnamed Facility (1236588485),wastewater_plant,50.9103208,-1.4476687,NODE_438691.660000_112668.910000,313.66
WTW_way_1238427879,Unnamed Facility (1238427879),wastewater_plant,51.0117956,-0.4660499,NODE_507682.220000_124667.870000,58.17
WTW_way_1238427880,Unnamed Facility (1238427880),wastewater_plant,51.0117244,-0.4663548,NODE_507682.220000_124667.870000,45.38
WTW_way_1238427881,Unnamed Facility (1238427881),wastewater_plant,51.0118987,-0.4664585,NODE_507682.220000_124667.870000,64.94
WTW_way_1238427882,Unnamed Facility (1238427882),wastewater_plant,51.0119734,-0.4661517,NODE_507682.220000_124667.870000,74.82
WTW_way_1238427883,Unnamed Facility (1238427883),wastewater_plant,51.0121297,-0.4655782,NODE_507682.220000_124667.870000,106.61
WTW_way_1239249639,Lower Herdswick Pumping Station,water_works,51.4848733,-1.7256427,NODE_419393.200000_175893.670000,432.62
WTW_way_1242798856,Thorndon-Catbridge STW,wastewater_plant,52.293003,1.1349033,NODE_614026.490000_270472.440000,290.57
WTW_way_1242801196,Ticklerton (STW),wastewater_plant,52.510962,-2.7585588,NODE_348481.510000_290510.850000,166.69
WTW_way_1242809353,Middleton (STW),wastewater_plant,52.3901078,-2.6760788,NODE_353897.350000_276654.200000,495.41
WTW_way_1242824540,Ideford STW Newton Abbot,wastewater_plant,50.5808579,-3.5668599,NODE_289153.200000_76750.270000,103.87
WTW_way_1242830392,Crosby Garrett WwTW,wastewater_plant,54.4849516,-2.4214015,NODE_372900.990000_510119.280000,132.75
WTW_way_1242842863,Marsh Green STW Rockbeare,wastewater_plant,50.7354842,-3.3593174,NODE_304146.200000_94040.600000,284.7
WTW_way_1242845953,Little Salkeld WwTW,wastewater_plant,54.7184514,-2.680942,NODE_356111.280000_535879.420000,298.07
WTW_way_1242846684,Penybont Llanerch-Emrys STW,wastewater_plant,52.8050462,-3.1738437,NODE_321263.760000_323542.300000,337.65
WTW_way_1242954261,Barnwell STW,wastewater_plant,52.4648748,-0.4570979,NODE_505172.770000_286715.200000,461.37
WTW_way_1242958905,Chawston-Tythe Farm STW,wastewater_plant,52.2068638,-0.3182396,NODE_514719.860000_257728.540000,318.45
WTW_way_1243131395,Unnamed Facility (1243131395),wastewater_plant,52.6767252,1.353531,NODE_626780.910000_314176.660000,123.32
WTW_way_1243163861,Bryneglwys WwTW,wastewater_plant,53.0160152,-3.2789445,NODE_314157.350000_347142.550000,201.81
WTW_way_1243164674,Llanfair Talhaiarn WwTW,wastewater_plant,53.2208886,-3.6021315,NODE_293036.300000_370437.850000,118.01
WTW_way_1245328919,Fritwell STW,wastewater_plant,51.9547331,-1.2359672,NODE_452399.170000_228326.050000,465.98
WTW_way_1245919631,Unnamed Facility (1245919631),wastewater_plant,57.5570572,-3.4611808,NODE_312697.290000_852683.140000,147.2
WTW_way_1246116754,Llanfihangel Glyn Myfyr WwTW,wastewater_plant,53.0328733,-3.5083621,NODE_298918.950000_349506.300000,53.18
WTW_way_1246461778,Manthorpe STW,wastewater_plant,52.7348604,-0.4213684,NODE_506553.600000_316662.000000,281.92
WTW_way_1246461887,Oakley-Dross Ln STW,wastewater_plant,52.3535921,1.1861435,NODE_617375.260000_277687.600000,308.4
WTW_way_1250224599,Kirklington/STW,wastewater_plant,54.2289638,-1.5136983,NODE_431638.940000_481415.530000,230.76
WTW_way_1253423152,Wimborne Water Treatment Works,water_works,50.808033,-1.9914137,NODE_400477.800000_101250.580000,379.77
WTW_way_1254289923,Unnamed Facility (1254289923),wastewater_plant,58.1412773,-6.4840902,NODE_136203.300000_925461.450000,248.49
WTW_way_1254294644,Unnamed Facility (1254294644),wastewater_plant,58.1330374,-6.44764,NODE_138123.780000_924710.070000,174.12
WTW_way_1259022032,Unnamed Facility (1259022032),water_works,58.1057145,-6.4964836,NODE_135044.000000_922066.500000,311.48
WTW_way_1259153274,Unnamed Facility (1259153274),water_works,57.9804106,-7.0583343,NODE_101184.240000_909996.520000,241.45
WTW_way_1263916675,Unnamed Facility (1263916675),wastewater_plant,57.2384663,-2.6848925,NODE_358827.780000_816559.380000,95.95
WTW_way_1264607374,Unnamed Facility (1264607374),water_works,50.453913,-4.1702572,NODE_246047.360000_63565.050000,251.65
WTW_way_1265299671,Unnamed Facility (1265299671),water_works,54.361768,-1.5437172,NODE_430112.050000_496668.270000,487.28
WTW_way_1266459090,Unnamed Facility (1266459090),wastewater_plant,53.5553616,-2.6851502,NODE_354831.240000_406967.750000,256.39
WTW_way_1267710283,Unnamed Facility (1267710283),wastewater_plant,54.7866988,-4.3661682,NODE_247845.870000_546117.130000,100.62
WTW_way_1270939217,Unnamed Facility (1270939217),water_works,58.0051257,-6.7677474,NODE_118862.420000_911497.670000,463.24
WTW_way_1271412173,Unnamed Facility (1271412173),water_works,57.9722025,-7.0593933,NODE_101101.120000_909246.290000,146.47
WTW_way_1271438529,Tadlow STW,wastewater_plant,52.1065575,-0.1292437,NODE_528421.810000_246836.390000,267.3
WTW_way_1271439393,Toynton STW,wastewater_plant,53.1440063,0.0960611,NODE_540301.880000_362838.940000,29.76
WTW_way_1272998545,Aberedw STW,wastewater_plant,52.1165258,-3.350187,NODE_307610.090000_246934.570000,393.66
WTW_way_1273000776,Gwernesney WwTW,wastewater_plant,51.7124911,-2.8554118,NODE_340815.780000_201951.680000,195.87
WTW_way_1273028781,Chillerton WTW,wastewater_plant,50.6568087,-1.2987076,NODE_449883.310000_84740.110000,435.44
WTW_way_1273076974,Unnamed Facility (1273076974),wastewater_plant,57.1430191,-4.6752808,NODE_238330.360000_809070.350000,146.18
WTW_way_1274829509,Buckland St Mary STW Buckland St Mary,wastewater_plant,50.9168048,-3.0481852,NODE_326484.900000_114030.570000,473.59
WTW_way_1274834370,Aller Grove STW Whimple,wastewater_plant,50.7639698,-3.3439086,NODE_304932.700000_97186.100000,476.39
WTW_way_1274849709,Unnamed Facility (1274849709),wastewater_plant,53.6041088,-2.226165,NODE_385043.990000_411905.080000,110.04
WTW_way_1274936306,Meerbrook Septic Tank,wastewater_plant,53.1426169,-2.0144971,NODE_399271.390000_360547.680000,155.28
WTW_way_1279314958,Unnamed Facility (1279314958),wastewater_plant,55.0109707,-3.2329191,NODE_320994.040000_569011.530000,310.49
WTW_way_1281770582,Kirklington - Corkmill Lane (STW),wastewater_plant,53.1098276,-0.9788653,NODE_468518.490000_356991.090000,458.31
WTW_way_1284647062,Unnamed Facility (1284647062),wastewater_plant,51.08641,-0.2679183,NODE_521473.500000_133379.270000,84.39
WTW_way_1285364281,Unnamed Facility (1285364281),water_works,54.3142079,-2.9747923,NODE_336783.370000_491298.300000,140.05
WTW_way_1286380419,Unnamed Facility (1286380419),water_works,57.789817,-7.0545223,NODE_99515.440000_889313.080000,367.22
WTW_way_1286528316,Unnamed Facility (1286528316),water_works,57.7806112,-7.002865,NODE_102397.450000_887675.650000,347.79
WTW_way_1287654708,Unnamed Facility (1287654708),wastewater_plant,52.7856009,-2.6497138,NODE_356161.150000_321342.550000,279.93
WTW_way_1289678273,Great Linford STW,wastewater_plant,52.0772081,-0.7553448,NODE_485079.300000_242671.250000,350.96
WTW_way_1290883898,Unnamed Facility (1290883898),wastewater_plant,50.9092732,0.5873603,NODE_581645.780000_115317.450000,356.36
WTW_way_1290883899,Unnamed Facility (1290883899),wastewater_plant,50.9094289,0.5875944,NODE_581645.780000_115317.450000,375.75
WTW_way_1292947795,Kinlochewe water works,water_works,57.5970875,-5.3044291,NODE_202498.850000_860907.310000,278.63
WTW_way_1293437809,Newport WwTW,wastewater_plant,51.6001288,-2.9480382,NODE_334259.180000_189432.100000,176.88
WTW_way_1293513775,Longhirst Village WwTW,wastewater_plant,55.1926847,-1.6474572,NODE_422481.080000_588807.590000,73.28
WTW_way_1293516182,Cinderford - Crumpmeadow (STW),wastewater_plant,51.822902,-2.515508,NODE_364550.180000_214307.010000,373.47
WTW_way_1293614034,Plymouth Central Wastewater Treatment Works,wastewater_plant,50.3667182,-4.1138502,NODE_250109.970000_54101.330000,360.38
WTW_way_1293981194,Melton Ross STW,wastewater_plant,53.580792,-0.387523,NODE_506413.410000_410482.020000,446.77
WTW_way_1293982784,Llwyngwril WwTW,wastewater_plant,52.6634883,-4.0925877,NODE_258211.800000_309323.470000,368.14
WTW_way_1293984052,Belsay STW,wastewater_plant,55.1034484,-1.8376604,NODE_410001.469600_578834.225700,457.44
WTW_way_1293984468,Abbotts Morton (STW),wastewater_plant,52.1954929,-1.9517979,NODE_403794.350000_255095.810000,431.78
WTW_way_1293992805,Wigston Parva (STW),wastewater_plant,52.505456,-1.3171343,NODE_446200.940000_290327.680000,454.11
WTW_way_1293993112,South Kilworth (STW),wastewater_plant,52.4268323,-1.1115961,NODE_460581.280000_281044.710000,316.82
WTW_way_1294484110,Kelstedge (STW),wastewater_plant,53.1670036,-1.4976415,NODE_433528.880000_363743.110000,342.59
WTW_way_1294484556,Strensham Intake (STW),wastewater_plant,52.0544666,-2.1233611,NODE_391910.850000_239686.340000,296.75
WTW_way_1294525398,Fulking WTW,wastewater_plant,50.8913134,-0.2298495,NODE_524700.290000_111218.570000,488.93
WTW_way_1294570760,Chawston-Wyboston STW,wastewater_plant,52.1921832,-0.2979118,NODE_516697.500000_256402.240000,298.57
WTW_way_1294571228,Drayton Parslow STW,wastewater_plant,51.9503919,-0.7664785,NODE_485250.400000_228968.800000,460.86
WTW_way_1294583073,Cock Clarks Hackmans Lane WwTW,wastewater_plant,51.6934369,0.6219865,NODE_581332.750000_202461.030000,202.84
WTW_way_1294583822,Blaxhall STW,wastewater_plant,52.1694207,1.4714739,NODE_637217.000000_257986.430000,270.49
WTW_way_1294684612,Easton STW (Suffolk),wastewater_plant,52.1769527,1.339214,NODE_628544.540000_258238.770000,248.6
WTW_way_1294685351,Fritton School Lane STW,wastewater_plant,52.4870453,1.2750758,NODE_622543.760000_292717.030000,85.57
WTW_way_1294703217,Unnamed Facility (1294703217),water_works,57.6585649,-7.2344682,NODE_87726.280000_875567.110000,376.64
WTW_way_1296567752,Latton Water Treatment Works,water_works,51.6700417,-1.8846429,NODE_408017.000000_196778.950000,66.31
WTW_way_1298093034,Little Bull Lane Wastewater Plant,wastewater_plant,50.9272035,-1.2059887,NODE_456184.420000_114460.180000,287.26
WTW_way_1298125680,Ampress Water Treatment Works,water_works,50.7725763,-1.5473244,NODE_432138.750000_97135.710000,128.73
WTW_way_1299694545,Unnamed Facility (1299694545),water_works,52.1861373,0.988434,NODE_604278.220000_258207.330000,235.55
WTW_way_1299898991,Lomond Hills Water Treatment Plant,water_works,56.2174531,-3.2454075,NODE_322856.700000_703697.930000,234.99
WTW_way_1300764875,Unnamed Facility (1300764875),wastewater_plant,51.026082,-0.220223,NODE_525370.010000_126604.850000,469.07
WTW_way_1302604999,Pumping Station,wastewater_plant,57.443056,-4.2396909,NODE_265456.530000_841472.440000,226.15
WTW_way_1302605017,Pumping Station,wastewater_plant,57.4523302,-4.2157444,NODE_267165.140000_842005.060000,390.55
WTW_way_1302717931,North Keswick Waste Water Treatment Works (marine transfer),wastewater_plant,57.4927434,-4.2394191,NODE_266088.880000_847281.640000,404.94
WTW_way_1302913643,Unnamed Facility (1302913643),water_works,55.9991414,-4.3302479,NODE_254560.390000_681200.380000,353.81
WTW_way_1302913644,Unnamed Facility (1302913644),water_works,55.9996149,-4.3307316,NODE_254560.390000_681200.380000,293.97
WTW_way_1302913724,Unnamed Facility (1302913724),water_works,55.997114,-4.3272903,NODE_255206.790000_680294.140000,468.4
WTW_way_1302914788,Unnamed Facility (1302914788),water_works,56.1040158,-4.3803341,NODE_251871.000000_693087.000000,433.88
WTW_way_1302992348,Unnamed Facility (1302992348),water_works,56.0645951,-4.3663976,NODE_253074.150000_687941.000000,454.13
WTW_way_1303349105,Balmichael Water Treatment Works,wastewater_plant,55.538744,-5.2876053,NODE_192658.400000_631855.840000,279.46
WTW_way_1303356693,Pumping Station,wastewater_plant,57.4996518,-4.1195199,NODE_272697.810000_847427.320000,387.2
WTW_way_1304626450,Unnamed Facility (1304626450),wastewater_plant,50.3150777,-5.027334,NODE_184760.650000_50641.800000,228.6
WTW_way_1305221361,Unnamed Facility (1305221361),wastewater_plant,51.035495,-0.2014322,NODE_525791.240000_127774.290000,411.13
WTW_way_1305453888,Unnamed Facility (1305453888),wastewater_plant,55.6993061,-3.8590982,NODE_283542.070000_646715.760000,292.05
WTW_way_1305997737,Pumping Station,wastewater_plant,57.4851973,-4.206363,NODE_268221.980000_845952.380000,404.22
WTW_way_1307855184,Unnamed Facility (1307855184),wastewater_plant,51.1081342,-0.4716546,NODE_507096.900000_135539.400000,113.53
WTW_way_1309955609,Unnamed Facility (1309955609),water_works,51.5159545,-2.6239117,NODE_357094.120000_180037.770000,343.37
WTW_way_1310917013,Letham Grange Wastewater Treatment Works,wastewater_plant,56.5990392,-2.6147659,NODE_362427.700000_745478.880000,103.79
WTW_way_1311506032,Unnamed Facility (1311506032),wastewater_plant,53.3126147,-4.6469382,NODE_223769.650000_383227.870000,442.11
WTW_way_1311626528,Pumping Station,wastewater_plant,57.5771982,-3.8140854,NODE_291840.270000_855977.670000,458.96
WTW_way_1311765053,Berwick WTW,wastewater_plant,50.8395892,0.1709533,NODE_552982.390000_106707.030000,32.8
WTW_way_1311959279,Daw Lane Wastewater Treatment Works,wastewater_plant,53.6329952,-1.539042,NODE_430579.420000_415241.380000,18.79
WTW_way_1314719712,Halkirk Wastewater Treatment Works,wastewater_plant,58.5170756,-3.4777156,NODE_314060.990000_959652.450000,78.87
WTW_way_1316729295,Taleford Villas STW Taleford,wastewater_plant,50.7651749,-3.2866428,NODE_309725.020000_96931.130000,368.8
WTW_way_1316935091,Bishampton (STW),wastewater_plant,52.1648452,-2.0134128,NODE_399239.410000_252033.970000,202.65
WTW_way_1318065415,Unnamed Facility (1318065415),wastewater_plant,53.9964887,-1.5817233,NODE_427199.050000_455503.060000,367.99
WTW_way_1321580480,Unnamed Facility (1321580480),wastewater_plant,51.9880496,-2.1652055,NODE_388713.260000_232281.660000,100.1
WTW_way_1327048144,Unnamed Facility (1327048144),wastewater_plant,57.0706055,-2.7672845,NODE_353752.650000_797985.410000,177.09
WTW_way_1328851887,Unnamed Facility (1328851887),wastewater_plant,52.8089799,-2.8193822,NODE_344776.440000_323740.130000,109.65
WTW_way_1328907213,Loggerheads,wastewater_plant,53.155727,-3.200512,NODE_319641.570000_362347.610000,429.01
WTW_way_1333297348,Unnamed Facility (1333297348),wastewater_plant,51.0866837,-1.2854759,NODE_449914.300000_132279.160000,250.42
WTW_way_1335032674,Unnamed Facility (1335032674),wastewater_plant,53.3893417,-4.5247622,NODE_232322.980000_391119.000000,155.88
WTW_way_1338966701,Unnamed Facility (1338966701),wastewater_plant,55.0393056,-3.8300248,NODE_283417.900000_573412.880000,357.63
WTW_way_1339210704,Unnamed Facility (1339210704),wastewater_plant,57.5447267,-2.3363321,NODE_380303.460000_850892.130000,470.66
WTW_way_1341263180,Unnamed Facility (1341263180),wastewater_plant,54.2510427,-3.2601927,NODE_317984.510000_484988.570000,327.36
WTW_way_1342471746,Llanarth WwTW,wastewater_plant,51.7918321,-2.9049461,NODE_337663.640000_210306.930000,433.8
WTW_way_1344827550,Unnamed Facility (1344827550),wastewater_plant,51.2219068,-2.9862025,NODE_331350.580000_147247.600000,222.07
WTW_way_1348040204,Unnamed Facility (1348040204),wastewater_plant,57.2557736,-4.4963847,NODE_249378.660000_821323.520000,251.9
WTW_way_1348683228,Tonbridge Water Treatment Works,water_works,51.1952055,0.2708827,NODE_558898.300000_146499.550000,140.02
WTW_way_1348683229,Unnamed Facility (1348683229),water_works,51.1949305,0.2710098,NODE_558898.300000_146499.550000,145.3
WTW_way_1348683230,Unnamed Facility (1348683230),water_works,51.1948031,0.2712525,NODE_558898.300000_146499.550000,140.01
WTW_way_1349100468,Etal Sewage Works,wastewater_plant,55.6489713,-2.1190352,NODE_392626.620000_639563.140000,66.77
WTW_way_1349170897,Unnamed Facility (1349170897),wastewater_plant,52.6546625,-0.4615734,NODE_504287.620000_307812.150000,397.91
WTW_way_1349587565,Unnamed Facility (1349587565),wastewater_plant,52.7581925,-2.5450973,NODE_363240.260000_317802.490000,191.35
WTW_way_1349954537,Unnamed Facility (1349954537),water_works,51.1817631,0.8549369,NODE_599633.790000_146710.510000,333.1
WTW_way_1350054344,RAF Fairford Sewage Treatment Works,wastewater_plant,51.6976627,-1.7662945,NODE_416320.100000_200396.220000,496.55
WTW_way_1350707169,Unnamed Facility (1350707169),wastewater_plant,56.5372673,-3.4704084,NODE_309528.510000_739579.500000,285.61
WTW_way_1351671237,Unnamed Facility (1351671237),water_works,54.530319,-1.7958539,NODE_413304.310000_515060.530000,38.5
WTW_way_1352183275,Unnamed Facility (1352183275),water_works,55.6906156,-6.2236713,NODE_134780.510000_651800.660000,434.99
WTW_way_1352309180,Unnamed Facility (1352309180),water_works,55.6375192,-6.193625,NODE_135868.430000_646006.060000,368.85
WTW_way_1353116275,Unnamed Facility (1353116275),wastewater_plant,53.2337173,-4.4662555,NODE_235781.400000_373623.530000,293.62
WTW_way_1353356687,Unnamed Facility (1353356687),wastewater_plant,53.2981802,-4.615873,NODE_225933.930000_380864.330000,290.88
WTW_way_1353408925,Unnamed Facility (1353408925),water_works,55.8400332,-6.1206407,NODE_142093.960000_668418.430000,30.48
WTW_way_1353408930,Unnamed Facility (1353408930),wastewater_plant,55.8437229,-6.1197875,NODE_142093.960000_668418.430000,440.69
WTW_way_1354651307,Unnamed Facility (1354651307),wastewater_plant,51.7241228,0.1356019,NODE_547639.870000_204848.240000,137.17
WTW_way_1354952397,Unnamed Facility (1354952397),water_works,55.7634583,-6.1649769,NODE_139086.960000_660311.090000,339.01
WTW_way_1355131918,Unnamed Facility (1355131918),water_works,55.7670691,-6.1685453,NODE_139086.960000_660311.090000,499.25
WTW_way_1355234553,Unnamed Facility (1355234553),water_works,55.7619909,-6.1649023,NODE_139086.960000_660311.090000,464.43
WTW_way_1356160642,Unnamed Facility (1356160642),water_works,51.4202803,-1.0844433,NODE_463562.870000_169508.160000,211.9
WTW_way_1358095808,Barskimming WTW Works,wastewater_plant,55.4990877,-4.389413,NODE_249365.270000_625251.970000,253.35
WTW_way_1358320913,Unnamed Facility (1358320913),water_works,55.7112013,-6.4191282,NODE_122328.370000_655678.880000,452.13
WTW_way_1359570505,Unnamed Facility (1359570505),wastewater_plant,58.0134197,-4.4035302,NODE_258154.870000_905114.350000,122.37
WTW_way_1360415389,Unnamed Facility (1360415389),wastewater_plant,55.8763931,-5.4108612,NODE_186963.160000_669903.550000,283.37
WTW_way_1360876368,CSG Botley,wastewater_plant,50.9173522,-1.2899412,NODE_449868.030000_113733.390000,418.32
WTW_way_1361986031,Unnamed Facility (1361986031),water_works,51.0398985,1.0204986,NODE_611840.790000_131072.460000,6.42
WTW_way_1362051912,Langham Water Treatment Works,water_works,51.968671,0.9352291,NODE_601498.770000_234299.000000,308.59
WTW_way_1365800725,Willop Depot,water_works,51.039594,1.0200166,NODE_611840.790000_131072.460000,48.84
WTW_way_1366174762,Pulloxhill WTW,wastewater_plant,51.9901709,-0.4285577,NODE_508109.970000_233441.190000,175.91
WTW_way_1368484620,Unnamed Facility (1368484620),wastewater_plant,51.5609873,-2.8138927,NODE_343778.130000_185021.110000,105.33
WTW_way_1368484621,Unnamed Facility (1368484621),wastewater_plant,51.5612363,-2.814069,NODE_343778.130000_185021.110000,113.33
WTW_way_1369211874,Bettws Gwerfil Goch (Sw Of Ruthin) WwTW,wastewater_plant,53.0061151,-3.4450683,NODE_303166.050000_346442.110000,55.99
WTW_way_1375361070,Unnamed Facility (1375361070),water_works,55.7977889,-3.9842674,NODE_275662.380000_658041.070000,207.35
WTW_way_1376856621,Unnamed Facility (1376856621),water_works,51.264617,-0.545472,NODE_501616.950000_152826.810000,111.28
WTW_way_1383323751,Hebden Sewage Treatment Works,wastewater_plant,54.0559526,-1.9601401,NODE_402592.200000_462251.160000,119.0
WTW_way_1383323755,Beamsley Sewage Treatment Works,wastewater_plant,53.9671901,-1.8849118,NODE_407451.510000_452084.070000,331.05
WTW_way_1383334809,Starbotton Sewage Treatment Works,wastewater_plant,54.1686184,-2.0764084,NODE_394896.000000_474686.060000,225.72
WTW_way_1388014249,Unnamed Facility (1388014249),wastewater_plant,51.4750058,-3.2787647,NODE_310952.130000_176153.480000,423.69
WTW_way_1388476273,Gt Bealings-Boot St STW,wastewater_plant,52.0954324,1.2506373,NODE_623017.830000_249331.780000,347.05
WTW_way_1388504209,Bretford (STW),wastewater_plant,52.3899064,-1.3732528,NODE_443170.020000_277051.020000,421.03
WTW_way_1388511681,Bromsberrow (STW),wastewater_plant,51.9958874,-2.3771944,NODE_374102.330000_233602.860000,497.01
WTW_way_1388512689,Aston Ingham (STW),wastewater_plant,51.9114235,-2.4590203,NODE_368282.210000_223592.770000,288.39
WTW_way_1388517292,Longdon Works (STW),wastewater_plant,52.0259318,-2.2343287,NODE_384104.110000_236553.970000,162.67
WTW_way_1388718093,Eastnor (STW),wastewater_plant,52.0273196,-2.3770321,NODE_374139.560000_236584.110000,92.79
WTW_way_1388753656,Llynfaes WwTW,wastewater_plant,53.2765161,-4.383771,NODE_241262.240000_377972.460000,210.66
WTW_way_1388754820,Boduan WwTW,wastewater_plant,52.9185707,-4.5182071,NODE_230871.250000_338401.220000,262.31
WTW_way_1388758176,Lee Moor STW Lee Moor,wastewater_plant,50.4371242,-4.011211,NODE_257173.620000_61600.200000,104.26
WTW_way_1388758576,Meavy STW Dousland,wastewater_plant,50.4858366,-4.0608925,NODE_253640.320000_67160.560000,255.6
WTW_way_1388773454,Cropthorne Heath (STW),wastewater_plant,52.1021357,-2.0160449,NODE_399483.420000_244837.040000,486.94
WTW_way_1389559493,Unnamed Facility (1389559493),water_works,56.8128295,-5.1029411,NODE_210697.230000_773567.080000,235.21
WTW_way_1390046499,Rushton WwTW Eaton Lane,wastewater_plant,53.1794573,-2.6417716,NODE_357103.780000_365142.470000,265.83
WTW_way_1390047723,Ogden Lane WwTW,wastewater_plant,53.6065177,-2.0733111,NODE_395262.820000_412275.250000,59.17
WTW_way_1390070468,Seckar/STW,wastewater_plant,54.3146483,-2.1799735,NODE_388218.810000_490940.070000,188.68
WTW_way_1390072675,Llanelidan WwTW,wastewater_plant,53.0431757,-3.3318588,NODE_310715.180000_350154.830000,235.86
WTW_way_1390082624,Llan Penmachno STW,wastewater_plant,53.045472,-3.7982224,NODE_279500.530000_351315.770000,46.59
WTW_way_1390090160,Coundmoor (STW),wastewater_plant,52.6206495,-2.6603274,NODE_355064.900000_302378.580000,492.83
WTW_way_1390128167,Aldford WwTW,wastewater_plant,53.1295859,-2.8662903,NODE_342383.340000_359141.990000,442.45
WTW_way_1390376873,Sambrook (STW),wastewater_plant,52.8113949,-2.4267306,NODE_371628.930000_323671.440000,342.45
WTW_way_1390532302,Aston On Clun (STW),wastewater_plant,52.4276148,-2.8955144,NODE_339180.940000_281152.150000,294.85
WTW_way_1390532912,Longnor - Vineyard Cottages (STW),wastewater_plant,52.5993915,-2.7565354,NODE_348664.780000_300340.150000,218.06
WTW_way_1390651157,Betws Garmon WwTW,wastewater_plant,53.0885837,-4.1773815,NODE_254252.200000_356730.170000,84.84
WTW_way_1390779987,Basildon Park WwTW,wastewater_plant,51.4976757,-1.1148766,NODE_461956.650000_178235.610000,475.99
WTW_way_1391541460,Shirburn WwTW,wastewater_plant,51.6607541,-0.9994002,NODE_469175.560000_196323.300000,150.87
WTW_way_1391564264,Blakedown (STW),wastewater_plant,52.4019444,-2.1880087,NODE_387001.220000_278148.040000,314.91
WTW_way_1391622364,Dymock (STW),wastewater_plant,51.9789729,-2.4343124,NODE_370486.400000_231381.330000,253.38
WTW_way_1391649283,Burwash Common WTW,wastewater_plant,50.9807806,0.3614333,NODE_565505.460000_122655.500000,384.5
WTW_way_1391775932,Thorpe Morieux-Post Office STW,wastewater_plant,52.1469024,0.8376968,NODE_593912.230000_253323.610000,465.15
WTW_way_1391780452,Woodham Walter STW,wastewater_plant,51.7363249,0.6216477,NODE_581123.000000_207139.400000,291.5
WTW_way_1391782267,Three Oaks WTW,wastewater_plant,50.8989098,0.6081475,NODE_583544.260000_114344.070000,73.33
WTW_way_1392070814,Earl Soham STW,wastewater_plant,52.2175072,1.2669981,NODE_623225.450000_262705.180000,44.57
WTW_way_1392201725,Little Bealings STW,wastewater_plant,52.0841103,1.247389,NODE_622363.600000_247659.150000,286.67
WTW_way_1392305230,Mendham STW,wastewater_plant,52.3989761,1.3356796,NODE_627015.290000_283366.610000,249.35
WTW_way_1392311465,Flixton-Buck Plant STW,wastewater_plant,52.4337227,1.3931528,NODE_630590.880000_287527.070000,398.24
WTW_way_1392312097,Upton (Peterborough) STW,wastewater_plant,52.5907468,-0.3705707,NODE_510394.760000_300018.690000,449.82
WTW_way_1392719083,Gissing Burston Road WwTW,wastewater_plant,52.4193674,1.154682,NODE_614761.820000_284778.230000,156.34
WTW_way_1392720998,Owston (STW),wastewater_plant,52.6658264,-0.8555286,NODE_477433.720000_308443.890000,270.68
WTW_way_1393518052,Wixoe STW,wastewater_plant,52.0569943,0.5068048,NODE_571911.620000_242695.180000,124.77
WTW_way_1393572317,Unnamed Facility (1393572317),wastewater_plant,50.9557294,-3.3421356,NODE_305839.110000_118466.800000,241.69
WTW_way_1393665027,Unnamed Facility (1393665027),wastewater_plant,54.6547445,-2.5377294,NODE_365377.130000_528516.350000,466.38
WTW_way_1393797423,Wilson (STW),wastewater_plant,52.8229728,-1.3979393,NODE_440919.930000_325006.190000,328.79
WTW_way_1393872670,Lysways Lane (STW),wastewater_plant,52.7185628,-1.8638532,NODE_409305.520000_313534.760000,94.46
WTW_way_1394406322,Unnamed Facility (1394406322),water_works,51.0068151,-1.3282027,NODE_447133.910000_123159.890000,140.79
WTW_way_1394406323,Unnamed Facility (1394406323),water_works,51.0068149,-1.3288301,NODE_447133.910000_123159.890000,115.09
WTW_way_1394406324,Unnamed Facility (1394406324),water_works,51.0072273,-1.3255279,NODE_447133.910000_123159.890000,320.64
WTW_way_1394406325,Unnamed Facility (1394406325),water_works,51.0063554,-1.324349,NODE_447133.910000_123159.890000,370.61
WTW_way_1394406328,Unnamed Facility (1394406328),water_works,51.005207,-1.3232567,NODE_447133.910000_123159.890000,450.24
WTW_way_1394483249,Unnamed Facility (1394483249),water_works,50.9991464,-1.3362213,NODE_446631.900000_122133.940000,274.7
WTW_way_1394931337,Mendlesham-Wash La HSW WwTW,wastewater_plant,52.2410661,1.0833452,NODE_610296.120000_264886.600000,326.62
WTW_way_1394974057,Skeyton HSW WwTW,wastewater_plant,52.7914796,1.3233132,NODE_624220.340000_326786.080000,82.8
WTW_way_1395930507,Woodton STW,wastewater_plant,52.4924612,1.3872816,NODE_629791.830000_293686.330000,254.41
WTW_way_1396191268,Llowes WwTW,wastewater_plant,52.0662951,-3.1785593,NODE_319572.750000_241425.910000,287.23
WTW_way_1396552338,Carlton Scroop STW,wastewater_plant,52.9975999,-0.5841365,NODE_494849.760000_345350.440000,278.15
WTW_way_1396670438,Bobbington (STW),wastewater_plant,52.5142524,-2.2842555,NODE_380814.410000_290670.510000,73.65
WTW_way_1396673414,Comberford (STW),wastewater_plant,52.6630265,-1.7190212,NODE_419020.260000_307468.910000,194.51
WTW_way_1396673832,Freasley (STW),wastewater_plant,52.5971765,-1.648308,NODE_423845.570000_300389.720000,408.73
WTW_way_1396675104,Hinstock (STW),wastewater_plant,52.8325643,-2.4593296,NODE_369534.530000_326381.410000,418.45
WTW_way_1396809429,Cardington (STW),wastewater_plant,52.550174,-2.7267054,NODE_350796.500000_294943.410000,25.41
WTW_way_1396826874,Ellastone (STW),wastewater_plant,52.9792456,-1.8248214,NODE_412008.260000_342403.430000,154.81
WTW_way_1396832935,Wormington (STW),wastewater_plant,52.0260324,-1.9469657,NODE_403668.030000_236226.350000,188.18
WTW_way_1396842319,Mathon (STW),wastewater_plant,52.1096857,-2.3864523,NODE_373676.310000_245636.940000,146.24
WTW_way_1396843338,Whitbourne Works (STW),wastewater_plant,52.2038058,-2.4029542,NODE_372739.110000_256074.380000,252.18
WTW_way_1398194446,Wollerton - Bean Bank (STW),wastewater_plant,52.8665684,-2.5585454,NODE_362642.010000_330325.300000,317.39
WTW_way_1408818706,Brampford Speke STW Brampford Speke,wastewater_plant,50.7634556,-3.5186868,NODE_292950.380000_97277.220000,195.27
WTW_way_1408818828,Tholthorpe/STW,wastewater_plant,54.2764109,-1.996065,NODE_400542.670000_486694.780000,196.44
WTW_way_1408819056,Fairbourne (New) WwTW,wastewater_plant,52.6999745,-4.0427137,NODE_261845.940000_313483.140000,271.9
WTW_way_1408819850,Hunton/STW,wastewater_plant,54.1708019,-1.2124878,NODE_451501.710000_475322.430000,37.64
WTW_way_1408820630,Middleton Quernhow/STW,wastewater_plant,54.4507253,-1.6410894,NODE_423455.410000_506386.430000,199.54
WTW_way_1408821059,Burrington STW Burrington,wastewater_plant,50.9344678,-3.9428867,NODE_263199.960000_116649.060000,405.33
WTW_way_1408821278,Great Edstone/STW,wastewater_plant,54.1748753,-0.8411126,NODE_475717.320000_476046.310000,37.89
WTW_way_1408826082,Nancledra STW Cripplesease,wastewater_plant,50.1696908,-5.5068668,NODE_149598.500000_35982.160000,154.49
WTW_way_1408835829,Stiperstones (STW),wastewater_plant,52.599773,-2.9419061,NODE_336096.020000_300678.130000,209.57
WTW_way_1408836343,Berwick St James WwTW,wastewater_plant,51.147813,-1.9015035,NODE_407097.170000_138923.750000,220.86
WTW_way_1408912620,Unnamed Facility (1408912620),water_works,57.2851831,-2.8797805,NODE_347053.400000_822257.230000,295.41
WTW_way_1409676756,Cradley (STW),wastewater_plant,52.1318119,-2.39074,NODE_373033.290000_248535.650000,434.56
WTW_way_1409751500,Bosbury Rbc (STW),wastewater_plant,52.0856945,-2.4449048,NODE_369428.620000_243493.450000,406.47
WTW_way_1409753407,Leddington (STW),wastewater_plant,52.026348,-2.4404136,NODE_369768.250000_236713.170000,216.07
WTW_way_1409817238,Unnamed Facility (1409817238),wastewater_plant,50.2620203,-3.8562512,NODE_267649.510000_41756.240000,185.99
WTW_way_1410406716,Llangenny SWK WwTW,wastewater_plant,51.8543519,-3.1046952,NODE_324073.960000_217746.910000,149.72
WTW_way_1410609203,Unnamed Facility (1410609203),wastewater_plant,50.296448,-3.9013871,NODE_264717.090000_45864.420000,90.59
WTW_way_1410851952,Farway STW Honiton,wastewater_plant,50.7559301,-3.1653696,NODE_317727.640000_95885.510000,188.35
WTW_way_1410852454,Park Close STW Clyst Hydon,wastewater_plant,50.8059228,-3.367016,NODE_303796.800000_101949.300000,350.6
WTW_way_1410894459,Unnamed Facility (1410894459),wastewater_plant,53.3913659,-4.523084,NODE_232322.980000_391119.000000,126.97
WTW_way_1410934175,Llanddew SWK WwTW,wastewater_plant,51.9677165,-3.3818713,NODE_304936.030000_230602.010000,312.31
WTW_way_1411090679,Montford Bridge (STW),wastewater_plant,52.7321821,-2.8370577,NODE_343239.140000_315326.950000,338.28
WTW_way_1411119770,Roden (STW),wastewater_plant,52.7482608,-2.6303129,NODE_357446.890000_317206.750000,302.13
WTW_way_1411144418,Childs Ercall - Leafields (STW),wastewater_plant,52.8156784,-2.4839495,NODE_367472.330000_324545.380000,199.76
WTW_way_1411145417,Gwynfe WwTW,wastewater_plant,51.8811582,-3.8550662,NODE_272414.370000_221525.830000,388.56
WTW_way_1411788586,Copmere (STW),wastewater_plant,52.8622271,-2.2908801,NODE_380500.410000_329539.740000,86.99
WTW_way_1411788747,Great Bridgeford (STW),wastewater_plant,52.8448793,-2.1759483,NODE_388104.880000_327422.730000,160.67
WTW_way_1411939404,Unnamed Facility (1411939404),wastewater_plant,56.4129583,-3.5164367,NODE_306899.100000_725650.390000,376.52
WTW_way_1412134975,Walcot (STW),wastewater_plant,52.706006,-2.5999815,NODE_359304.120000_312361.270000,298.22
WTW_way_1413002978,Whitefield Farm Septic Tank,wastewater_plant,51.48292,-1.7153308,NODE_419393.200000_175893.670000,490.93
WTW_way_1413017936,Standerwick WwTW,wastewater_plant,51.2543208,-2.2561823,NODE_382000.360000_150417.120000,287.24
WTW_way_1413226510,Dimmingsdale (STW),wastewater_plant,52.5618197,-2.2062177,NODE_385935.010000_295787.270000,293.14
WTW_way_1413518543,Skeffling/STW,wastewater_plant,54.1111528,-1.4549839,NODE_435395.490000_468858.970000,490.63
WTW_way_1413518862,Conistone/STW,wastewater_plant,54.311453,-1.7379583,NODE_417441.540000_490544.060000,324.98
WTW_way_1413519217,Hunsingore/STW,wastewater_plant,54.3246617,-1.7027783,NODE_419656.350000_492084.640000,238.94
WTW_way_1413519507,Sandford Village WwTW,wastewater_plant,54.5393889,-2.4180571,NODE_372679.650000_515828.640000,454.68
WTW_way_1413520913,Stoke St Gregory WwTW,wastewater_plant,51.0552963,-2.8977514,NODE_337372.960000_128471.940000,403.28
WTW_way_1413830452,Low Common/STW,wastewater_plant,54.0561379,-2.1511267,NODE_390263.840000_462171.030000,100.09
WTW_way_1413831557,Pentrefelin (Conwy) WwTW,wastewater_plant,53.2571046,-3.7952688,NODE_280295.960000_374905.540000,70.88
WTW_way_1414118381,South Raynham HSW WwTW,wastewater_plant,52.7789401,0.7869229,NODE_587700.790000_324041.410000,444.96
WTW_way_1414133781,Yeolmbridge STW Yeolmbridge,wastewater_plant,50.6631117,-4.3877889,NODE_231471.170000_87299.560000,280.18
WTW_way_1414134051,Boyton STW Boyton,wastewater_plant,50.7060892,-4.3694606,NODE_233041.920000_92126.290000,297.23
WTW_way_1414134238,Lutton STW Lutton,wastewater_plant,50.4157955,-3.9746464,NODE_259879.600000_59152.960000,82.59
WTW_way_1414134440,Lamerton STW Lamerton,wastewater_plant,50.5598015,-4.184411,NODE_245526.580000_75400.960000,264.6
WTW_way_1414137634,Hartland STW Hartland,wastewater_plant,50.9945059,-4.4903166,NODE_225293.600000_124175.390000,458.76
WTW_way_1414137869,Rattery STW Rattery,wastewater_plant,50.4405713,-3.7712505,NODE_274457.500000_61400.370000,226.62
WTW_way_1414310593,Great Witley (STW),wastewater_plant,52.2941117,-2.3498326,NODE_376344.090000_266269.900000,106.74
WTW_way_1414311118,Stowe By Chartley - Mill Cottages (STW),wastewater_plant,52.8505227,-1.9967758,NODE_400152.300000_328001.840000,195.56
WTW_way_1414313984,Hints (STW),wastewater_plant,52.6210112,-1.7626996,NODE_416280.690000_302443.530000,202.59
WTW_way_1414615262,Burnhill Green (STW),wastewater_plant,52.6057599,-2.3235471,NODE_378346.510000_301135.790000,258.18
WTW_way_1414724543,Hungarton (STW),wastewater_plant,52.6560634,-0.9858377,NODE_468363.270000_306747.430000,397.83
WTW_way_1415658645,Unnamed Facility (1415658645),wastewater_plant,52.2863092,-1.1383515,NODE_459001.960000_265368.660000,355.98
WTW_way_1416119004,Llandegley (Nr Llandrindod Wells) SWK WwTW,wastewater_plant,52.2591283,-3.2645894,NODE_314055.220000_263262.380000,326.24
WTW_way_1416555280,Bearswood Grove/STW,wastewater_plant,53.9705519,-1.5905864,NODE_427320.450000_452876.060000,374.62
WTW_way_1416570626,Caio WwTW,wastewater_plant,52.0395848,-3.9334709,NODE_267291.470000_239218.550000,493.47
WTW_way_1416602064,Thorpe Willoughby/STW,wastewater_plant,54.3787215,-2.1630274,NODE_389819.040000_498044.190000,326.93
WTW_way_1416602301,Westbury STW,wastewater_plant,52.0142864,-1.0898827,NODE_462344.370000_235449.390000,215.63
WTW_way_1416602502,Dinorwic Capel (Septic Tank) WwTW,wastewater_plant,53.1313978,-4.1123278,NODE_258730.750000_361391.200000,67.32
WTW_way_1416602991,Llandegai WwTW,wastewater_plant,53.214355,-4.0973804,NODE_260217.640000_370848.150000,270.4
WTW_way_1417184357,Lustleigh STW Bovey Tracey,wastewater_plant,50.6153415,-3.7164351,NODE_278569.130000_80971.770000,105.98
WTW_way_1417255543,Kerswell STW Kerswell,wastewater_plant,50.8483259,-3.3116125,NODE_308034.810000_106057.940000,330.83
WTW_way_1417255780,Poughill STW Poughill,wastewater_plant,50.8628188,-3.613843,NODE_286592.560000_108563.590000,295.74
WTW_way_1418096978,Bradninch STW Bradninch,wastewater_plant,50.8212486,-3.4129932,NODE_300567.030000_103294.940000,69.61
WTW_way_1418098448,Tottiford Water Treatment Works,water_works,50.6280412,-3.6863423,NODE_280694.710000_82350.030000,144.34
WTW_way_1418113595,Sandy Park STW Chagford,wastewater_plant,50.6896728,-3.8229558,NODE_271248.650000_89310.670000,99.41
WTW_way_1418114309,Halwell STW Halwell,wastewater_plant,50.3681876,-3.7221048,NODE_277411.870000_53407.410000,217.14
WTW_way_1418114688,Morchard Bishop STW Morchard Bishop,wastewater_plant,50.8553167,-3.7557081,NODE_276279.670000_107404.960000,356.61
WTW_way_1418114836,Allington Terrace STW Morchard Road,wastewater_plant,50.8293051,-3.7747997,NODE_275229.050000_104555.170000,283.58
WTW_way_1418115519,Chagford Main STW Chagford,wastewater_plant,50.6781266,-3.8402613,NODE_270031.570000_88244.380000,138.61
WTW_way_1418115641,Scorriton STW Scorriton,wastewater_plant,50.5027412,-3.8241386,NODE_270755.530000_68597.930000,23.81
WTW_way_1418115933,Hillside STW Rawridge,wastewater_plant,50.8507732,-3.1372379,NODE_319914.460000_106387.910000,146.92
WTW_way_1418116719,Dalwood STW Dalwood,wastewater_plant,50.7929943,-3.0631807,NODE_325209.790000_99569.620000,245.18
WTW_way_1418287403,Bow STW Bow,wastewater_plant,50.8047899,-3.8241768,NODE_271479.880000_101996.120000,190.53
WTW_way_1418287932,Diptford STW Diptford,wastewater_plant,50.3957534,-3.7912582,NODE_272598.660000_56511.010000,218.83
WTW_way_1418290217,Coldridge STW Coldridge,wastewater_plant,50.8467217,-3.8458494,NODE_270229.050000_106831.980000,87.6
WTW_way_1418290354,Meshaw Moor STW South Molton,wastewater_plant,50.9533897,-3.7683028,NODE_275763.300000_118160.170000,454.97
WTW_way_1418595187,Manaton STW Bovey Tracey,wastewater_plant,50.6101793,-3.7554991,NODE_275757.670000_80393.630000,129.47
WTW_way_1418596339,Nomansland STW Nomansland,wastewater_plant,50.9112763,-3.6495343,NODE_284179.920000_113726.970000,50.63
WTW_way_1418596834,Widecombe STW Widecombe In The Moor,wastewater_plant,50.5748342,-3.811456,NODE_271860.840000_76550.540000,40.91
WTW_way_1418715576,Wambrook STW Chard,wastewater_plant,50.865419,-3.0049656,NODE_329494.920000_107573.050000,262.68
WTW_way_1418715725,Houghton WTW,wastewater_plant,50.8927732,-0.5513419,NODE_502138.930000_111364.700000,157.48
WTW_way_1418716144,Bishopswood STW Chard,wastewater_plant,50.9105267,-3.0624645,NODE_325731.180000_112919.720000,334.05
WTW_way_1418724999,Buildwas - Park View (STW),wastewater_plant,52.6380913,-2.5382928,NODE_363861.160000_304463.470000,245.64
WTW_way_1419913745,Choats Road (Barking) SPS,wastewater_plant,51.526882,0.1217701,NODE_547467.590000_183067.140000,191.06
WTW_way_1420011432,Trotton WTW,wastewater_plant,50.991662,-0.820545,NODE_482677.650000_121865.120000,252.53
WTW_way_1420012546,Clapton Bridge STW Crewkerne,wastewater_plant,50.8524773,-2.8348916,NODE_341318.260000_106294.120000,76.75
WTW_way_1420012738,Drimpton STW Drimpton,wastewater_plant,50.847814,-2.8291595,NODE_341762.160000_106164.300000,471.28
WTW_way_1420018575,Gaulby (STW),wastewater_plant,52.599145,-0.9693929,NODE_469822.060000_300448.510000,213.48
WTW_way_1420020616,Unnamed Facility (1420020616),wastewater_plant,51.4182189,-3.3642699,NODE_305163.620000_169583.700000,119.85
WTW_way_1420021184,Ashby Folville (STW),wastewater_plant,52.7038067,-0.9614671,NODE_470553.420000_311960.620000,439.32
WTW_way_1420165418,Temple Balsall (STW),wastewater_plant,52.3829815,-1.6965774,NODE_420667.550000_276183.600000,89.2
WTW_way_1420416758,Loxton WwTW,wastewater_plant,51.2962724,-2.8973853,NODE_337871.040000_155551.790000,349.57
WTW_way_1420425962,Melplash WwTW,wastewater_plant,50.7778909,-2.7302338,NODE_348392.830000_98084.220000,323.02
WTW_way_1420428185,Willey (STW),wastewater_plant,52.4616233,-1.2716808,NODE_449459.470000_285442.310000,362.92
WTW_way_1420433754,Park View STW Shute,wastewater_plant,50.7652871,-3.0668773,NODE_324469.560000_96685.040000,389.47
WTW_way_1420434902,Clee St Margaret (STW),wastewater_plant,52.458347,-2.6383786,NODE_356516.470000_284511.870000,263.09
WTW_way_1420446881,Penkridge Bank (STW),wastewater_plant,52.7549421,-1.9784542,NODE_401508.530000_317830.400000,353.44
WTW_way_1420453028,Forton (STW),wastewater_plant,52.7844408,-2.3702667,NODE_374711.990000_320751.430000,418.66
WTW_way_1420929859,Knowle STW Crediton,wastewater_plant,50.802159,-3.730085,NODE_278084.170000_101701.560000,99.91
WTW_way_1420930248,Bishops Nympton STW Bishops Nympton,wastewater_plant,50.9970371,-3.7696515,NODE_275819.330000_123081.180000,382.71
WTW_way_1420930858,Worthenbury WwTW,wastewater_plant,53.0070601,-2.8632044,NODE_341946.460000_345979.180000,251.93
WTW_way_1420950773,Huxhams Cross STW Dartington,wastewater_plant,50.4567901,-3.7160458,NODE_278300.800000_63545.340000,253.19
WTW_way_1420950884,Jubilee Cottages (STW),wastewater_plant,53.4002048,-1.7382591,NODE_417245.630000_389433.380000,290.34
WTW_way_1420954717,Bratton Fleming S T STW Bratton Fleming,wastewater_plant,51.1306017,-3.9429686,NODE_264446.580000_138672.540000,307.84
WTW_way_1420960730,Kernborough STW Kernborough,wastewater_plant,50.2592588,-3.6960412,NODE_279414.880000_41212.440000,229.5
WTW_way_1420961049,Poundsgate STW Poundsgate,wastewater_plant,50.5360979,-3.827166,NODE_270787.730000_72545.860000,303.08
WTW_way_1420961406,Askham & Headon Cum Upton (STW),wastewater_plant,53.281941,-0.8794838,NODE_474381.150000_376897.220000,472.24
WTW_way_1420961857,Cobbaton STW Cobbaton,wastewater_plant,51.0181554,-3.9669918,NODE_262137.460000_126120.740000,31.19
WTW_way_1420967240,Southpool STW South Pool,wastewater_plant,50.2478629,-3.7252456,NODE_277444.960000_40095.230000,354.25
WTW_way_1420967291,Woodleigh STW Woodleigh,wastewater_plant,50.3245445,-3.7708765,NODE_274114.180000_48544.220000,155.06
WTW_way_1421389585,Unnamed Facility (1421389585),wastewater_plant,53.2681906,-4.485328,NODE_234178.340000_377587.160000,216.1
WTW_way_1421495669,Rhyd-Y-Pandy (Nr Clydach) WwTW,wastewater_plant,51.7013754,-3.9320797,NODE_266751.050000_201907.230000,228.2
WTW_way_1421519058,Shillingford Abbott STW Shillingford,wastewater_plant,50.6893723,-3.5418155,NODE_291626.860000_88777.240000,451.84
WTW_way_1421558432,Llanelian Yn Rhos WwTW,wastewater_plant,53.2722877,-3.7032859,NODE_286840.800000_376152.780000,403.29
WTW_way_1421575197,Sleaford Drove Lane (Wp) STW,wastewater_plant,53.0029518,-0.4292284,NODE_505552.090000_345919.550000,305.87
WTW_way_1421577288,Lanteglos STW Lanteglos,wastewater_plant,50.3592352,-4.6072146,NODE_214714.620000_54483.310000,205.22
WTW_way_1421577918,Pant Glas WwTW,wastewater_plant,53.0007946,-4.2810201,NODE_246933.370000_347386.790000,155.11
WTW_way_1421578085,Freshwater East (Se Of Pembroke) WwTW,wastewater_plant,51.6434207,-4.8705787,NODE_201724.900000_197740.380000,241.48
WTW_way_1421588452,Trefor Gwydir Mawr Sea View WwTW,wastewater_plant,52.9977882,-4.4196308,NODE_237763.910000_346959.430000,278.43
WTW_way_1421986653,Netherton STW,wastewater_plant,55.3619846,-2.0155147,NODE_399123.480000_607533.340000,21.41
WTW_way_1422246800,Unnamed Facility (1422246800),wastewater_plant,54.6317315,-2.7291707,NODE_352919.200000_526609.240000,132.28
WTW_way_1422444649,Llanfaredd SWK WwTW,wastewater_plant,52.1521351,-3.3696576,NODE_306262.070000_251377.380000,142.12
WTW_way_1422992530,Loxton WwTW,wastewater_plant,51.2984357,-2.8960956,NODE_337871.040000_155551.790000,397.32
WTW_way_1423286775,Bontddu WwTW,wastewater_plant,52.7486172,-3.9703705,NODE_267063.630000_318610.810000,40.48
WTW_way_1423350549,Fontburn STW,wastewater_plant,55.2380816,-1.9222835,NODE_404917.940000_593671.940000,155.29
WTW_way_1423351107,Elsdon STW,wastewater_plant,55.2311375,-2.1003611,NODE_393755.400000_592871.130000,130.91
WTW_way_1423352011,Redesmouth STW,wastewater_plant,55.1346966,-2.2151248,NODE_385969.680000_582003.850000,497.11
WTW_way_1423359235,Gyrn Goch WwTW,wastewater_plant,53.010487,-4.3840022,NODE_240128.470000_348584.930000,31.21
WTW_way_1423378163,Dorstone (Oakland Pl) WwTW,wastewater_plant,52.0694948,-2.9972649,NODE_331878.270000_241722.630000,140.1
WTW_way_1423466318,Ingleby Greenhow STW,wastewater_plant,54.4504655,-1.1084048,NODE_457746.400000_506723.450000,290.91
WTW_way_1423466882,Gribdale STW,wastewater_plant,54.4922755,-1.0987794,NODE_458121.970000_511316.150000,393.22
WTW_way_1423512930,Norton Le Clay/STW,wastewater_plant,54.1348376,-1.3882731,NODE_440408.230000_471340.520000,380.54
WTW_way_1423513045,Crambeck Village/STW,wastewater_plant,54.0971536,-0.8735604,NODE_473947.880000_467307.370000,201.26
WTW_way_1423513682,Huttons Ambo/STW,wastewater_plant,54.0989425,-0.8323107,NODE_476505.650000_467644.760000,48.08
WTW_way_1423591719,Kirby Misperton/STW,wastewater_plant,54.2046674,-0.8010143,NODE_478626.520000_479791.060000,482.37
WTW_way_1423592639,Kexby/STW,wastewater_plant,53.9487584,-0.9312647,NODE_470376.990000_450568.090000,288.19
WTW_way_1423593464,Newton Le Willows/STW,wastewater_plant,54.306179,-1.665125,NODE_422273.130000_490114.170000,384.76
WTW_way_1423596159,Hyde WwTW,wastewater_plant,53.4104554,-2.0813907,NODE_394526.430000_390434.930000,163.09
WTW_way_1423596620,Jacobstowe STW Okehampton,wastewater_plant,50.7980051,-4.0003897,NODE_259175.870000_101633.280000,114.65
WTW_way_1423873602,Oswaldkirk/STW,wastewater_plant,54.1996566,-1.0453078,NODE_462288.180000_478317.500000,325.85
WTW_way_1423874568,Wear Valley Junction STW,wastewater_plant,54.6796576,-1.745399,NODE_416602.880000_531405.100000,260.94
WTW_way_1423925806,Botton/STW,wastewater_plant,54.429648,-0.9347571,NODE_469184.180000_504298.690000,32.15
WTW_way_1423933099,Whashton/STW,wastewater_plant,54.4482906,-1.7642859,NODE_415199.000000_505920.810000,185.27
WTW_way_1423933741,Gayles/STW,wastewater_plant,54.4647774,-1.8106989,NODE_412806.620000_507518.470000,484.97
WTW_way_1423935253,Grinton West/STW,wastewater_plant,54.3815711,-1.9308677,NODE_404551.200000_498461.930000,38.03
WTW_way_1423964558,Tickencote STW,wastewater_plant,52.6729424,-0.5369568,NODE_498970.210000_309382.780000,56.19
WTW_way_1424187191,Muirdykes Water Treatment Works,wastewater_plant,55.8023054,-4.5636902,NODE_239065.300000_659584.600000,343.84
WTW_way_1424968354,Bethlehem WwTW,wastewater_plant,51.9095497,-3.9176132,NODE_268288.170000_224997.940000,209.91
WTW_way_1425011639,Felingwmuchaf WwTW,wastewater_plant,51.8981997,-4.1688167,NODE_250840.880000_224532.590000,130.79
WTW_way_1425011776,Tal-sarn WwTW,wastewater_plant,52.1855783,-4.1316048,NODE_254148.700000_256072.540000,311.02
WTW_way_1425042165,Tai'n Lon WwTW,wastewater_plant,53.0246602,-4.3221197,NODE_244517.550000_349898.460000,194.57
WTW_way_1425079689,Llanishen (Nr Llandogo) WwTW,wastewater_plant,51.724079,-2.7606587,NODE_347167.120000_203127.000000,390.37
WTW_way_1425082204,Ivington (Nr Leominster) WwTW,wastewater_plant,52.2062236,-2.7716639,NODE_347765.860000_256865.600000,425.71
WTW_way_1425419192,Pontsticill Water Treatment Works,water_works,51.79541,-3.3636332,NODE_306046.450000_211899.190000,269.01
WTW_way_1426173106,Unnamed Facility (1426173106),wastewater_plant,51.8094006,1.0166538,NODE_607968.690000_216816.830000,223.11
WTW_way_1426189567,Hewish STW Crewkerne,wastewater_plant,50.8706466,-2.8242417,NODE_341928.940000_107819.060000,444.06
WTW_way_1426189651,Llantilio Crossenny WwTW,wastewater_plant,51.8263637,-2.8759101,NODE_339892.280000_214598.220000,165.87
WTW_way_1426230946,Unnamed Facility (1426230946),wastewater_plant,53.2225201,-4.2323574,NODE_250898.850000_371965.500000,216.91
WTW_way_1426350647,Chesterfield Rd/STW,wastewater_plant,53.2438463,-1.3086456,NODE_446284.320000_371932.860000,165.21
WTW_way_1426357491,Oakleigh STW Sheldon,wastewater_plant,50.8689299,-3.2534095,NODE_312255.760000_108730.800000,447.05
WTW_way_1426367018,Satley STW,wastewater_plant,54.7893344,-1.8145828,NODE_412239.070000_544269.620000,480.04
WTW_way_1426370285,Barrasford STW,wastewater_plant,55.0527601,-2.1288843,NODE_392043.450000_573070.610000,194.76
WTW_way_1426377109,Rochester STW,wastewater_plant,55.276115,-2.2649511,NODE_383128.470000_597901.490000,187.55
WTW_way_1426377384,Mawgan STW Mawgan,wastewater_plant,50.0761694,-5.2062678,NODE_170714.400000_24283.230000,206.3
WTW_way_1426377676,Lower Parc STW Gweek,wastewater_plant,50.0973871,-5.2140293,NODE_170635.360000_26747.710000,414.22
WTW_way_1426404442,Veryan STW Veryan,wastewater_plant,50.2215248,-4.926827,NODE_191372.490000_39791.620000,64.22
WTW_way_1426407794,St Just In Roseland STW,wastewater_plant,50.1823633,-5.0072773,NODE_185755.190000_35713.910000,350.99
WTW_way_1426432916,Powdermill Water Treatment Works,wastewater_plant,50.9029219,0.4766927,NODE_574276.730000_114481.590000,75.69
WTW_way_1426575019,North Wraxall WwTW,wastewater_plant,51.4724101,-2.2612498,NODE_381821.580000_174840.280000,130.77
WTW_way_1426575764,Duncton WTW,wastewater_plant,50.9468087,-0.6330121,NODE_496437.800000_117004.450000,405.79
WTW_way_1426616730,Goonhavern STW Goonhavern,wastewater_plant,50.3348091,-5.1243212,NODE_177663.130000_53001.090000,98.66
WTW_way_1426617081,Mylor STW Mylor Bridge,wastewater_plant,50.1864362,-5.085101,NODE_180029.300000_36321.590000,171.52
WTW_way_1426683107,Sherford STW Sherford,wastewater_plant,50.2856443,-3.7165115,NODE_277358.410000_44172.580000,461.51
WTW_way_1426689303,Didworthy STW Didworthy,wastewater_plant,50.4429923,-3.8527204,NODE_268558.970000_61829.060000,163.46
WTW_way_1426799305,Merton STW Merton,wastewater_plant,50.8864729,-4.1008267,NODE_252180.520000_111392.260000,403.82
WTW_way_1427368417,Unnamed Facility (1427368417),wastewater_plant,58.221447,-6.3710378,NODE_143515.080000_934398.060000,226.68
WTW_way_1427666546,Canterton Lane Brook H WTW,wastewater_plant,50.9221406,-1.6090936,NODE_427717.070000_113536.550000,222.19
WTW_way_1427917119,Harden/STW,wastewater_plant,53.5285759,-1.7702402,NODE_415276.450000_403542.310000,58.18
WTW_way_1427917863,Coxley Lane/STW,wastewater_plant,53.6505911,-1.5814199,NODE_427729.080000_417168.800000,48.31
WTW_way_1427918091,Shay Grange/STW,wastewater_plant,53.8209092,-1.7984365,NODE_413607.500000_435824.860000,356.09
WTW_way_1428944160,Scammonden/STW,wastewater_plant,53.6484284,-1.9212614,NODE_405242.260000_416665.170000,224.75
WTW_way_1428945244,Old Cottages/STW,wastewater_plant,53.493368,-1.6441303,NODE_423758.070000_399698.600000,52.03
WTW_way_1428946230,Watergate/STW,wastewater_plant,53.6062654,-1.9455431,NODE_403909.810000_412029.700000,263.02
WTW_way_1429959382,Unnamed Facility (1429959382),water_works,54.5359426,-2.7619128,NODE_351030.840000_515980.090000,247.6
WTW_way_1431374254,Unnamed Facility (1431374254),wastewater_plant,51.970808,1.16034,NODE_617425.240000_234933.170000,253.84
WTW_way_1432242644,Unnamed Facility (1432242644),wastewater_plant,51.6026663,-2.9491499,NODE_334275.430000_189953.410000,229.1
WTW_way_1434062497,Unnamed Facility (1434062497),water_works,54.5093996,-2.8942698,NODE_342500.170000_512894.320000,338.84
WTW_way_1434311714,Pumping Station,water_works,54.5116219,-2.9142897,NODE_340716.920000_513262.320000,191.71
WTW_way_1436270857,Eshton water pumping station,water_works,54.0091914,-2.106988,NODE_393173.890000_456946.210000,116.48
WTW_way_1443039778,Ferryside 4 (Glan-Y-Fferi),wastewater_plant,51.7781346,-4.3611559,NODE_237075.800000_211162.270000,332.62
WTW_way_1443039793,Station Road WWPS,wastewater_plant,51.736852,-4.3109225,NODE_240749.520000_206855.650000,238.27
WTW_way_1445430098,Unnamed Facility (1445430098),wastewater_plant,51.0934488,0.407326,NODE_568891.530000_135099.700000,404.3
WTW_way_1450332295,Unnamed Facility (1450332295),water_works,57.1059708,-5.9744887,NODE_158989.790000_808825.540000,448.0
WTW_way_1451088785,Unnamed Facility (1451088785),wastewater_plant,57.0587931,-5.9065365,NODE_163270.910000_803177.970000,49.49
WTW_way_1452815908,Unnamed Facility (1452815908),water_works,57.115657,-5.8682364,NODE_166038.180000_808960.030000,451.59
WTW_way_1454877761,Unnamed Facility (1454877761),water_works,57.5802064,-6.3189106,NODE_142139.020000_863062.500000,432.6
WTW_way_1455806975,Unnamed Facility (1455806975),water_works,57.55087,-6.3056116,NODE_142638.910000_859436.880000,140.43
WTW_way_1456896128,Unnamed Facility (1456896128),wastewater_plant,57.4805547,-6.3014771,NODE_142480.590000_851268.770000,345.26
WTW_way_1457114287,Unnamed Facility (1457114287),water_works,57.4603096,-6.3028468,NODE_142469.080000_849294.890000,429.0
WTW_way_1458029029,Unnamed Facility (1458029029),wastewater_plant,57.4796779,-6.3444326,NODE_139658.850000_851725.900000,123.97
WTW_way_1459532023,Unnamed Facility (1459532023),wastewater_plant,56.7729996,-2.5120398,NODE_368835.880000_764862.710000,146.19
WTW_way_1460035000,Unnamed Facility (1460035000),water_works,51.7948511,-3.260168,NODE_313155.240000_211518.310000,86.03
WTW_way_1460035012,Nantybwch Water Treatment Works,water_works,51.795285,-3.2617103,NODE_313155.240000_211518.310000,75.99
WTW_way_1462063999,Unnamed Facility (1462063999),wastewater_plant,56.3910322,-3.4210976,NODE_312150.930000_723296.560000,372.58
WTW_way_1464868432,Unnamed Facility (1464868432),water_works,56.0992355,-4.6384938,NODE_236231.700000_692836.440000,268.4
WTW_way_1466061823,Berwick St James Sewage Pumping Station,wastewater_plant,51.1493606,-1.9005749,NODE_407097.170000_138923.750000,50.39
WTW_way_1466061825,Pelican Inn Sewage Pumping Station,wastewater_plant,51.1314436,-1.9019322,NODE_406824.270000_136846.360000,149.26
WTW_way_1466445615,Unnamed Facility (1466445615),water_works,57.2290389,-5.9001704,NODE_165060.320000_822221.020000,379.29
WTW_way_1467631742,Unnamed Facility (1467631742),wastewater_plant,56.5962513,-2.6482674,NODE_360525.970000_744711.650000,467.81
WTW_way_1468039533,Ufton Nervet Water Treatment Works,water_works,51.4099756,-1.106067,NODE_462251.310000_168629.890000,367.84
WTW_way_1473706823,Unnamed Facility (1473706823),wastewater_plant,57.5727068,-4.4263083,NODE_255003.300000_856302.110000,79.95
WTW_way_1473932298,Unnamed Facility (1473932298),water_works,54.5250418,-3.0497238,NODE_332156.350000_514853.670000,69.85
WTW_way_1474906132,Unnamed Facility (1474906132),wastewater_plant,52.2874748,1.1521482,NODE_614776.690000_269910.950000,393.64
WTW_way_1478723168,Unnamed Facility (1478723168),wastewater_plant,50.8846195,0.6729687,NODE_588140.830000_112565.070000,298.72
WTW_way_1479936786,Bryn Cowlyd Water Treatment Works,water_works,53.1798551,-3.8330405,NODE_277482.560000_366415.870000,149.59
WTW_way_1479945701,Cefn Dryscoed Water Treatment Works,water_works,51.7730971,-3.5829834,NODE_290792.420000_209068.350000,395.33
WTW_way_1479945708,Unnamed Facility (1479945708),wastewater_plant,51.7696738,-3.5806004,NODE_290792.420000_209068.350000,240.15
WTW_way_1479958269,Tyn y Waun Water Treatment Works,water_works,51.6820545,-3.5457968,NODE_293247.640000_199077.210000,198.6
WTW_way_1480364358,Alwen Water Treatment Works,water_works,53.0621857,-3.5548823,NODE_295559.630000_352933.990000,369.25
WTW_way_1480372032,Strata Florida Water Treatment Works,water_works,52.2774709,-3.8253886,NODE_275797.750000_266121.120000,299.09
WTW_way_1482211167,Unnamed Facility (1482211167),wastewater_plant,54.6076738,-3.1853551,NODE_323491.630000_524717.760000,462.6
WTW_way_1482471227,Unnamed Facility (1482471227),water_works,54.6051727,-3.1682695,NODE_324715.980000_523680.390000,291.98
WTW_way_1484232923,Unnamed Facility (1484232923),water_works,57.3672964,-6.393306,NODE_135800.120000_839423.040000,194.93
WTW_way_1486532357,Unnamed Facility (1486532357),water_works,51.669111,-1.2315658,NODE_453295.470000_197380.670000,401.86
WTW_way_1487783619,Unnamed Facility (1487783619),water_works,52.0035328,-0.3718773,NODE_511664.750000_235081.520000,204.37
WTW_way_1487783620,Unnamed Facility (1487783620),water_works,52.0034012,-0.3716221,NODE_511664.750000_235081.520000,217.33
WTW_way_1487783621,Unnamed Facility (1487783621),water_works,52.0030373,-0.370931,NODE_511664.750000_235081.520000,259.34
WTW_way_1487783623,Unnamed Facility (1487783623),water_works,52.0032985,-0.3714308,NODE_511664.750000_235081.520000,227.99
WTW_way_1487783624,Unnamed Facility (1487783624),water_works,52.0033777,-0.3721182,NODE_511664.750000_235081.520000,183.63
WTW_way_1487783626,Unnamed Facility (1487783626),water_works,52.0028474,-0.3709892,NODE_511664.750000_235081.520000,255.52
WTW_way_1487783632,Unnamed Facility (1487783632),water_works,52.0031868,-0.3711884,NODE_511664.750000_235081.520000,242.83
WTW_way_1487783634,Unnamed Facility (1487783634),water_works,52.0032357,-0.3718661,NODE_511664.750000_235081.520000,197.37
WTW_way_1487783636,Unnamed Facility (1487783636),water_works,52.0030404,-0.3712897,NODE_511664.750000_235081.520000,234.74
WTW_way_1487812358,Unnamed Facility (1487812358),water_works,51.9819032,-0.4219542,NODE_508140.350000_232319.250000,481.61
WTW_way_1487812360,Unnamed Facility (1487812360),water_works,51.9819163,-0.4216215,NODE_508140.350000_232319.250000,498.99
WTW_way_1487812365,Unnamed Facility (1487812365),water_works,51.9817165,-0.4217134,NODE_508140.350000_232319.250000,479.27
WTW_way_1487812367,Unnamed Facility (1487812367),water_works,51.981771,-0.4222223,NODE_508140.350000_232319.250000,458.2
WTW_way_1488786415,Unnamed Facility (1488786415),wastewater_plant,57.4315981,-6.5753574,NODE_125519.450000_847128.390000,47.49
WTW_way_1488812879,RAF Henlow Wastewater Treatment Works,wastewater_plant,52.0161322,-0.2902537,NODE_517293.380000_237091.820000,433.7
WTW_way_1489703084,Unnamed Facility (1489703084),water_works,57.4201555,-6.5845125,NODE_124844.770000_846080.130000,146.68
WTW_way_1489980581,Unnamed Facility (1489980581),wastewater_plant,50.9636605,-0.2425963,NODE_523993.960000_119634.520000,494.49
WTW_way_1491392071,Unnamed Facility (1491392071),wastewater_plant,52.1156879,-4.5327526,NODE_226678.290000_249712.920000,313.75
WTW_way_1493507550,Unnamed Facility (1493507550),water_works,52.0570195,-0.7060249,NODE_489210.030000_240406.090000,457.26
WTW_way_1493507551,Unnamed Facility (1493507551),water_works,52.0583983,-0.709877,NODE_488168.730000_240939.210000,409.69
WTW_way_1493507554,Unnamed Facility (1493507554),water_works,52.0582284,-0.711055,NODE_488168.730000_240939.210000,346.21
WTW_way_1493507557,Unnamed Facility (1493507557),water_works,52.0575423,-0.7107544,NODE_488168.730000_240939.210000,407.01
WTW_way_1493507559,Unnamed Facility (1493507559),water_works,52.0590768,-0.7101748,NODE_488168.730000_240939.210000,366.58
WTW_way_1493507563,Unnamed Facility (1493507563),water_works,52.0577107,-0.7096297,NODE_488168.730000_240939.210000,459.64
WTW_way_1493507570,Unnamed Facility (1493507570),water_works,52.0589076,-0.7113163,NODE_488168.730000_240939.210000,297.01
WTW_way_1493507945,Unnamed Facility (1493507945),water_works,52.0565249,-0.7116018,NODE_488108.500000_240883.870000,448.54
WTW_way_1493507946,Unnamed Facility (1493507946),water_works,52.0562963,-0.711017,NODE_488168.730000_240939.210000,494.54
WTW_way_1493507947,Unnamed Facility (1493507947),water_works,52.0565962,-0.7109879,NODE_488168.730000_240939.210000,469.68
WTW_way_1493507948,Unnamed Facility (1493507948),water_works,52.056585,-0.7113949,NODE_488168.730000_240939.210000,453.3
WTW_way_1493507950,Unnamed Facility (1493507950),water_works,52.0568086,-0.7112203,NODE_488168.730000_240939.210000,441.33
WTW_way_1493507952,Unnamed Facility (1493507952),water_works,52.0565949,-0.7113071,NODE_488168.730000_240939.210000,456.08
WTW_way_1493508764,Unnamed Facility (1493508764),water_works,52.0568914,-0.7067721,NODE_489210.030000_240406.090000,495.12
WTW_way_1493508765,Unnamed Facility (1493508765),water_works,52.0563066,-0.706944,NODE_489210.030000_240406.090000,480.43
WTW_way_1493508766,Unnamed Facility (1493508766),water_works,52.0569063,-0.7066386,NODE_489210.030000_240406.090000,487.73
WTW_way_1493508768,Unnamed Facility (1493508768),water_works,52.0565481,-0.7065622,NODE_489210.030000_240406.090000,465.84
WTW_way_1493508770,Unnamed Facility (1493508770),water_works,52.0565592,-0.7066892,NODE_489210.030000_240406.090000,474.32
WTW_way_1493508772,Unnamed Facility (1493508772),water_works,52.0564716,-0.7066528,NODE_489210.030000_240406.090000,468.26
WTW_way_1493539630,Stowe STW,wastewater_plant,52.0245285,-1.0223627,NODE_467315.970000_236753.660000,156.64
WTW_way_1494677272,Unnamed Facility (1494677272),wastewater_plant,56.3802577,-4.28032,NODE_259322.020000_723263.790000,54.14
WTW_way_1498837930,Unnamed Facility (1498837930),water_works,56.799362,-3.7955559,NODE_290581.580000_769209.610000,273.1
WTW_way_1498970488,Unnamed Facility (1498970488),water_works,57.515728,-6.5569209,NODE_127451.020000_856384.810000,230.38
WTW_way_1499738546,Unnamed Facility (1499738546),water_works,52.1569117,-0.6289533,NODE_493756.730000_251821.000000,135.09
WTW_way_1499738547,Unnamed Facility (1499738547),water_works,52.1570274,-0.6291305,NODE_493756.730000_251821.000000,125.92
WTW_way_1499738549,Unnamed Facility (1499738549),water_works,52.1574277,-0.6285641,NODE_493756.730000_251821.000000,178.12
WTW_way_1499738554,Unnamed Facility (1499738554),water_works,52.1573992,-0.6286474,NODE_493756.730000_251821.000000,171.61
WTW_way_1499738556,Unnamed Facility (1499738556),water_works,52.1568843,-0.629183,NODE_493756.730000_251821.000000,119.1
WTW_way_1499738557,Unnamed Facility (1499738557),water_works,52.1572482,-0.628589,NODE_493756.730000_251821.000000,168.73
WTW_way_1499738558,Unnamed Facility (1499738558),water_works,52.1568142,-0.6291072,NODE_493756.730000_251821.000000,123.37
WTW_way_1499738559,Unnamed Facility (1499738559),water_works,52.1570981,-0.6288322,NODE_493756.730000_251821.000000,147.7
WTW_way_1500069025,Unnamed Facility (1500069025),water_works,52.2135247,-0.5656303,NODE_498144.600000_257792.250000,434.5
WTW_way_1500069027,Unnamed Facility (1500069027),water_works,52.2133195,-0.5656927,NODE_498144.600000_257792.250000,412.2
WTW_way_1500069029,Unnamed Facility (1500069029),water_works,52.2138447,-0.5659161,NODE_498144.600000_257792.250000,471.98
WTW_way_1500069030,Unnamed Facility (1500069030),water_works,52.2136109,-0.5658785,NODE_498144.600000_257792.250000,445.86
WTW_way_1500069032,Unnamed Facility (1500069032),water_works,52.2135273,-0.5661331,NODE_498144.600000_257792.250000,439.2
WTW_way_1500069034,Unnamed Facility (1500069034),water_works,52.2132205,-0.5657717,NODE_498144.600000_257792.250000,401.86
WTW_way_1500069036,Unnamed Facility (1500069036),water_works,52.2133866,-0.5658439,NODE_498144.600000_257792.250000,420.81
WTW_way_1500162758,Unnamed Facility (1500162758),water_works,52.3084647,-0.6204752,NODE_494404.400000_269130.350000,491.04
WTW_way_1500162761,Unnamed Facility (1500162761),water_works,52.3095153,-0.6211167,NODE_494404.400000_269130.350000,427.56
WTW_way_1500162763,Unnamed Facility (1500162763),water_works,52.3089726,-0.6207277,NODE_494404.400000_269130.350000,454.77
WTW_way_1500162765,Unnamed Facility (1500162765),water_works,52.3089468,-0.6208114,NODE_494404.400000_269130.350000,460.56
WTW_way_1500162766,Unnamed Facility (1500162766),water_works,52.3086038,-0.6210031,NODE_494404.400000_269130.350000,498.76
WTW_way_1504727295,Unnamed Facility (1504727295),water_works,58.0381257,-4.3760471,NODE_260170.760000_907720.920000,403.66
WTW_way_1506282676,Dumbarton Waterworks (derelict),water_works,55.9554038,-4.5383345,NODE_241741.620000_676775.630000,293.83
WTW_way_1512217154,Unnamed Facility (1512217154),wastewater_plant,51.9312205,-0.5019185,NODE_502778.090000_226892.610000,319.69
WTW_way_1512217155,Unnamed Facility (1512217155),wastewater_plant,51.9309899,-0.5030728,NODE_502778.090000_226892.610000,240.1
WTW_way_1512217158,Unnamed Facility (1512217158),wastewater_plant,51.9313717,-0.5045213,NODE_502778.090000_226892.610000,144.12
WTW_way_1512217161,Unnamed Facility (1512217161),wastewater_plant,51.9313295,-0.5022654,NODE_502778.090000_226892.610000,296.78
WTW_way_1512217162,Unnamed Facility (1512217162),wastewater_plant,51.9310162,-0.5036091,NODE_502778.090000_226892.610000,203.14
WTW_way_1512217164,Unnamed Facility (1512217164),wastewater_plant,51.9312335,-0.5048442,NODE_502778.090000_226892.610000,119.4
WTW_way_1512217165,Unnamed Facility (1512217165),wastewater_plant,51.9312224,-0.5025975,NODE_502778.090000_226892.610000,273.09
WTW_way_1512217166,Unnamed Facility (1512217166),wastewater_plant,51.9312149,-0.5032192,NODE_502778.090000_226892.610000,230.37
WTW_way_1512293501,Unnamed Facility (1512293501),wastewater_plant,51.9316232,-0.5028302,NODE_502778.090000_226892.610000,263.72
WTW_way_1512293502,Unnamed Facility (1512293502),wastewater_plant,51.9316805,-0.502713,NODE_502778.090000_226892.610000,273.07
WTW_way_1512293503,Unnamed Facility (1512293503),wastewater_plant,51.931519,-0.5027574,NODE_502778.090000_226892.610000,266.21
WTW_way_1512293504,Unnamed Facility (1512293504),wastewater_plant,51.9314265,-0.5026031,NODE_502778.090000_226892.610000,274.99
WTW_way_1512293505,Unnamed Facility (1512293505),wastewater_plant,51.931775,-0.5026161,NODE_502778.090000_226892.610000,282.25
WTW_way_1512293506,Unnamed Facility (1512293506),wastewater_plant,51.9316939,-0.5025556,NODE_502778.090000_226892.610000,283.93
WTW_way_1512293507,Unnamed Facility (1512293507),wastewater_plant,51.9317291,-0.50291,NODE_502778.090000_226892.610000,261.42
WTW_way_1512293508,Unnamed Facility (1512293508),wastewater_plant,51.9317645,-0.5035362,NODE_502778.090000_226892.610000,221.71
WTW_way_1512293509,Unnamed Facility (1512293509),wastewater_plant,51.9317001,-0.5037996,NODE_502778.090000_226892.610000,202.24
WTW_way_1512294052,Unnamed Facility (1512294052),wastewater_plant,51.932941,-0.5029256,NODE_502778.090000_226892.610000,324.92
WTW_way_1512294053,Unnamed Facility (1512294053),wastewater_plant,51.9329765,-0.5053912,NODE_502778.090000_226892.610000,226.25
WTW_way_1512294054,Unnamed Facility (1512294054),wastewater_plant,51.9335607,-0.507043,NODE_502778.090000_226892.610000,278.41
WTW_way_1512294055,Unnamed Facility (1512294055),wastewater_plant,51.9337412,-0.5041471,NODE_502778.090000_226892.610000,339.83
WTW_way_1512294056,Unnamed Facility (1512294056),wastewater_plant,51.9325237,-0.5066389,NODE_502778.090000_226892.610000,161.17
WTW_way_1512294057,Unnamed Facility (1512294057),wastewater_plant,51.9329044,-0.50575,NODE_502778.090000_226892.610000,210.95
WTW_way_1512294058,Unnamed Facility (1512294058),wastewater_plant,51.933593,-0.5041095,NODE_502778.090000_226892.610000,326.87
WTW_way_1512294059,Unnamed Facility (1512294059),wastewater_plant,51.9336955,-0.503846,NODE_502778.090000_226892.610000,346.12
WTW_way_1512294060,Unnamed Facility (1512294060),wastewater_plant,51.9324094,-0.5065255,NODE_502778.090000_226892.610000,148.39
WTW_way_1512294061,Unnamed Facility (1512294061),wastewater_plant,51.9335531,-0.5042657,NODE_502778.090000_226892.610000,317.61
WTW_way_1512706230,Unnamed Facility (1512706230),water_works,52.0579769,-0.7118863,NODE_488168.730000_240939.210000,316.43
WTW_way_1512706231,Unnamed Facility (1512706231),water_works,52.0581868,-0.7119426,NODE_488168.730000_240939.210000,298.62
WTW_way_1512706232,Unnamed Facility (1512706232),water_works,52.0580224,-0.7118381,NODE_488168.730000_240939.210000,315.68
WTW_way_1512706233,Unnamed Facility (1512706233),water_works,52.0580123,-0.7119027,NODE_488168.730000_240939.210000,313.02
WTW_way_1512706234,Unnamed Facility (1512706234),water_works,52.0581291,-0.7118983,NODE_488168.730000_240939.210000,304.98
WTW_way_1512706235,Unnamed Facility (1512706235),water_works,52.0579858,-0.7118257,NODE_488168.730000_240939.210000,318.95
WTW_way_1513649874,Unnamed Facility (1513649874),water_works,53.5215578,-2.434616,NODE_371001.690000_402467.430000,475.47
WTW_way_1516195830,Unnamed Facility (1516195830),wastewater_plant,56.370538,-3.9641662,NODE_278542.170000_721208.000000,404.29
WTW_way_1522775873,Unnamed Facility (1522775873),wastewater_plant,55.3070908,-3.4473997,NODE_308182.110000_602715.700000,319.37
WTW_way_1526802787,Unnamed Facility (1526802787),wastewater_plant,51.2059141,0.1314048,NODE_549226.550000_147382.310000,240.48
WTW_way_1527912083,Unnamed Facility (1527912083),wastewater_plant,50.7476476,-1.7830665,NODE_415617.140000_94283.420000,218.76
WTW_way_1529488296,Unnamed Facility (1529488296),wastewater_plant,50.9882907,-0.2637939,NODE_522039.240000_122747.070000,335.59
WTW_way_1530557580,Byrness Sewage Treatment Works,wastewater_plant,55.3165013,-2.3697529,NODE_376302.390000_602473.220000,339.27
WTW_way_1530558470,Byrness Water Treatment Works,water_works,55.3190204,-2.3713448,NODE_376302.390000_602473.220000,428.29
WTW_way_1533134968,Unnamed Facility (1533134968),wastewater_plant,55.6335964,-3.1024258,NODE_330878.990000_638214.210000,220.68
WTW_way_1533356959,Unnamed Facility (1533356959),wastewater_plant,56.4535259,-3.3542083,NODE_316254.920000_730062.430000,425.99
WTW_way_1535277387,Unnamed Facility (1535277387),wastewater_plant,57.4516332,-3.1336069,NODE_332074.350000_840674.190000,42.89
WTW_way_1537464854,Unnamed Facility (1537464854),wastewater_plant,55.7460535,-3.9591081,NODE_277123.500000_651775.600000,260.62
WTW_way_1537532791,Unnamed Facility (1537532791),wastewater_plant,52.1772382,1.0155089,NODE_606046.430000_257847.400000,411.6
WTW_way_1540747203,Unnamed Facility (1540747203),water_works,57.6326481,-6.3636155,NODE_139532.390000_868957.390000,287.71
WTW_way_1540747205,Unnamed Facility (1540747205),water_works,57.6336461,-6.361459,NODE_139532.390000_868957.390000,289.13
WTW_way_1540747324,Unnamed Facility (1540747324),water_works,57.6478887,-6.3740917,NODE_139341.690000_870537.560000,252.01
WTW_way_1543093782,Unnamed Facility (1543093782),water_works,58.0381629,-4.3757758,NODE_260170.760000_907720.920000,391.33
WTW_way_1543093783,Unnamed Facility (1543093783),water_works,58.0381277,-4.3763213,NODE_260170.760000_907720.920000,418.31
WTW_way_1545526150,Unnamed Facility (1545526150),wastewater_plant,50.9657732,-0.2375919,NODE_523993.960000_119634.520000,357.01
WTW_way_1546333132,Unnamed Facility (1546333132),wastewater_plant,53.6637032,-2.6649836,NODE_356224.760000_418832.960000,84.31
WTW_way_1547733144,Funtington WTW,water_works,50.8673538,-0.8480522,NODE_480914.240000_107744.580000,491.91
